This is pdfTeX, Version 3.141592653-2.6-1.40.29 (MiKTeX 26.5) (preloaded format=latex 2026.10.2)  2 OCT 2026 20:34
entering extended mode
 restricted \write18 enabled.
 %&-line parsing enabled.
**\RequirePackage[2024/11/01]{latexrelease}\makeatletter\def\HCode{\futurelet\H
Code\HChar}\def\HChar{\ifx\HCode\def\HCode##1{\Link##1}\expandafter\HCode\else\
expandafter\Link\fi}\def\Link#1.a.b.c.{\let\HCode\documentstyle\def\documentsty
le{\let\documentstyle\HCode\expandafter\def\csname tex4ht\endcsname{#1,html}\de
f\HCode####1{\documentstyle[tex4ht,}\@ifnextchar[{\HCode}{\documentstyle[tex4ht
]}}\RequirePackage[#1,html]{tex4ht}}\makeatother\HCode thesis-web.cfg,3,sec-fil
ename,fn-in,mathjax,charset=utf-8,html5.a.b.c.\input \detokenize{thesis-web.tex
} > nul 2>&1
(C:\Users\Josh\AppData\Local\Programs\MiKTeX\tex/latex/base\latexrelease.sty
LaTeX Info: Redefining \IfTargetDateBefore on input line 292.
Package: latexrelease 2026-03-13 v1.0s LaTeX release emulation and tests (inclu
ding releases up to 2026-06-01)
Applying: [2019/10/01] Final dot for extension on input line 587.
Already applied: [0000/00/00] Final dot for extension on input line 604.
Applying: [2021/06/01] tracingstacklevels on input line 615.
Already applied: [0000/00/00] tracingstacklevels on input line 625.
Applying: [2022/06/01] Add a redirection to obeylines and obeyspaces on input l
ine 632.
Already applied: [0000/00/00] Add a redirection to obeylines and obeyspaces on 
input line 649.
Applying: [2021/06/01] \tracingstacklevels and \tracinglostchars =3 on input li
ne 666.
Already applied: [2015/01/01] etex tracing on input line 686.
Already applied: [0000/00/00] etex tracing on input line 720.
Applying: [2015/01/01] turn off etex tracing on input line 728.
Already applied: [2015/01/01] turn off etex tracing on input line 751.
Already applied: [0000/00/00] turn off etex tracing on input line 791.
Applying: [2015/01/01] hide output from tracing on input line 795.
Already applied: [0000/00/00] hide output from tracing on input line 805.
Applying: [2020/10/01] Define several kernel hooks on input line 1026.
Already applied: [0000/00/00] Define several kernel hooks on input line 1038.
Applying: [2020/10/01] Roll forward support on input line 1046.
Applying: [2020/10/01] Pre-load expl3 on input line 1054.
Skipping: expl3 code already part of the format on input line 1058.
Already applied: [2020/02/02] Pre-load expl3 on input line 1098.
Applying: [2020/10/01] expl3 macros added for the 2020-10-01 release on input l
ine 1128.
Already applied: [0000/00/00] expl3 macros added for the 2020-10-01 release on 
input line 1143.
Applying: [2022/06/01] fp and int calculations on input line 1152.
Already applied: [0000/00/00] fp and int calculations on input line 1161.
Applying: [2022/06/01] Some pre-expansion commands on input line 1169.
Already applied: [0000/00/00] Some pre-expansion commands on input line 1182.
Skipping: [2025/06/01] Test for expl3 date on input line 1188.
Applying: [0000/00/00] Test for expl3 date on input line 1194.
Skipping: [2025/06/01] Expandable input on input line 1201.
Applying: [0000/00/00] Expandable input on input line 1207.
Applying: [2020/10/01] Allow "par" in \typeout  on input line 1213.
Already applied: [0000/00/00] Allow "par" in \typeout  on input line 1220.
Applying: [2020/10/01] Make \@carcube long on input line 1225.
Already applied: [0000/00/00] Undo: Make \@carcube long on input line 1228.
Skipping: [2025/11/01] Macros without args are short on input line 1232.
Applying: [0000/00/00] Macros without args are short on input line 1240.
Skipping: [2025/11/01] Macros without args are short on input line 1249.
Applying: [0000/00/00] Macros without args are short on input line 1261.
Applying: [2022/11/01] protected edef on input line 1272.
Already applied: [00/00/00] protected edef on input line 1277.
Skipping: [2025/11/01] Macros without args are short on input line 1282.
Applying: [0000/00/00] Macros without args are short on input line 1297.
Applying: [2020/10/01] \MakeRobust  on input line 1317.
Already applied: [2019/10/01] \MakeRobust  on input line 1356.
Already applied: [2015/01/01] \MakeRobust  on input line 1383.
Already applied: [0000/00/00] \MakeRobust  on input line 1410.
Applying: [2020/10/01] Undo robustness on input line 1415.
Already applied: [0000/00/00] Undo robustness on input line 1431.
Applying: [2020-10-01] Add \robust@command@act  on input line 1444.
Already applied: [0000-00-00] Add \robust@command@act  on input line 1480.
Applying: [2020-10-01] Add \NewCommandCopy , \RenewCommandCopy , and \DeclareCo
mmandCopy  on input line 1490.
Already applied: [0000-00-00] Undefine \NewCommandCopy , \RenewCommandCopy , an
d \DeclareCommandCopy  on input line 1518.
Applying: [2023-06-01] Add \NewEnvironmentCopy , \RenewEnvironmentCopy , and \D
eclareEnvironmentCopy  on input line 1527.
Already applied: [0000-00-00] Undefine \NewEnvironmentCopy , \RenewEnvironmentC
opy , and \DeclareEnvironmentCopy  on input line 1550.
Applying: [2020-10-01] Add \ShowCommand  on input line 1556.
Already applied: [0000-00-00] Undefine \ShowCommand  on input line 1566.
Applying: [2020-10-01] Add \@if@DeclareRobustCommand , \@if@newcommand , \@copy
@DeclareRobustCommand , \@copy@newcommand , \@show@DeclareRobustCommand , \@sho
w@newcommand  on input line 1573.
Already applied: [0000-00-00] Undefine \@if@DeclareRobustCommand , \@if@newcomm
and , \@copy@DeclareRobustCommand , \@copy@newcommand , \@show@DeclareRobustCom
mand , \@show@newcommand  on input line 1670.
Applying: [2023-06-01] Add \ShowEnvironment  on input line 1682.
Already applied: [0000-00-00] Undefine \ShowEnvironment  on input line 1729.
Applying: [2018-04-01] Leave commands undefined in \@ifundefined  on input line
 1733.
Already applied: [0000-00-00] Leave commands undefined in \@ifundefined  on inp
ut line 1761.
Applying: [2020/10/01] Add \string@makeletter  on input line 1770.
Already applied: [0000/00/00] Undefine \string@makeletter  on input line 1786.
Applying: [2020/10/01] Use primitive \- in Lua\LaTeX  on input line 1791.
LaTeX Info: Redefining \- on input line 1793.
Already applied: [2017/04/15] Use \hyphenchar in \- on input line 1806.
Already applied: [0000/00/00] Use \hyphenchar in \- on input line 1817.
Applying: [2019/10/01] Make various commands robust on input line 1822.
LaTeX Info: Command `\allowbreak' is already robust on input line 1823.
LaTeX Info: Command `\bigbreak' is already robust on input line 1824.
LaTeX Info: Command `\break' is already robust on input line 1825.
LaTeX Info: Command `\dotfill' is already robust on input line 1826.
LaTeX Info: Command `\frenchspacing' is already robust on input line 1827.
LaTeX Info: Command `\goodbreak' is already robust on input line 1828.
LaTeX Info: Command `\hrulefill' is already robust on input line 1829.
LaTeX Info: Command `\medbreak' is already robust on input line 1830.
LaTeX Info: Command `\nobreak' is already robust on input line 1831.
LaTeX Info: Command `\nonfrenchspacing' is already robust on input line 1832.
LaTeX Info: Command `\obeylines' is already robust on input line 1833.
LaTeX Info: Command `\obeyspaces' is already robust on input line 1834.
LaTeX Info: Command `\slash' is already robust on input line 1835.
LaTeX Info: Command `\smallbreak' is already robust on input line 1836.
LaTeX Info: Command `\strut' is already robust on input line 1837.
LaTeX Info: Command `\underbar' is already robust on input line 1838.
Already applied: [0000/00/00] Make various commands robust on input line 1841.
BEGIN module: ltcmd (2020/10/01) on input line 1868.
              Document command parser.
Skipping module ltcmd on input line 1868.
Applying: [2024/11/01] Use space-trimmed envname directly on input line 2087.
Already applied: [2024/06/01] Use space-trimmed envname directly on input line 
2101.
Applying: [2021/11/15] Support \NewCommandCopy in ltcmd on input line 2988.
Already applied: [2020/10/01] Support \NewCommandCopy in ltcmd on input line 30
40.
Applying: [2023/06/01] Distinguish non-expandable document commands on input li
ne 3043.
Already applied: [2021/11/15] Support \NewCommandCopy in ltcmd on input line 30
58.
Already applied: [2020/10/01] Support \NewCommandCopy in ltcmd on input line 30
71.
Applying: [2021/11/15] Support \NewCommandCopy in ltcmd on input line 3086.
Already applied: [2020/10/01] Support \NewCommandCopy in ltcmd on input line 32
04.
Applying: [2021/11/15] Support \ShowCommand in ltcmd on input line 3207.
Already applied: [2020/10/01] Support \ShowCommand in ltcmd on input line 3236.

Applying: [2023/06/01] Distinguish non-expandable document commands on input li
ne 3239.
Already applied: [2021/11/15] Support \ShowCommand in ltcmd on input line 3248.

Already applied: [2020/10/01] Support \ShowCommand in ltcmd on input line 3256.

Applying: [2021/11/15] Support \ShowCommand in ltcmd on input line 3259.
Already applied: [2020/10/01] Support \ShowCommand in ltcmd on input line 3425.

Skipping: [2025/06/01] Active spaces and tabs on input line 4051.
Applying: [2020/10/01] Active spaces and tabs on input line 4064.
Skipping: [2025-06-01] Use more std catcodes on input line 4095.
Applying: [2024/06/01] Endlines as \obeyedline  on input line 4107.
Already applied: [2020/10/01] Endlines as \obeyedline  on input line 4123.
Applying: [2024/11/01] Trim spaces from envname first on input line 4995.
Already applied: [2024/06/01] Trim spaces from envname first on input line 5048
.
Applying: [2022/06/01] Testing for empty or blank on input line 5156.
Already applied: [2021/11/15] Testing for empty or blank on input line 5162.
Skipping: [0000/00/00] Document command parser on input line 5178.
END module: ltcmd (2020/10/01) on input line 5180.
BEGIN module: lthooks (2020/10/01) on input line 5188.
              The hook management system.
Skipping module lthooks on input line 5188.
Applying: [2023/06/01] Hooks with args on input line 5246.
Already applied: [2020/10/01] Hooks with args on input line 5265.
Applying: [2023/06/01] Hooks with args on input line 5281.
Already applied: [2020/10/01] Hooks with args on input line 5309.
Applying: [2023/06/01] Hooks with args on input line 5325.
Already applied: [2020/10/01] Hooks with args on input line 5337.
Applying: [2023/06/01] Hooks with args on input line 5349.
Already applied: [2020/10/01] Hooks with args on input line 5365.
Applying: [2023/06/01] Hooks with args on input line 5378.
Already applied: [2020/10/01] Hooks with args on input line 5398.
Applying: [2023/06/01] Hooks with args on input line 5408.
Already applied: [2020/10/01] Hooks with args on input line 5428.
Applying: [2021/06/01] Disable hooks on input line 5443.
Already applied: [2020/10/01] Disable hooks on input line 5461.
Applying: [2023/06/01] Providing hooks on input line 5467.
Already applied: [2021/06/01] Providing hooks on input line 5487.
Already applied: [2020/10/01] Providing hooks on input line 5505.
Applying: [2023/06/01] Hooks with args on input line 5676.
Already applied: [2020/10/01] Providing hooks on input line 5786.
Applying: [2023/06/01] Hooks with args on input line 5837.
Already applied: [2020/10/01] Hooks with args on input line 5854.
Applying: [2023/06/01] Hooks with args on input line 5864.
Already applied: [2021/11/15] Standardize generic hook names on input line 5882
.
Already applied: [2020/10/01] Standardize generic hook names on input line 5903
.
Applying: [2023/06/01] Hooks with args on input line 5937.
Already applied: [2021/11/15] Standardize generic hook names on input line 5995
.
Already applied: [2021/06/01] Support cmd hooks on input line 6025.
Already applied: [2020/10/01] Support cmd hooks on input line 6057.
Applying: [2021/11/15] Standardize generic hook names on input line 6083.
Already applied: [2020/10/01] Standardize generic hook names on input line 6086
.
Applying: [2021/11/15] Standardize generic hook names on input line 6106.
Already applied: [2020/10/01] Standardize generic hook names on input line 6109
.
Applying: [2021/11/15] Standardize generic hook names on input line 6122.
Already applied: [2020/10/01] Standardize generic hook names on input line 6140
.
Applying: [2021/11/15] Standardize generic hook names on input line 6145.
Already applied: [2020/10/01] Standardize generic hook names on input line 6148
.
Applying: [2023/06/01] Hooks with args on input line 6157.
Already applied: [2020/10/01] Hooks with args on input line 6162.
Applying: [2023/06/01] Hooks with args on input line 6165.
Already applied: [2020/10/01] Hooks with args on input line 6202.
Applying: [2023/06/01] Hooks with args on input line 6239.
Already applied: [2020/10/01] Hooks with args on input line 6289.
Applying: [2023/06/01] Hooks with args on input line 6296.
Already applied: [2020/10/01] Hooks with args on input line 6312.
Applying: [2023/06/01] Hooks with args on input line 6319.
Already applied: [2020/10/01] Hooks with args on input line 6339.
Applying: [2023/06/01] Hooks with args on input line 6343.
Already applied: [2020/10/01] Hooks with args on input line 6395.
Applying: [2023/06/01] Hooks with args on input line 6399.
Already applied: [2020/10/01] Hooks with args on input line 6415.
Applying: [2023/06/01] Hooks with args on input line 6419.
Already applied: [2020/10/01] Hooks with args on input line 6447.
Applying: [2023/06/01] Hooks with args on input line 6450.
Already applied: [2020/10/01] Hooks with args on input line 6473.
Applying: [2023/06/01] Hooks with args on input line 6477.
Already applied: [2020/10/01] Hooks with args on input line 6494.
Applying: [2023/06/01] Hooks with args on input line 6502.
Already applied: [2020/10/01] Hooks with args on input line 6506.
Applying: [2022/06/01] Refuse setting rule for one-time hooks on input line 651
5.
Already applied: [2020/10/01] Refuse setting rule for one-time hooks on input l
ine 6546.
Applying: [2023/06/01] Hooks with args on input line 6627.
Already applied: [2020/10/01] Hooks with args on input line 6653.
Applying: [2023/06/01] Hooks with args on input line 6678.
Already applied: [2020/10/01] Hooks with args on input line 6712.
Applying: [2023/06/01] Hooks with args on input line 6758.
Already applied: [2020/10/01] Hooks with args on input line 6840.
Applying: [2023/06/01] Hooks with args on input line 7047.
Already applied: [2020/10/01] Hooks with args on input line 7164.
Applying: [2023/06/01] Hooks with args on input line 7267.
Already applied: [2020/10/01] Hooks with args on input line 7272.
Applying: [2023/06/01] Hooks with args on input line 7336.
Already applied: [2020/10/01] Hooks with args on input line 7367.
Applying: [2023/06/01] Hooks with args on input line 7385.
Already applied: [2020/10/01] Hooks with args on input line 7398.
Applying: [2023/06/01] Hooks with args on input line 7416.
Already applied: [2020/10/01] Hooks with args on input line 7421.
Applying: [2023/06/01] Hooks with args on input line 7426.
Already applied: [2021/11/15] Standardize generic hook names on input line 7448
.
Already applied: [2020/10/01] Standardize generic hook names on input line 7468
.
Applying: [2023/06/01] Hooks with args on input line 7498.
Already applied: [2020/10/01] Hooks with args on input line 7516.
Applying: [2023/06/01] Hooks with args on input line 7521.
Already applied: [2020/10/01] Hooks with args on input line 7531.
Applying: [2021/11/15] Standardize generic hook names on input line 7535.
Already applied: [2020/10/01] Standardize generic hook names on input line 7538
.
Applying: [2023/06/01] Hooks with args on input line 7565.
Already applied: [2020/10/01] Hooks with args on input line 7580.
Applying: [2023/06/01] Hooks with args on input line 7591.
Already applied: [2020/10/01] Hooks with args on input line 7609.
Applying: [2023/06/01] Hooks with args on input line 7620.
Already applied: [2020/10/01] Hooks with args on input line 7632.
Applying: [2023/06/01] Hooks with args on input line 7655.
Already applied: [2020/10/01] Hooks with args on input line 7672.
Applying: [2023/06/01] Hooks with args on input line 7738.
Already applied: [2020/10/01] Hooks with args on input line 7754.
Applying: [2023/06/01] Hooks with args on input line 7811.
Already applied: [2020/10/01] Hooks with args on input line 7840.
Applying: [2023/06/01] Hooks with args on input line 7948.
Already applied: [2020/10/01] Hooks with args on input line 7957.
Applying: [2021/06/01] Providing hooks on input line 7963.
Already applied: [2020/10/01] Providing hooks on input line 7970.
Applying: [2023/06/01] Hooks with args on input line 7975.
Already applied: [2020/10/01] Hooks with args on input line 7982.
Applying: [2023/06/01] Hooks with args on input line 7986.
Already applied: [2020/10/01] Hooks with args on input line 7993.
Applying: [2023/06/01] Hooks with args on input line 8013.
Already applied: [2020/10/01] Hooks with args on input line 8020.
Skipping: [0000/00/00] The hook management on input line 8114.
END module: lthooks (2020/10/01) on input line 8142.
BEGIN module: ltcmdhooks (2021/06/01) on input line 8186.
              The hook management system for commands.
Skipping module ltcmdhooks on input line 8186.
Skipping: [2024/12/22] Don't define command on input line 8202.
Applying: [2021/11/15] Standardise generic hook names on input line 8219.
Already applied: [2021/06/01] Standardise generic hook names on input line 8230
.
Applying: [2023/06/01] cmd hooks with args on input line 8352.
Already applied: [2021/06/01] cmd hooks with args on input line 8427.
Applying: [2023/06/01] cmd hooks with args on input line 8618.
Already applied: [2021/06/01] cmd hooks with args on input line 8637.
Applying: [2023/06/01] cmd hooks with args on input line 8683.
Already applied: [2021/06/01] cmd hooks with args on input line 8708.
Applying: [2023/06/01] cmd hooks with args on input line 8712.
Already applied: [2021/06/01] cmd hooks with args on input line 8759.
Applying: [2023/06/01] Standardise generic hook names on input line 8786.
Already applied: [2021/06/01] Standardise generic hook names on input line 8789
.
Skipping: [0000/00/00] The hook management system for commands on input line 88
19.
END module: ltcmdhooks (2021/06/01) on input line 8823.
BEGIN module: ltsockets (2023/11/01) on input line 8829.
              The socket management system.
Skipping module ltsockets on input line 8829.
Skipping: [0000/00/00] The socket management (undo) on input line 9036.
END module: ltsockets (2023/11/01) on input line 9059.
BEGIN module: lttemplates (2024/06/01) on input line 9065.
              Prototype document commands.
Skipping module lttemplates on input line 9065.
Skipping: [0000/00/00] Prototype document commands on input line 10338.
END module: lttemplates (2024/06/01) on input line 10340.
Applying: [2021/11/15] Notes for classes/packages on input line 10346.
Already applied: [0000/00/00] Notes for classes/packages on input line 10365.
Applying: [2021/11/15] Display notes on input line 10369.
Already applied: [0000/00/00] Display notes on input line 10381.
BEGIN module: ltpara (2021/06/01) on input line 10395.
              Paragraph handling and hooks.
Skipping module ltpara on input line 10395.
Applying: [2023/06/01] minipage fix on input line 10403.
Already applied: [2021/06/01] minipage fix on input line 10435.
Skipping: [0000/00/00] Undo hooks for paragraphs on input line 10558.
END module: ltpara (2021/06/01) on input line 10573.
BEGIN module: ltmeta (2022/06/01) on input line 10581.
              Document Metadata handling.
Skipping module ltmeta on input line 10581.
Skipping: [2026/06/01] Record target name for tagging support on input line 106
37.
Applying: [2024/11/01] Record target name for tagging support on input line 107
15.
Already applied: [2022/06/01] Record target name for tagging support on input l
ine 10739.
Skipping: [0000/00/00] Undo Document Metadata handling on input line 10754.
END module: ltmeta (2022/06/01) on input line 10758.
Applying: [2019/10/01] Make commands robust on input line 10762.
LaTeX Info: Redefining \pagebreak on input line 10763.
LaTeX Info: Redefining \nopagebreak on input line 10764.
LaTeX Info: Redefining \linebreak on input line 10765.
LaTeX Info: Redefining \nolinebreak on input line 10766.
LaTeX Info: Redefining \samepage on input line 10767.
Already applied: [0000/00/00] Make commands robust on input line 10778.
Applying: [2020/02/02] Make robust on input line 10788.
Already applied: [0000/00/00] Make robust on input line 10798.
Applying: [2020/10/01] Add calc support on input line 10811.
Already applied: [0000/00/00] Add calc support on input line 10815.
Applying: [2020/10/01] \newline calc support on input line 10820.
Already applied: [0000/00/00] \newline calc support on input line 10825.
Skipping: [2026/06/01] chained space hacks on input line 10831.
Applying: [2018/10/10] hyphenation and nobreak after space hack on input line 1
0851.
Already applied: [2015/10/01] hyphenation and nobreak after space hack on input
 line 10870.
Already applied: [2015/01/01] hyphenation and nobreak after space hack on input
 line 10884.
Already applied: [0000/00/00] hyphenation and nobreak after space hack on input
 line 10896.
Applying: [2015/01/01] hyphenation after space hack on input line 10907.
Already applied: [0000/00/00] hyphenation after space hack on input line 10920.

Applying: [2024/11/01] drop unnecessary no-item error on input line 10932.
Already applied: [2020/10/01] \addvspace calc support on input line 10946.
Already applied: [0000/00/00] \addvspace calc support on input line 10962.
Applying: [2024/11/01] \addpenalty drop error on input line 10979.
Already applied: [2015/01/01] \addpenalty  on input line 11011.
Already applied: [0000/00/00] \addpenalty  on input line 11045.
Applying: [2020/10/01] Support calc in \vspace  on input line 11067.
Already applied: [0000/00/00] Support calc in \vspace  on input line 11099.
Applying: [2023/11/01] Protected tilde on input line 11132.
Already applied: [0000/00/00] Protected tilde on input line 11141.
Applying: [2023/11/01] Obeyed tabs on input line 11145.
Already applied: [0000/00/00] Obeyed tabs on input line 11149.
Applying: [2015/01/01] Space after \@  on input line 11153.
Already applied: [0000/00/00] Space after \@  on input line 11157.
Applying: [2020/10/01] Support calc with \hspace  on input line 11161.
Already applied: [0000/00/00] Support calc with \hspace  on input line 11166.
Applying: [2018/12/01] Start LR-mode on input line 11172.
LaTeX Info: Redefining \enspace on input line 11173.
Already applied: [0000/00/00] Start LR-mode on input line 11177.
Applying: [2020/10/01] Added hook to load l3backend code on input line 11186.
Already applied: [2017/04/15] Save language for hyphenation on input line 11257
.
Already applied: [0000/00/00] Save language for hyphenation on input line 11315
.
Skipping: [2025/06/01] Allow for immediate write on input line 11369.
Applying: [0000/00/00] Allow for immediate write on input line 11381.
Applying: [2020/10/01] Spaces in file names on input line 11394.
Already applied: [2019/10/01] Spaces in file names on input line 11430.
Already applied: [0000/00/00] Spaces in file names on input line 11451.
Applying: [2022/06/01] Spaces in file names and hooks on input line 11463.
Already applied: [2020/10/01] Spaces in file names and hooks on input line 1151
5.
Already applied: [0000/00/00] Spaces in file names and hooks on input line 1156
4.
Applying: [2019/10/01] Quote file names on input line 11597.
LaTeX Info: Redefining \IfFileExists on input line 11601.
Already applied: [0000/00/00] Quote file names on input line 11606.
Applying: [2023/06/01] IfFileExists on input line 11629.
Already applied: [2021/06/01] IfFileExists on input line 11660.
Already applied: [2019/10/01] IfFileExists on input line 11682.
Already applied: [0000/00/00] IfFileExists on input line 11700.
Applying: [2019/10/01] Quote file names on input line 11707.
Already applied: [0000/00/00] Quote file names on input line 11722.
Applying: [2019/10/01] Don't lose the file name on input line 11739.
Already applied: [0000/00/00] Don't lose the file name on input line 11743.
Applying: [2020/10/01] Change in file error handling on input line 11747.
Already applied: [2019/10/01] Quote file names on input line 11760.
Already applied: [0000/00/00] Quote file names on input line 11771.
Applying: [2020/10/01] Do not load missing file immediately on input line 11781
.
Already applied: [0000/00/00] Do not load missing file immediately on input lin
e 11813.
Applying: [2017/04/15] test for undeclared accent on input line 11841.
Already applied: [0000/00/00] test for undeclared accent on input line 11866.
Applying: [2019/10/01] Make commands robust on input line 11886.
LaTeX Info: Redefining \UseTextAccent on input line 11887.
LaTeX Info: Redefining \UseTextSymbol on input line 11895.
Already applied: [0000/00/00] Make commands robust on input line 11906.
Applying: [2015/10/01] comma accent on input line 11912.
LaTeX Encoding Info:    Redeclaring text command \textcommabelow (encoding ?) o
n input line 11913.
Already applied: [0000/00/00] comma accent on input line 11918.
Applying: [2016/02/01] comma above on input line 11939.
LaTeX Encoding Info:    Redeclaring text command \textcommaabove (encoding ?) o
n input line 11940.
Already applied: [0000/00/00] comma above on input line 11953.
Applying: [2015/01/01] Reset nested counters on input line 11963.
Already applied: [0000/00/00] Reset nested counters on input line 11967.
Skipping: [2026/06/01] add aliascounter on input line 11971.
Applying: [2024/11/01] provide theHfoo commands on input line 11992.
Already applied: [0000/00/00] provide theHfoo commands on input line 12011.
Skipping: [2026/06/01] support alias counter on input line 12028.
Applying: [2024/11/01] provide theHfoo commands on input line 12042.
Already applied: [0000/00/00] provide theHfoo commands on input line 12050.
Already applied: [2026/06/01] support alias counter on input line 12054.
Applying: [2018-04-01] Add interfaces on input line 12075.
Already applied: [0000-00-00] Add interfaces on input line 12099.
Skipping: [2025/06/01] counter within on input line 12104.
Applying: [2021/11/15] counter within on input line 12117.
Already applied: [2018-04-01] counter within on input line 12131.
Already applied: [0000-00-00] counter within on input line 12147.
Skipping: [2025/06/01] counter without on input line 12153.
Applying: [2021/11/15] counter without on input line 12164.
Already applied: [2018-04-01] counter without on input line 12175.
Already applied: [0000-00-00] counter without on input line 12190.
Applying: [2015/01/01] Use \TextOrMath  on input line 12195.
Already applied: [0000/00/00] Use \TextOrMath  on input line 12209.
Applying: [2015/01/01] \TextOrMath  on input line 12215.
Already applied: [0000/00/00] \TextOrMath  on input line 12231.
Applying: [2015/01/01] Using \setlength with \dimen 0 on input line 12236.
Already applied: [0000/00/00] Using \setlength with \dimen 0 on input line 1224
0.
Applying: [2024/11/01] suspend tagging on input line 12244.
Already applied: [0000/00/00] suspend tagging on input line 12250.
Applying: [2020/02/02] Maybe drop one m on input line 12257.
Already applied: [0000/00/00] Maybe drop one m on input line 12284.
Skipping: [2025/06/01] preload .fd file on input line 12305.
Applying: [0000/00/00] preload .fd file on input line 12326.
Applying: [2015/01/01] Arbitrary units in \DeclareMathSizes  on input line 1234
5.
Already applied: [0000/00/00] Arbitrary units in \DeclareMathSizes  on input li
ne 12365.
Applying: [2021/06/01] Force font face on input line 12382.
LaTeX Info: Redefining \usefont on input line 12383.
Already applied: [2020/02/02] Drop m in usefont on input line 12392.
Already applied: [0000/00/00] Drop m in usefont on input line 12402.
Applying: [2021/11/15] Handle spaces after math on input line 12412.
Already applied: [2020/10/01] Handle spaces after math on input line 12426.
Applying: [2020/02/02] Loading .fd files on input line 12435.
Already applied: [0000/00/00] Loading .fd files on input line 12445.
Applying: [2020/02/02] Provide family substitution on input line 12450.
Already applied: [0000/00/00] Provide family substitution on input line 12481.
Applying: [2019/10/01] No side effects please on input line 12486.
Already applied: [0000/00/00] No side effects please on input line 12498.
Applying: [2015/01/01] Font substitution in preamble on input line 12516.
Already applied: [0000/00/00] Font substitution in preamble on input line 12550
.
Applying: [2017/01/01] XeTeX support for \showhyphens  on input line 12583.
LaTeX Info: Redefining \showhyphens on input line 12585.
Already applied: [0000/00/00] XeTeX support for \showhyphens  on input line 126
45.
Skipping: [2025/06/01] Series change rules on input line 12660.
Applying: [2020/02/02] Series change rules on input line 14088.
Already applied: [0000/00/00] Series change rules on input line 15429.
Applying: [2021/06/01] delay fontseries update on input line 15435.
LaTeX Info: Redefining \fontseries on input line 15436.
LaTeX Info: Redefining \fontseriesforce on input line 15440.
Already applied: [2020/02/02] delay fontseries update on input line 15446.
Already applied: [0000/00/00] delay fontseries update on input line 15458.
Applying: [2020/02/02] Merge series values on input line 15465.
Already applied: [0000/00/00] Merge series values on input line 15544.
Applying: [2020/02/02] Font shape change rules on input line 15560.
LaTeX Info: Redefining \ulcshape on input line 15563.
LaTeX Info: Redefining \swshape on input line 15568.
LaTeX Info: Redefining \sscshape on input line 15573.
Already applied: [0000/00/00] Font shape change rules on input line 15580.
Skipping: [2025/06/01] Rules for ssc and sw on input line 15592.
Applying: [2020/02/02] Rules for ssc and sw on input line 15669.
Already applied: [0000/00/00] Rules for ssc and sw on input line 15750.
Applying: [2021/06/01] Font shape change on input line 15754.
LaTeX Info: Redefining \fontshape on input line 15755.
LaTeX Info: Redefining \fontshapeforce on input line 15758.
Already applied: [2020/02/02] Font shape change on input line 15763.
Already applied: [0000/00/00] Font shape change on input line 15770.
Applying: [2020/02/02] Font shape change rules on input line 15778.
Already applied: [0000/00/00] Font shape change rules on input line 15851.
Applying: [2020/10/01] NFSS series init on input line 15869.
Already applied: [2020/02/02] NFSS series init on input line 15874.
Already applied: [0000/00/00] NFSS series init on input line 15878.
Applying: [2021/06/01] Add hook to \selectfont  on input line 15885.
LaTeX Info: Redefining \selectfont on input line 15886.
Already applied: [0000/00/00] Add hook to \selectfont  on input line 15920.
Applying: [2020/02/02] alias size function on input line 15936.
Already applied: [0000/00/00] alias size function on input line 15944.
Applying: [2015/01/01] \select@group  on input line 15953.
Already applied: [0000/00/00] \select@group  on input line 15980.
Applying: [2021/11/15] \document@select@group  on input line 16008.
Already applied: [2020/10/01] \document@select@group  on input line 16048.
Already applied: [2015/01/01] \document@select@group  on input line 16078.
Already applied: [0000/00/00] \document@select@group  on input line 16109.
Applying: [2022/11/01] freeze math version on input line 16140.
Already applied: [2021/11/15] freeze math version on input line 16186.
Skipping: [2025/11/01] Support metafamily on input line 16229.
Applying: [0000/00/00] Support metafamily on input line 16277.
Applying: [2022/11/01] local alphabets on input line 16324.
Already applied: [2021/11/15] local alphabets on input line 16336.
Already applied: [0000/00/00] local alphabets on input line 16342.
Applying: [2022/11/01] maybe drop m on input line 16347.
Already applied: [0000/00/00] maybe drop m on input line 16394.
Applying: [2022/11/01] maybe drop m on input line 16401.
Already applied: [0000/00/00] maybe drop m on input line 16425.
Applying: [2019/10/01] Make math accents robust on input line 16432.
Already applied: [0000/00/00] Make math accents robust on input line 16479.
Applying: [2019/10/01] makemath accents robust on input line 16521.
Already applied: [0000/00/00] makemath accents robust on input line 16529.
Applying: [2019/10/01] make delimiters robust on input line 16536.
Already applied: [0000/00/00] make delimiters robust on input line 16545.
Applying: [2021/11/15] Custom series on input line 16556.
Already applied: [2020/02/02] Custom series on input line 16591.
Already applied: [0000/00/00] Custom series on input line 16624.
Applying: [2020/02/02] Custom series on input line 16646.
Already applied: [0000/00/00] Custom series on input line 16659.
Skipping: [2025/11/01] Support meta family on input line 16672.
Applying: [2020/02/02] Custom series on input line 16728.
Already applied: [0000/00/00] Custom series on input line 16781.
Applying: [2020/02/02] Custom series on input line 16789.
Already applied: [0000/00/00] Custom series on input line 16812.
Applying: [2021/11/15] Custom series with hooks on input line 16819.
LaTeX Info: Redefining \bfseries on input line 16821.
LaTeX Info: Redefining \mdseries on input line 16846.
Already applied: [2020/10/01] Custom series with hooks on input line 16872.
Already applied: [2020/02/02] Custom series with hooks on input line 16919.
Already applied: [0000/00/00] Custom series with hooks on input line 16948.
Applying: [2020/10/01] Custom series with hooks on input line 16959.
LaTeX Info: Redefining \rmfamily on input line 16970.
LaTeX Info: Redefining \sffamily on input line 16975.
LaTeX Info: Redefining \ttfamily on input line 16980.
Already applied: [2020/02/02] Custom series with hooks on input line 17000.
Already applied: [0000/00/00] Custom series with hooks on input line 17034.
Applying: [2020/10/01] Font series context on input line 17060.
LaTeX Info: Redefining \IfFontSeriesContextTF on input line 17061.
Already applied: [0000/00/00] Font series context on input line 17095.
Applying: [2020/02/02] Nested emph on input line 17106.
LaTeX Info: Redefining \emreset on input line 17111.
LaTeX Info: Redefining \em on input line 17112.
Already applied: [2015/01/01] Nested emph on input line 17139.
Already applied: [0000/00/00] Nested emph on input line 17152.
Applying: [2020/10/01] XeTeX change for math on input line 17159.
LaTeX Info: Redefining \symbol on input line 17163.
Already applied: [0000/00/00] XeTeX change for math on input line 17167.
Skipping: [2025/11/01] Support meta family on input line 17173.
Applying: [2021/06/01] Cancel delayed actions on input line 17202.
LaTeX Info: Redefining \normalfont on input line 17204.
Already applied: [2020/10/01] Add hook to \normalfont  on input line 17218.
Already applied: [2020/02/02] Add hook to \normalfont  on input line 17234.
Already applied: [0000/00/00] Add hook to \normalfont  on input line 17251.
Skipping: [2025/11/01] Set meta family on input line 17265.
Applying: [0000/00/00] Set meta family on input line 17270.
LaTeX Info: Redefining \fontfamily on input line 17272.
Applying: [2017/01/01] TU encoding default on input line 17276.
Already applied: [0000/00/00] TU encoding default on input line 17294.
Applying: [2020/02/02] font defaults change on input line 17304.
Already applied: [0000/00/00] font defaults change on input line 17312.
Applying: [2018/12/01] Start LR-mode on input line 17321.
LaTeX Info: Redefining \big on input line 17322.
LaTeX Info: Redefining \Big on input line 17324.
LaTeX Info: Redefining \bigg on input line 17326.
LaTeX Info: Redefining \Bigg on input line 17328.
Already applied: [0000/00/00] Start LR-mode on input line 17332.
Applying: [2020/02/02] Additional text commands on input line 17341.
LaTeX Info: Redefining \textulc on input line 17342.
LaTeX Info: Redefining \textsw on input line 17343.
LaTeX Info: Redefining \textssc on input line 17344.
Already applied: [0000/00/00] Additional text commands on input line 17347.
BEGIN module: lttextcomp (2020/02/02) on input line 17355.
              Text Companion symbols.
Skipping module lttextcomp on input line 17355.
Skipping: [0000/00/00] Undefine text companion symbols on input line 17913.
END module: lttextcomp (2020/02/02) on input line 18114.
Applying: [2023/06/01] store five arguments on input line 18119.
Already applied: [2022/06/01] store five arguments on input line 18136.
Already applied: [0000/00/00] store five arguments on input line 18153.
Applying: [2022/06/01] Add starred reference commands on input line 18169.
Already applied: [0000/00/00] Add starred reference commands on input line 1818
2.
Skipping: [2026/06/01] disable commands while writing on input line 18189.
Applying: [2023/06/01] store five label arguments on input line 18203.
Already applied: [0000/00/00] store five label arguments on input line 18218.
Applying: [2024/11/01] set theHcounter representation on input line 18225.
Already applied: [2022/06/01] set theHcounter representation on input line 1825
7.
Already applied: [2020/10/01] Add starred version on input line 18267.
Already applied: [2019/10/01] Support for \labelformat  on input line 18276.
Already applied: [0000/00/00] Original from 2.09 on input line 18284.
Applying: [2022/06/01] Add starred version on input line 18291.
Already applied: [2020/10/01] Add starred version on input line 18301.
Already applied: [2019/10/01] Add \labelformat and \Ref  on input line 18307.
Already applied: [0000/00/00] Add \labelformat and \Ref  on input line 18313.
BEGIN module: ltproperties (2023/11/01) on input line 18322.
              Cross-referencing properties.
Skipping module ltproperties on input line 18322.
Skipping: [0000/00/00] cross-referencing properties (undo) on input line 18605.

END module: ltproperties (2023/11/01) on input line 18620.
Applying: [2023/11/01] check property labels on input line 18624.
Already applied: [2020/10/01] Use Hooks on input line 18691.
Already applied: [0000/00/00] Use Hooks on input line 18755.
Applying: [2021/06/01] kernel before hook on input line 18794.
Already applied: [0000/00/00] kernel before hook on input line 18798.
Applying: [2018/12/01] Mask line endings on input line 18804.
Already applied: [0000/00/00] Mask line endings on input line 18830.
Applying: [2020/10/01] Use hook system on input line 18843.
Already applied: [2019/10/01] Making \begin /\end robust on input line 18864.
Already applied: [0000/00/00] Making \begin /\end robust on input line 18875.
Applying: [2019/10/01] Making \begin /\end robust on input line 18889.
Already applied: [0000/00/00] Making \begin /\end robust on input line 18910.
Applying: [2024/11/01] New @endpe handling on input line 18918.
Already applied: [2020/10/01] Use hook system on input line 18931.
Already applied: [2019/10/01] Making \begin /\end robust on input line 18945.
Already applied: [0000/00/00] Making \begin /\end robust on input line 18953.
Applying: [2020/10/01] Hooks for environments on input line 18958.
Already applied: [0000/00/00] Hooks for environments on input line 18965.
Applying: [2020/02/02] Make robust on input line 18974.
Already applied: [0000/00/00] Make robust on input line 18979.
Applying: [2020/10/01] centering, etc support calc on input line 18986.
Already applied: [0000/00/00] centering, etc support calc on input line 18990.
Applying: [2020/10/01] Set finaldhypendemerits on input line 18995.
LaTeX Info: Redefining \centering on input line 18996.
LaTeX Info: Redefining \raggedright on input line 19001.
LaTeX Info: Redefining \raggedleft on input line 19006.
Already applied: [2019/10/01] Make commands robust on input line 19013.
Already applied: [0000/00/00] Make commands robust on input line 19030.
Applying: [2023/11/01] Obeyed tabs on input line 19038.
Already applied: [0000/00/00] Obeyed tabs on input line 19047.
Applying: [2017-04-15] Disable hyphenation in verbatim on input line 19053.
Already applied: [0000-00-00] Disable hyphenation in verbatim on input line 190
74.
Applying: [2018/12/01] Setup visible space for \verb  on input line 19095.
LaTeX Info: Redefining \asciispace on input line 19096.
Already applied: [0000/00/00] Setup visible space for \verb  on input line 1911
0.
Applying: [2023/11/01] Setup visible tab for \verb  on input line 19120.
Already applied: [2018/12/01] Setup visible space for \verb  on input line 1913
3.
Already applied: [0000/00/00] Setup visible space for \verb  on input line 1914
5.
Applying: [2023/11/01] Setup visible tab for \verb  on input line 19149.
Already applied: [0000/00/00] Setup visible tab for \verb  on input line 19153.

Applying: [2023/11/01] Support visible tabs on input line 19157.
Already applied: [2020/10/01] Drop spaces before \verb delimiter on input line 
19174.
Already applied: [2018/12/01] Setup visible space for \verb  on input line 1918
7.
Already applied: [0000/00/00] Setup visible space for \verb  on input line 1920
3.
Applying: [2017-04-15] Disable hyphenation in verb on input line 19214.
Already applied: [0000-00-00] Disable hyphenation in verb on input line 19223.
Applying: [2019/10/01] Make commands robust on input line 19232.
LaTeX Info: Redefining \vphantom on input line 19233.
LaTeX Info: Redefining \hphantom on input line 19234.
LaTeX Info: Redefining \phantom on input line 19235.
LaTeX Info: Redefining \mathstrut on input line 19236.
Already applied: [0000/00/00] Make commands robust on input line 19239.
Applying: [2018/12/01] Start LR-mode on input line 19248.
Already applied: [0000/00/00] Start LR-mode on input line 19256.
Applying: [2022/11/01] Guard against reboxing on input line 19263.
Already applied: [0000/00/00] Guard against reboxing on input line 19269.
Applying: [2018/12/01] Start LR-mode on input line 19274.
Already applied: [0000/00/00] Start LR-mode on input line 19278.
Applying: [2019/10/01] Make commands robust on input line 19282.
LaTeX Info: Redefining \cases on input line 19283.
LaTeX Info: Redefining \matrix on input line 19285.
LaTeX Info: Redefining \pmatrix on input line 19289.
Already applied: [0000/00/00] Make commands robust on input line 19292.
Applying: [2020/10/01] amsmath spacing commands on input line 19300.
LaTeX Info: Redefining \tmspace on input line 19301.
LaTeX Info: Redefining \, on input line 19303.
LaTeX Info: Redefining \! on input line 19305.
LaTeX Info: Redefining \: on input line 19307.
LaTeX Info: Redefining \negmedspace on input line 19310.
LaTeX Info: Redefining \; on input line 19311.
LaTeX Info: Redefining \negthickspace on input line 19313.
Already applied: [0000/00/00] amsmath spacing commands on input line 19316.
Applying: [2015/01/01] Make \( robust on input line 19332.
LaTeX Info: Redefining \( on input line 19333.
LaTeX Info: Redefining \) on input line 19335.
Already applied: [0000/00/00] Make \( robust on input line 19338.
Skipping: [2025/06/01] Start and end display math on input line 19347.
Applying: [0000/00/00] Start and end display math on input line 19352.
Applying: [2015/01/01] Make \[ robust on input line 19357.
LaTeX Info: Redefining \[ on input line 19358.
LaTeX Info: Redefining \] on input line 19370.
Already applied: [2015/01/01] Make \[ robust on input line 19383.
Already applied: [0000/00/00] Make \[ robust on input line 19408.
Skipping: [2025/06/01] Tagging support on input line 19436.
Applying: [0000/00/00] Tagging support on input line 19442.
Skipping: [2025/06/01] Support for tagging on input line 19448.
Applying: [0000/00/00] Support for tagging on input line 19475.
Applying: [2020/10/01] eqnarray support calc syntax on input line 19503.
Already applied: [0000/00/00] eqnarray support calc syntax on input line 19511.

Applying: [2023/06/01] add ignorespaces to eqno on input line 19520.
Already applied: [0000/00/00] add ignorespaces to eqno on input line 19527.
Applying: [2024/11/01] New @endpe handling on input line 19533.
Already applied: [0000/00/00] New @endpe handling on input line 19551.
Applying: [2015/01/01] Make \makebox robust on input line 19560.
LaTeX Info: Redefining \makebox on input line 19561.
Already applied: [0000/00/00] Make \makebox robust on input line 19568.
Applying: [2023/11/01] Unknown alignment warning on input line 19577.
Already applied: [0000/00/00] Unknown alignment warning on input line 19591.
Applying: [2020/10/01] default units on input line 19599.
Already applied: [0000/00/00] default units on input line 19618.
Applying: [2021/06/01] color group settings on input line 19635.
Already applied: [0000/00/00] color group settings on input line 19644.
Skipping: [2026/06/01] color group settings on input line 19655.
Applying: [2024/11/01] color group settings on input line 19660.
Already applied: [2021/06/01] color group settings on input line 19665.
Already applied: [0000/00/00] color group settings on input line 19670.
Applying: [2015/01/01] Make \savebox robust on input line 19676.
LaTeX Info: Redefining \savebox on input line 19677.
Already applied: [0000/00/00] Make \savebox robust on input line 19682.
Applying: [2015/01/01] Make \framebox robust on input line 19689.
LaTeX Info: Redefining \framebox on input line 19690.
Already applied: [0000/00/00] Make \framebox robust on input line 19695.
Applying: [2023/11/01] Unknown alignment warning on input line 19702.
Already applied: [0000/00/00] Unknown alignment warning on input line 19720.
Applying: [2015/01/01] Make \parbox robust on input line 19731.
LaTeX Info: Redefining \parbox on input line 19732.
Already applied: [0000/00/00] Make \parbox robust on input line 19738.
Skipping: [2026/06/01] Use real text vcenter on input line 19746.
Applying: [0000/00/00] Use real text vcenter on input line 19770.
Skipping: [2026/06/01] Use real text vcenter on input line 19777.
Applying: [2023/11/01] Use real text vcenter on input line 19800.
Already applied: [0000/00/00] Use real text vcenter on input line 19826.
Applying: [2017-04-15] reset \lineskiplimit  on input line 19848.
Already applied: [0000-00-00] reset \lineskiplimit  on input line 19868.
Applying: [2021/11/15] footnotetext tagging on input line 19885.
Already applied: [2021/06/01] footnotetext tagging on input line 19902.
Already applied: [0000/00/00] footnotetext tagging on input line 19918.
Applying: [2015/01/01] Make \rule robust on input line 19935.
LaTeX Info: Redefining \rule on input line 19936.
Already applied: [0000/00/00] Make \rule robust on input line 19939.
Applying: [2015/01/01] Make \raisebox robust on input line 19944.
LaTeX Info: Redefining \raisebox on input line 19945.
Already applied: [0000/00/00] Make \raisebox robust on input line 19950.
Applying: [2024/06/01] final strut correction on input line 19957.
Already applied: [0000/00/00] final strut correction on input line 19967.
Applying: [2020/10/01] Tabbing calc syntax on input line 19975.
Already applied: [0000/00/00] Tabbing calc syntax on input line 19979.
Applying: [2019/10/01] Make commands robust on input line 19984.
LaTeX Info: Redefining \pushtabs on input line 19985.
LaTeX Info: Redefining \poptabs on input line 19988.
LaTeX Info: Redefining \kill on input line 20000.
Already applied: [0000/00/00] Make commands robust on input line 20003.
Skipping: [2026/06/01] Use real text vcenter on input line 20011.
Applying: [0000/00/00] Use real text vcenter on input line 20017.
Skipping: [2026/06/01] Use real text vcenter on input line 20023.
Applying: [0000/00/00] Use real text vcenter on input line 20027.
Skipping: [2026/06/01] Use real text vcenter on input line 20031.
Applying: [0000/00/00] Use real text vcenter on input line 20037.
Skipping: [2026/06/01] Use real text vcenter on input line 20043.
Applying: [0000/00/00] Use real text vcenter on input line 20047.
Skipping: [2026/06/01] Use real text vcenter on input line 20051.
Applying: [0000/00/00] Use real text vcenter on input line 20073.
Applying: [2020/10/01] tabular support calc syntax on input line 20095.
Already applied: [0000/00/00] tabular support calc syntax on input line 20099.
Applying: [2020/10/01] default units on input line 20105.
Already applied: [0000/00/00] default units on input line 20110.
Skipping: [2026/06/01] optional arg on input line 20114.
Applying: [0000/00/00] optional arg on input line 20118.
Applying: [2020/10/01] default units on input line 20122.
Already applied: [0000/00/00] default units on input line 20134.
Applying: [2020/10/01] default units on input line 20143.
Already applied: [0000/00/00] default units on input line 20156.
Applying: [2020/10/01] default units on input line 20164.
Already applied: [0000/00/00] default units on input line 20172.
Applying: [2020/10/01] default units on input line 20180.
Already applied: [0000/00/00] default units on input line 20191.
Applying: [2020/10/01] \shortstack calc support on input line 20201.
Already applied: [0000/00/00] \shortstack calc support on input line 20205.
Applying: [2020/10/01] default units on input line 20210.
Already applied: [0000/00/00] default units on input line 20221.
Applying: [2020/10/01] default units on input line 20232.
Already applied: [0000/00/00] default units on input line 20246.
Applying: [2020/10/01] default units on input line 20260.
Already applied: [0000/00/00] default units on input line 20317.
Applying: [2016/03/31] Avoid almost zero length leaders on input line 20375.
Already applied: [0000/00/00] Avoid almost zero length leaders on input line 20
381.
Applying: [2020/10/01] default units on input line 20386.
Already applied: [2016/03/31] default units on input line 20413.
Already applied: [0000/00/00] default units on input line 20443.
Applying: [2016/03/31] Avoid almost zero length leaders on input line 20468.
Already applied: [0000/00/00] Avoid almost zero length leaders on input line 20
480.
Applying: [2016/03/31] Avoid almost zero length leaders on input line 20491.
Already applied: [0000/00/00] Avoid almost zero length leaders on input line 20
500.
Applying: [2020/10/01] default units on input line 20508.
Already applied: [0000/00/00] default units on input line 20524.
Applying: [2020/10/01] default units on input line 20541.
Already applied: [0000/00/00] default units on input line 20547.
Applying: [2020/10/01] default units on input line 20551.
Already applied: [0000/00/00] default units on input line 20610.
Applying: [2019/10/01] Make commands robust on input line 20665.
LaTeX Info: Command `\bezier' is already robust on input line 20666.
LaTeX Info: Command `\circle' is already robust on input line 20667.
LaTeX Info: Command `\linethickness' is already robust on input line 20670.
LaTeX Info: Command `\oval' is already robust on input line 20672.
LaTeX Info: Command `\qbezier' is already robust on input line 20674.
LaTeX Info: Command `\shortstack' is already robust on input line 20675.
LaTeX Info: Command `\thinlines' is already robust on input line 20676.
Already applied: [0000/00/00] Make commands robust on input line 20680.
Skipping: [2026/06/01] use alias counter on input line 20698.
Applying: [0000/00/00] use alias counter on input line 20707.
Applying: [2024/03/18] no link target on input line 20716.
Already applied: [0000/00/00] no link target on input line 20722.
Applying: [2024/03/18] add link targets on input line 20728.
Already applied: [0000/00/00] add link targets on input line 20735.
Applying: [2019/10/01] Make commands robust on input line 20743.
LaTeX Info: Redefining \title on input line 20744.
LaTeX Info: Redefining \author on input line 20745.
LaTeX Info: Redefining \date on input line 20746.
LaTeX Info: Redefining \thanks on input line 20747.
LaTeX Info: Redefining \and on input line 20751.
Already applied: [0000/00/00] Make commands robust on input line 20757.
Applying: [2020/10/01] fourth argument on input line 20767.
Already applied: [2018/12/01] Mask line endings on input line 20773.
Already applied: [0000/00/00] Mask line endings on input line 20779.
Skipping: [2025/06/01] Extended index/label on input line 20784.
Applying: [0000/00/00] Extended index/label on input line 20797.
Applying: [2021/11/15] Four arguments on input line 20809.
Already applied: [0000/00/00] Four arguments on input line 20815.
Applying: [2018/12/01] Prevent protrusion on input line 20821.
LaTeX Info: Redefining \noprotrusion on input line 20841.
Already applied: [0000/00/00] Prevent protrusion on input line 20844.
Applying: [2015/01/01] Check float options on input line 20867.
Already applied: [0000/00/00] Check float options on input line 20935.
Applying: [2015/01/01] float order in 2-column on input line 21003.
Already applied: [0000/00/00] float order in 2-column on input line 21027.
Applying: [2015/01/01] float order in 2-column on input line 21042.
Already applied: [0000/00/00] float order in 2-column on input line 21054.
Applying: [2021/06/01] Explicit par for marginpar on input line 21067.
Already applied: [0000/00/00] Explicit par for marginpar on input line 21083.
Skipping: [2026/06/01] real text superscript on input line 21100.
Applying: [2020/10/01] real text superscript on input line 21131.
Already applied: [0000/00/00] real text superscript on input line 21136.
Applying: [2015/01/01] \textsubscript  on input line 21142.
LaTeX Info: Redefining \textsubscript on input line 21143.
Already applied: [0000/00/00] \textsubscript  on input line 21147.
Skipping: [2026/06/01] real text subscript on input line 21151.
Applying: [2020/10/01] real text subscript on input line 21182.
Already applied: [2015/01/01] real text subscript on input line 21187.
Already applied: [0000/00/00] real text subscript on input line 21193.
Applying: [2021/11/15] footnotetext tagging on input line 21197.
Already applied: [2021/06/01] footnotetext tagging on input line 21215.
Already applied: [0000/00/00] footnotetext tagging on input line 21232.
Applying: [2021/06/01] Add footref on input line 21250.
Already applied: [0000/00/00] Add footref on input line 21259.
Applying: [2022/06/01] check for blank on input line 21267.
LaTeX Info: Redefining \cite on input line 21268.
Already applied: [0000/00/00] check for blank on input line 21277.
Applying: [2021/06/01] Allow nocite in preamble on input line 21285.
Already applied: [0000/00/00] Allow nocite in preamble on input line 21299.
BEGIN module: ltmarks (2022/06/01) on input line 21324.
              Marks handling.
Skipping module ltmarks on input line 21324.
Skipping: [0000/00/00] Undo Marks handling on input line 21727.
END module: ltmarks (2022/06/01) on input line 21740.
Skipping: [2025/06/01] Drop legacy mark support on input line 21745.
Applying: [2022/06/01] New mark support on input line 21759.
LaTeX Info: Redefining \markboth on input line 21761.
LaTeX Info: Redefining \markright on input line 21772.
Already applied: [2019/10/01] Make commands robust on input line 21785.
Already applied: [0000/00/00] Make commands robust on input line 21806.
Skipping: [2025/06/01] Use new mark mechanism on input line 21829.
Applying: [0000/00/00] Use new mark mechanism on input line 21836.
Applying: [2020/10/01] Add \@currpath  on input line 21848.
Already applied: [0000/00/00] Add \@currpath  on input line 21852.
Applying: [2020/10/01] Add \@expl@push@filename@@ and \@expl@push@filename@aux@
@  on input line 21857.
Already applied: [2020/02/02] Add \@expl@push@filename@@  on input line 21872.
Already applied: [0000/00/00] Add \@expl@push@filename@@ and \@expl@push@filena
me@aux@@  on input line 21884.
Applying: [2020/10/01] Add \@expl@pop@filename@@  on input line 21908.
Already applied: [2020/02/02] Add \@expl@push@filename@@  on input line 21916.
Already applied: [0000/00/00] Add \@expl@push@filename@@ and \@expl@push@filena
me@aux@@  on input line 21922.
Applying: [2020/10/01] Add \@kernel@currpathstack  on input line 21935.
Already applied: [0000/00/00] Add \@kernel@currpathstack  on input line 21952.
Applying: [2020/10/01] Test format date on input line 21958.
Already applied: [0000/00/00] Test format date on input line 21965.
Applying: [2018/04/01] Guard against bad input on input line 21972.
Already applied: [0000/00/00] Guard against bad input on input line 21983.
Applying: [2017/01/01] Spaces in option clash check on input line 21994.
Already applied: [0000/00/00] Spaces in option clash check on input line 22011.

Applying: [2024/06/01] Test package loading on input line 22028.
Already applied: [0000/00/00] Test package loading on input line 22035.
Applying: [2024/06/01] More conditionals on input line 22044.
Already applied: [0000/00/00] More conditionals on input line 22071.
Applying: [2020/10/01] Check name with \strcmp  on input line 22101.
Already applied: [0000/00/00] Undo: check name with \strcmp  on input line 2211
4.
Applying: [2020/10/01] Allow for package substitution on input line 22125.
Already applied: [2020/02/02] Protection for package info on input line 22142.
Already applied: [0000/00/00] Protection for package info on input line 22155.
Applying: [0000/00/00] Track \ProvidesPackage  on input line 22168.
Applying: [2021/06/01] Raw option lists on input line 22173.
Already applied: [2020/10/01] Add file replacement in \@pass@ptions  on input l
ine 22194.
Already applied: [0000/00/00] \@pass@ptions  on input line 22210.
Applying: [2021/06/01] filter unused option list on input line 22219.
Already applied: [0000/00/00] filter unused option list on input line 22231.
Applying: [2021/06/01] safer @xprocess@ptions on input line 22241.
Already applied: [0000/00/00] safer @xprocess@ptions on input line 22257.
Applying: [2020/10/01] Unused options issue on input line 22273.
Already applied: [0000/00/00] Unused options issue on input line 22290.
Applying: [2021/06/01] filter unused option list on input line 22305.
Already applied: [0000/00/00] filter unused option list on input line 22313.
Applying: [2017/01/01] Spaces in \ExecuteOptions  on input line 22320.
Already applied: [0000/00/00] Spaces in \ExecuteOptions  on input line 22330.
Applying: [2021/06/01] Raw option lists load with options on input line 22339.
Already applied: [0000/00/00] Raw option lists load with options on input line 
22348.
Applying: [2020/10/01] Unused options issue on input line 22355.
Already applied: [0000/00/00] Unused options issue on input line 22364.
Applying: [2024/06/01] Check Group on input line 22371.
Already applied: [0000/00/00] Check Group on input line 22383.
Applying: [2020/10/01] ifx tests in \@fileswith@pti@ns  on input line 22390.
Already applied: [2017/01/01] ifx tests in \@fileswith@pti@ns  on input line 22
418.
Already applied: [0000/00/00] ifx tests in \@fileswith@pti@ns  on input line 22
445.
Applying: [2020/10/01] Hooks and unused options issue on input line 22473.
Already applied: [0000/00/00] Hooks and unused options issue on input line 2261
7.
Applying: [2020/10/01] Use hook system on input line 22674.
LaTeX Info: Redefining \AtBeginDocument on input line 22675.
LaTeX Info: Redefining \AtEndDocument on input line 22676.
Already applied: [0000/00/00] Use hook system on input line 22679.
Applying: [2024/11/01] Allow for more extensions on input line 22686.
Already applied: [0000/00/00] Allow for more extensions on input line 22699.
Applying: [2020/10/01] Define \q@curr@file directly (gh/220) on input line 2270
9.
Already applied: [2019/10/01] Spaces in file names + optional arg on input line
 22842.
Already applied: [0000/00/00] Spaces in file names + optional arg on input line
 22973.
Applying: [2020/10/01] Hook management file on input line 23064.
Already applied: [0000/00/00] Hook management file on input line 23073.
Applying: [2020/10/01] File helpers on input line 23082.
Applying: [2020/10/01] Roll forward help on input line 23143.
Applying: [2020/10/01] Hook management (files) on input line 23195.
Already applied: [2019/10/01] Hook management (files) on input line 23230.
Already applied: [0000/00/00] Hook management (files) on input line 23241.
Applying: [2020/10/01] Declaring file substitution on input line 23250.
Applying: [2020/10/01] File substitution on input line 23290.
Already applied: [0000/00/00] File substitution on input line 23297.
Applying: [2022/06/01] Setting current file name on input line 23304.
Already applied: [2021/06/01] Setting current file name on input line 23334.
Already applied: [2020/10/01] Setting current file name on input line 23357.
Already applied: [2019/10/01] Setting current file name on input line 23378.
Already applied: [0000/00/00] Setting current file name on input line 23392.
Applying: [2020/10/01] Make file csname on input line 23397.
Applying: [2020/10/01] Set curr file on input line 23416.
Applying: [2020/10/01] Replace files detect loops on input line 23431.
Applying: [2020/10/01] Tortoise and Hare on input line 23452.
Applying: [2020/10/01] Disable packages on input line 23493.
Already applied: [0000/00/00] Disable packages on input line 23508.
Applying: [2020/10/01] 2e tmp interfaces on input line 23515.
Already applied: [0000/00/00] 2e tmp interfaces on input line 23541.
Applying: [2020/10/01] Hook management (shipout) on input line 23551.
Already applied: [0000/00/00] Hook management (shipout) on input line 23980.
Skipping: [2025/06/01] Force immediate writes on input line 24016.
Applying: [0000/00/00] Force immediate writes on input line 24027.
Applying: [2020/10/01] atenddvi emulation on input line 24033.
Already applied: [0000/00/00] atenddvi emulation on input line 24046.
Skipping: [2025/06/01] Check depth of page on input line 24052.
Applying: [2017/04/15] Check depth of page on input line 24070.
Already applied: [0000/00/00] Check depth of page on input line 24096.
Applying: [2015/01/01] float order in 2-column on input line 24114.
Already applied: [0000/00/00] float order in 2-column on input line 24123.
Applying: [2015/01/01] float order in 2-column on input line 24128.
Already applied: [0000/00/00] float order in 2-column on input line 24171.
Skipping: [2025/06/01] \@makecol adding hooks/sockets on input line 24214.
Applying: [0000/00/00] \@makecol adding hooks/sockets on input line 24433.
Skipping: [2025/06/01] Use new mark mechanism on input line 24517.
Applying: [2017/04/15] Reset language for hyphenation on input line 24620.
Already applied: [0000/00/00] Reset language for hyphenation on input line 2467
8.
Applying: [2015/01/01] float order in 2-column on input line 24736.
Already applied: [0000/00/00] float order in 2-column on input line 24751.
Applying: [2015/01/01] float order in 2-column on input line 24767.
Already applied: [0000/00/00] float order in 2-column on input line 24786.
Applying: [2015/01/01] float order in 2-column on input line 24804.
Already applied: [0000/00/00] float order in 2-column on input line 24826.
Skipping: [2025/06/01] float order in 2-column on input line 24847.
Applying: [2015/01/01] float order in 2-column on input line 24915.
Already applied: [0000/00/00] float order in 2-column on input line 24982.
Skipping: [2025/06/01] float order in 2-column on input line 25052.
Applying: [2015/01/01] float order in 2-column on input line 25086.
Already applied: [0000/00/00] float order in 2-column on input line 25119.
Applying: [2015/01/01] float order in 2-column on input line 25151.
Already applied: [0000/00/00] float order in 2-column on input line 25198.
Applying: [2021/11/15] Show float register contents on input line 25245.
Already applied: [0000/00/00] Show float register contents on input line 25267.

Skipping: [2025/06/01] float placement calculation on input line 25275.
Applying: [0000/00/00] float placement calculation on input line 25279.
Skipping: [2025/06/01] float placement calculation on input line 25283.
Applying: [0000/00/00] float placement calculation on input line 25300.
Applying: [2017/01/01] negative height floats on input line 25317.
Already applied: [0000/00/00] negative height floats on input line 25327.
Skipping: [2025/06/01] Use new mark mechanism on input line 25337.
Applying: [2015/01/01] 2 column marks on input line 25362.
Already applied: [0000/00/00] 2 column marks on input line 25403.
Applying: [2015/01/01] NFSS version1 commands on input line 25438.
Already applied: [0000/00/00] NFSS version1 commands on input line 25458.
Applying: [2015/01/01] Extended Allocation on input line 25581.
Already applied: [0000/00/00] Extended Allocation on input line 25588.
Applying: [2022/06/01] Delayed legacy marks on input line 25592.
Already applied: [0000/00/00] Delayed legacy marks on input line 25598.
Applying: [2015/01/01] Extended Allocation on input line 25602.
Already applied: [0000/00/00] Extended Allocation on input line 25616.
Applying: [2016/02/01] Start of XeTeX class allocator on input line 25634.
Already applied: [2015/01/01] Start of XeTeX class allocator on input line 2564
2.
Already applied: [0000/00/00] Start of XeTeX class allocator on input line 2564
9.
Applying: [2021/06/01] Lua trace_stack_levels function on input line 25665.
Already applied: [0000/00/00] Lua trace_stack_levels function on input line 256
94.
Applying: [2016/02/01] XeTeX character classes on input line 25698.
Already applied: [0000/00/00] XeTeX character classes on input line 25731.
Applying: [2017/04/15] Save language for hyphenation on input line 25755.
Already applied: [0000/00/00] Save language for hyphenation on input line 25759
.
Skipping: [2026/06/01] Preload glyphtounicode on input line 25763.
Applying: [2021/06/01] Preload glyphtounicode on input line 25790.

(C:\Users\Josh\AppData\Local\Programs\MiKTeX\tex/generic/pdftex\glyphtounicode.
tex)
Already applied: [0000/00/00] Preload glyphtounicode on input line 25812.
Applying: [2018/04/01] UTF-8 default on input line 25816.
(C:\Users\Josh\AppData\Local\Programs\MiKTeX\tex/latex/base\utf8.def
File: utf8.def 2022/06/07 v1.3c UTF-8 support
Now handling font encoding OML ...
... no UTF-8 mapping file for font encoding OML
Now handling font encoding OMS ...
... processing UTF-8 mapping file for font encoding OMS
(C:\Users\Josh\AppData\Local\Programs\MiKTeX\tex/latex/base\omsenc.dfu
File: omsenc.dfu 2022/06/07 v1.3c UTF-8 support
   defining Unicode char U+00A7 (decimal 167)
   defining Unicode char U+00B6 (decimal 182)
   defining Unicode char U+00B7 (decimal 183)
   defining Unicode char U+2020 (decimal 8224)
   defining Unicode char U+2021 (decimal 8225)
   defining Unicode char U+2022 (decimal 8226)
)
Now handling font encoding OT1 ...
... processing UTF-8 mapping file for font encoding OT1
(C:\Users\Josh\AppData\Local\Programs\MiKTeX\tex/latex/base\ot1enc.dfu
File: ot1enc.dfu 2022/06/07 v1.3c UTF-8 support
   defining Unicode char U+00A0 (decimal 160)
   defining Unicode char U+00A1 (decimal 161)
   defining Unicode char U+00A3 (decimal 163)
   defining Unicode char U+00AD (decimal 173)
   defining Unicode char U+00B8 (decimal 184)
   defining Unicode char U+00BF (decimal 191)
   defining Unicode char U+00C5 (decimal 197)
   defining Unicode char U+00C6 (decimal 198)
   defining Unicode char U+00D8 (decimal 216)
   defining Unicode char U+00DF (decimal 223)
   defining Unicode char U+00E6 (decimal 230)
   defining Unicode char U+00EC (decimal 236)
   defining Unicode char U+00ED (decimal 237)
   defining Unicode char U+00EE (decimal 238)
   defining Unicode char U+00EF (decimal 239)
   defining Unicode char U+00F8 (decimal 248)
   defining Unicode char U+0131 (decimal 305)
   defining Unicode char U+0141 (decimal 321)
   defining Unicode char U+0142 (decimal 322)
   defining Unicode char U+0152 (decimal 338)
   defining Unicode char U+0153 (decimal 339)
   defining Unicode char U+0174 (decimal 372)
   defining Unicode char U+0175 (decimal 373)
   defining Unicode char U+0176 (decimal 374)
   defining Unicode char U+0177 (decimal 375)
   defining Unicode char U+0218 (decimal 536)
   defining Unicode char U+0219 (decimal 537)
   defining Unicode char U+021A (decimal 538)
   defining Unicode char U+021B (decimal 539)
   defining Unicode char U+0237 (decimal 567)
   defining Unicode char U+2013 (decimal 8211)
   defining Unicode char U+2014 (decimal 8212)
   defining Unicode char U+2018 (decimal 8216)
   defining Unicode char U+2019 (decimal 8217)
   defining Unicode char U+201C (decimal 8220)
   defining Unicode char U+201D (decimal 8221)
   defining Unicode char U+FB00 (decimal 64256)
   defining Unicode char U+FB01 (decimal 64257)
   defining Unicode char U+FB02 (decimal 64258)
   defining Unicode char U+FB03 (decimal 64259)
   defining Unicode char U+FB04 (decimal 64260)
   defining Unicode char U+FB05 (decimal 64261)
   defining Unicode char U+FB06 (decimal 64262)
)
Now handling font encoding T1 ...
... processing UTF-8 mapping file for font encoding T1
(C:\Users\Josh\AppData\Local\Programs\MiKTeX\tex/latex/base\t1enc.dfu
File: t1enc.dfu 2022/06/07 v1.3c UTF-8 support
   defining Unicode char U+00A0 (decimal 160)
   defining Unicode char U+00A1 (decimal 161)
   defining Unicode char U+00A3 (decimal 163)
   defining Unicode char U+00AB (decimal 171)
   defining Unicode char U+00AD (decimal 173)
   defining Unicode char U+00BB (decimal 187)
   defining Unicode char U+00BF (decimal 191)
   defining Unicode char U+00C0 (decimal 192)
   defining Unicode char U+00C1 (decimal 193)
   defining Unicode char U+00C2 (decimal 194)
   defining Unicode char U+00C3 (decimal 195)
   defining Unicode char U+00C4 (decimal 196)
   defining Unicode char U+00C5 (decimal 197)
   defining Unicode char U+00C6 (decimal 198)
   defining Unicode char U+00C7 (decimal 199)
   defining Unicode char U+00C8 (decimal 200)
   defining Unicode char U+00C9 (decimal 201)
   defining Unicode char U+00CA (decimal 202)
   defining Unicode char U+00CB (decimal 203)
   defining Unicode char U+00CC (decimal 204)
   defining Unicode char U+00CD (decimal 205)
   defining Unicode char U+00CE (decimal 206)
   defining Unicode char U+00CF (decimal 207)
   defining Unicode char U+00D0 (decimal 208)
   defining Unicode char U+00D1 (decimal 209)
   defining Unicode char U+00D2 (decimal 210)
   defining Unicode char U+00D3 (decimal 211)
   defining Unicode char U+00D4 (decimal 212)
   defining Unicode char U+00D5 (decimal 213)
   defining Unicode char U+00D6 (decimal 214)
   defining Unicode char U+00D8 (decimal 216)
   defining Unicode char U+00D9 (decimal 217)
   defining Unicode char U+00DA (decimal 218)
   defining Unicode char U+00DB (decimal 219)
   defining Unicode char U+00DC (decimal 220)
   defining Unicode char U+00DD (decimal 221)
   defining Unicode char U+00DE (decimal 222)
   defining Unicode char U+00DF (decimal 223)
   defining Unicode char U+00E0 (decimal 224)
   defining Unicode char U+00E1 (decimal 225)
   defining Unicode char U+00E2 (decimal 226)
   defining Unicode char U+00E3 (decimal 227)
   defining Unicode char U+00E4 (decimal 228)
   defining Unicode char U+00E5 (decimal 229)
   defining Unicode char U+00E6 (decimal 230)
   defining Unicode char U+00E7 (decimal 231)
   defining Unicode char U+00E8 (decimal 232)
   defining Unicode char U+00E9 (decimal 233)
   defining Unicode char U+00EA (decimal 234)
   defining Unicode char U+00EB (decimal 235)
   defining Unicode char U+00EC (decimal 236)
   defining Unicode char U+00ED (decimal 237)
   defining Unicode char U+00EE (decimal 238)
   defining Unicode char U+00EF (decimal 239)
   defining Unicode char U+00F0 (decimal 240)
   defining Unicode char U+00F1 (decimal 241)
   defining Unicode char U+00F2 (decimal 242)
   defining Unicode char U+00F3 (decimal 243)
   defining Unicode char U+00F4 (decimal 244)
   defining Unicode char U+00F5 (decimal 245)
   defining Unicode char U+00F6 (decimal 246)
   defining Unicode char U+00F8 (decimal 248)
   defining Unicode char U+00F9 (decimal 249)
   defining Unicode char U+00FA (decimal 250)
   defining Unicode char U+00FB (decimal 251)
   defining Unicode char U+00FC (decimal 252)
   defining Unicode char U+00FD (decimal 253)
   defining Unicode char U+00FE (decimal 254)
   defining Unicode char U+00FF (decimal 255)
   defining Unicode char U+0100 (decimal 256)
   defining Unicode char U+0101 (decimal 257)
   defining Unicode char U+0102 (decimal 258)
   defining Unicode char U+0103 (decimal 259)
   defining Unicode char U+0104 (decimal 260)
   defining Unicode char U+0105 (decimal 261)
   defining Unicode char U+0106 (decimal 262)
   defining Unicode char U+0107 (decimal 263)
   defining Unicode char U+0108 (decimal 264)
   defining Unicode char U+0109 (decimal 265)
   defining Unicode char U+010A (decimal 266)
   defining Unicode char U+010B (decimal 267)
   defining Unicode char U+010C (decimal 268)
   defining Unicode char U+010D (decimal 269)
   defining Unicode char U+010E (decimal 270)
   defining Unicode char U+010F (decimal 271)
   defining Unicode char U+0110 (decimal 272)
   defining Unicode char U+0111 (decimal 273)
   defining Unicode char U+0112 (decimal 274)
   defining Unicode char U+0113 (decimal 275)
   defining Unicode char U+0114 (decimal 276)
   defining Unicode char U+0115 (decimal 277)
   defining Unicode char U+0116 (decimal 278)
   defining Unicode char U+0117 (decimal 279)
   defining Unicode char U+0118 (decimal 280)
   defining Unicode char U+0119 (decimal 281)
   defining Unicode char U+011A (decimal 282)
   defining Unicode char U+011B (decimal 283)
   defining Unicode char U+011C (decimal 284)
   defining Unicode char U+011D (decimal 285)
   defining Unicode char U+011E (decimal 286)
   defining Unicode char U+011F (decimal 287)
   defining Unicode char U+0120 (decimal 288)
   defining Unicode char U+0121 (decimal 289)
   defining Unicode char U+0122 (decimal 290)
   defining Unicode char U+0123 (decimal 291)
   defining Unicode char U+0124 (decimal 292)
   defining Unicode char U+0125 (decimal 293)
   defining Unicode char U+0128 (decimal 296)
   defining Unicode char U+0129 (decimal 297)
   defining Unicode char U+012A (decimal 298)
   defining Unicode char U+012B (decimal 299)
   defining Unicode char U+012C (decimal 300)
   defining Unicode char U+012D (decimal 301)
   defining Unicode char U+012E (decimal 302)
   defining Unicode char U+012F (decimal 303)
   defining Unicode char U+0130 (decimal 304)
   defining Unicode char U+0131 (decimal 305)
   defining Unicode char U+0132 (decimal 306)
   defining Unicode char U+0133 (decimal 307)
   defining Unicode char U+0134 (decimal 308)
   defining Unicode char U+0135 (decimal 309)
   defining Unicode char U+0136 (decimal 310)
   defining Unicode char U+0137 (decimal 311)
   defining Unicode char U+0139 (decimal 313)
   defining Unicode char U+013A (decimal 314)
   defining Unicode char U+013B (decimal 315)
   defining Unicode char U+013C (decimal 316)
   defining Unicode char U+013D (decimal 317)
   defining Unicode char U+013E (decimal 318)
   defining Unicode char U+0141 (decimal 321)
   defining Unicode char U+0142 (decimal 322)
   defining Unicode char U+0143 (decimal 323)
   defining Unicode char U+0144 (decimal 324)
   defining Unicode char U+0145 (decimal 325)
   defining Unicode char U+0146 (decimal 326)
   defining Unicode char U+0147 (decimal 327)
   defining Unicode char U+0148 (decimal 328)
   defining Unicode char U+014A (decimal 330)
   defining Unicode char U+014B (decimal 331)
   defining Unicode char U+014C (decimal 332)
   defining Unicode char U+014D (decimal 333)
   defining Unicode char U+014E (decimal 334)
   defining Unicode char U+014F (decimal 335)
   defining Unicode char U+0150 (decimal 336)
   defining Unicode char U+0151 (decimal 337)
   defining Unicode char U+0152 (decimal 338)
   defining Unicode char U+0153 (decimal 339)
   defining Unicode char U+0154 (decimal 340)
   defining Unicode char U+0155 (decimal 341)
   defining Unicode char U+0156 (decimal 342)
   defining Unicode char U+0157 (decimal 343)
   defining Unicode char U+0158 (decimal 344)
   defining Unicode char U+0159 (decimal 345)
   defining Unicode char U+015A (decimal 346)
   defining Unicode char U+015B (decimal 347)
   defining Unicode char U+015C (decimal 348)
   defining Unicode char U+015D (decimal 349)
   defining Unicode char U+015E (decimal 350)
   defining Unicode char U+015F (decimal 351)
   defining Unicode char U+0160 (decimal 352)
   defining Unicode char U+0161 (decimal 353)
   defining Unicode char U+0162 (decimal 354)
   defining Unicode char U+0163 (decimal 355)
   defining Unicode char U+0164 (decimal 356)
   defining Unicode char U+0165 (decimal 357)
   defining Unicode char U+0168 (decimal 360)
   defining Unicode char U+0169 (decimal 361)
   defining Unicode char U+016A (decimal 362)
   defining Unicode char U+016B (decimal 363)
   defining Unicode char U+016C (decimal 364)
   defining Unicode char U+016D (decimal 365)
   defining Unicode char U+016E (decimal 366)
   defining Unicode char U+016F (decimal 367)
   defining Unicode char U+0170 (decimal 368)
   defining Unicode char U+0171 (decimal 369)
   defining Unicode char U+0172 (decimal 370)
   defining Unicode char U+0173 (decimal 371)
   defining Unicode char U+0174 (decimal 372)
   defining Unicode char U+0175 (decimal 373)
   defining Unicode char U+0176 (decimal 374)
   defining Unicode char U+0177 (decimal 375)
   defining Unicode char U+0178 (decimal 376)
   defining Unicode char U+0179 (decimal 377)
   defining Unicode char U+017A (decimal 378)
   defining Unicode char U+017B (decimal 379)
   defining Unicode char U+017C (decimal 380)
   defining Unicode char U+017D (decimal 381)
   defining Unicode char U+017E (decimal 382)
   defining Unicode char U+01C4 (decimal 452)
   defining Unicode char U+01C5 (decimal 453)
   defining Unicode char U+01C6 (decimal 454)
   defining Unicode char U+01C7 (decimal 455)
   defining Unicode char U+01C8 (decimal 456)
   defining Unicode char U+01C9 (decimal 457)
   defining Unicode char U+01CA (decimal 458)
   defining Unicode char U+01CB (decimal 459)
   defining Unicode char U+01CC (decimal 460)
   defining Unicode char U+01CD (decimal 461)
   defining Unicode char U+01CE (decimal 462)
   defining Unicode char U+01CF (decimal 463)
   defining Unicode char U+01D0 (decimal 464)
   defining Unicode char U+01D1 (decimal 465)
   defining Unicode char U+01D2 (decimal 466)
   defining Unicode char U+01D3 (decimal 467)
   defining Unicode char U+01D4 (decimal 468)
   defining Unicode char U+01E2 (decimal 482)
   defining Unicode char U+01E3 (decimal 483)
   defining Unicode char U+01E6 (decimal 486)
   defining Unicode char U+01E7 (decimal 487)
   defining Unicode char U+01E8 (decimal 488)
   defining Unicode char U+01E9 (decimal 489)
   defining Unicode char U+01EA (decimal 490)
   defining Unicode char U+01EB (decimal 491)
   defining Unicode char U+01F0 (decimal 496)
   defining Unicode char U+01F4 (decimal 500)
   defining Unicode char U+01F5 (decimal 501)
   defining Unicode char U+0218 (decimal 536)
   defining Unicode char U+0219 (decimal 537)
   defining Unicode char U+021A (decimal 538)
   defining Unicode char U+021B (decimal 539)
   defining Unicode char U+0232 (decimal 562)
   defining Unicode char U+0233 (decimal 563)
   defining Unicode char U+0237 (decimal 567)
   defining Unicode char U+02D9 (decimal 729)
   defining Unicode char U+02DB (decimal 731)
   defining Unicode char U+1E02 (decimal 7682)
   defining Unicode char U+1E03 (decimal 7683)
   defining Unicode char U+1E0D (decimal 7693)
   defining Unicode char U+1E1E (decimal 7710)
   defining Unicode char U+1E1F (decimal 7711)
   defining Unicode char U+1E25 (decimal 7717)
   defining Unicode char U+1E30 (decimal 7728)
   defining Unicode char U+1E31 (decimal 7729)
   defining Unicode char U+1E37 (decimal 7735)
   defining Unicode char U+1E8E (decimal 7822)
   defining Unicode char U+1E8F (decimal 7823)
   defining Unicode char U+1E43 (decimal 7747)
   defining Unicode char U+1E45 (decimal 7749)
   defining Unicode char U+1E47 (decimal 7751)
   defining Unicode char U+1E5B (decimal 7771)
   defining Unicode char U+1E63 (decimal 7779)
   defining Unicode char U+1E6D (decimal 7789)
   defining Unicode char U+1E90 (decimal 7824)
   defining Unicode char U+1E91 (decimal 7825)
   defining Unicode char U+1E9E (decimal 7838)
   defining Unicode char U+1EF2 (decimal 7922)
   defining Unicode char U+1EF3 (decimal 7923)
   defining Unicode char U+200C (decimal 8204)
   defining Unicode char U+2010 (decimal 8208)
   defining Unicode char U+2011 (decimal 8209)
   defining Unicode char U+2012 (decimal 8210)
   defining Unicode char U+2013 (decimal 8211)
   defining Unicode char U+2014 (decimal 8212)
   defining Unicode char U+2015 (decimal 8213)
   defining Unicode char U+2018 (decimal 8216)
   defining Unicode char U+2019 (decimal 8217)
   defining Unicode char U+201A (decimal 8218)
   defining Unicode char U+201C (decimal 8220)
   defining Unicode char U+201D (decimal 8221)
   defining Unicode char U+201E (decimal 8222)
   defining Unicode char U+2030 (decimal 8240)
   defining Unicode char U+2031 (decimal 8241)
   defining Unicode char U+2039 (decimal 8249)
   defining Unicode char U+203A (decimal 8250)
   defining Unicode char U+2423 (decimal 9251)
   defining Unicode char U+1E20 (decimal 7712)
   defining Unicode char U+1E21 (decimal 7713)
   defining Unicode char U+FB00 (decimal 64256)
   defining Unicode char U+FB01 (decimal 64257)
   defining Unicode char U+FB02 (decimal 64258)
   defining Unicode char U+FB03 (decimal 64259)
   defining Unicode char U+FB04 (decimal 64260)
   defining Unicode char U+FB05 (decimal 64261)
   defining Unicode char U+FB06 (decimal 64262)
)
Now handling font encoding TS1 ...
... processing UTF-8 mapping file for font encoding TS1
(C:\Users\Josh\AppData\Local\Programs\MiKTeX\tex/latex/base\ts1enc.dfu
File: ts1enc.dfu 2022/06/07 v1.3c UTF-8 support
   defining Unicode char U+00A2 (decimal 162)
   defining Unicode char U+00A3 (decimal 163)
   defining Unicode char U+00A4 (decimal 164)
   defining Unicode char U+00A5 (decimal 165)
   defining Unicode char U+00A6 (decimal 166)
   defining Unicode char U+00A7 (decimal 167)
   defining Unicode char U+00A8 (decimal 168)
   defining Unicode char U+00A9 (decimal 169)
   defining Unicode char U+00AA (decimal 170)
   defining Unicode char U+00AC (decimal 172)
   defining Unicode char U+00AE (decimal 174)
   defining Unicode char U+00AF (decimal 175)
   defining Unicode char U+00B0 (decimal 176)
   defining Unicode char U+00B1 (decimal 177)
   defining Unicode char U+00B2 (decimal 178)
   defining Unicode char U+00B3 (decimal 179)
   defining Unicode char U+00B4 (decimal 180)
   defining Unicode char U+00B5 (decimal 181)
   defining Unicode char U+00B6 (decimal 182)
   defining Unicode char U+00B7 (decimal 183)
   defining Unicode char U+00B9 (decimal 185)
   defining Unicode char U+00BA (decimal 186)
   defining Unicode char U+00BC (decimal 188)
   defining Unicode char U+00BD (decimal 189)
   defining Unicode char U+00BE (decimal 190)
   defining Unicode char U+00D7 (decimal 215)
   defining Unicode char U+00F7 (decimal 247)
   defining Unicode char U+0192 (decimal 402)
   defining Unicode char U+02C7 (decimal 711)
   defining Unicode char U+02D8 (decimal 728)
   defining Unicode char U+02DD (decimal 733)
   defining Unicode char U+0E3F (decimal 3647)
   defining Unicode char U+2016 (decimal 8214)
   defining Unicode char U+2020 (decimal 8224)
   defining Unicode char U+2021 (decimal 8225)
   defining Unicode char U+2022 (decimal 8226)
   defining Unicode char U+2030 (decimal 8240)
   defining Unicode char U+2031 (decimal 8241)
   defining Unicode char U+203B (decimal 8251)
   defining Unicode char U+203D (decimal 8253)
   defining Unicode char U+2044 (decimal 8260)
   defining Unicode char U+204E (decimal 8270)
   defining Unicode char U+2052 (decimal 8274)
   defining Unicode char U+20A1 (decimal 8353)
   defining Unicode char U+20A4 (decimal 8356)
   defining Unicode char U+20A6 (decimal 8358)
   defining Unicode char U+20A9 (decimal 8361)
   defining Unicode char U+20AB (decimal 8363)
   defining Unicode char U+20AC (decimal 8364)
   defining Unicode char U+20B1 (decimal 8369)
   defining Unicode char U+2103 (decimal 8451)
   defining Unicode char U+2116 (decimal 8470)
   defining Unicode char U+2117 (decimal 8471)
   defining Unicode char U+211E (decimal 8478)
   defining Unicode char U+2120 (decimal 8480)
   defining Unicode char U+2122 (decimal 8482)
   defining Unicode char U+2126 (decimal 8486)
   defining Unicode char U+2127 (decimal 8487)
   defining Unicode char U+212E (decimal 8494)
   defining Unicode char U+2190 (decimal 8592)
   defining Unicode char U+2191 (decimal 8593)
   defining Unicode char U+2192 (decimal 8594)
   defining Unicode char U+2193 (decimal 8595)
   defining Unicode char U+2329 (decimal 9001)
   defining Unicode char U+3008 (decimal 12296)
   defining Unicode char U+232A (decimal 9002)
   defining Unicode char U+3009 (decimal 12297)
   defining Unicode char U+2422 (decimal 9250)
   defining Unicode char U+25E6 (decimal 9702)
   defining Unicode char U+25EF (decimal 9711)
   defining Unicode char U+266A (decimal 9834)
   defining Unicode char U+27E8 (decimal 10216)
   defining Unicode char U+27E9 (decimal 10217)
   defining Unicode char U+FEFF (decimal 65279)
)
Now handling font encoding OMX ...
... no UTF-8 mapping file for font encoding OMX
Now handling font encoding U ...
... no UTF-8 mapping file for font encoding U
   defining Unicode char U+00A9 (decimal 169)
   defining Unicode char U+00AA (decimal 170)
   defining Unicode char U+00AE (decimal 174)
   defining Unicode char U+00BA (decimal 186)
   defining Unicode char U+02C6 (decimal 710)
   defining Unicode char U+02DC (decimal 732)
   defining Unicode char U+200C (decimal 8204)
   defining Unicode char U+2026 (decimal 8230)
   defining Unicode char U+2122 (decimal 8482)
   defining Unicode char U+2423 (decimal 9251)
   defining Unicode char U+FEFF (decimal 65279)
)
Already applied: [0000/00/00] UTF-8 default on input line 25896.
Skipping: [2025/11/01] automatic par insertion on input line 25943.
Applying: [0000/00/00] automatic par insertion on input line 25947.
) (C:\Users\Josh\AppData\Local\Programs\MiKTeX\tex/generic/tex4ht\tex4ht.sty
version 2023-10-04-13:17
Package: tex4ht 
--------------------------------------
--- Note --- for _ at preamble, use the command line option `early_'
--------------------------------------
--------------------------------------
--- Note --- for ^ at preamble, use the command line option `early^'
--------------------------------------
\tmp:toks=\toks17
) (thesis-web.tex (C:\Users\Josh\AppData\Local\Programs\MiKTeX\tex/generic/tex4
ht\usepackage.4ht
version 2023-07-25-12:42
) (C:\Users\Josh\AppData\Local\Programs\MiKTeX\tex/latex/base\book.cls
Document Class: book 2025/01/22 v1.4n Standard LaTeX document class
(C:\Users\Josh\AppData\Local\Programs\MiKTeX\tex/latex/base\bk12.clo
File: bk12.clo 2025/01/22 v1.4n Standard LaTeX file (size option)
)
\c@part=\count276
\c@chapter=\count277
\c@section=\count278
\c@subsection=\count279
\c@subsubsection=\count280
\c@paragraph=\count281
\c@subparagraph=\count282
\c@figure=\count283
\c@table=\count284
\abovecaptionskip=\skip49
\belowcaptionskip=\skip50
\bibindent=\dimen150
) (C:\Users\Josh\AppData\Local\Programs\MiKTeX\tex/latex/amsmath\amsmath.sty
Rollback for package 'amsmath' requested -> date 2024/11/01.
         Best approximation is the release introduced on 2019-04-01.
Package: amsmath 2026/05/19 v2.18d AMS math features
\@mathmargin=\skip51
For additional information on amsmath, use the `?' option.
(C:\Users\Josh\AppData\Local\Programs\MiKTeX\tex/latex/amsmath\amstext.sty
Package: amstext 2024/11/17 v2.01 AMS text
(C:\Users\Josh\AppData\Local\Programs\MiKTeX\tex/latex/amsmath\amsgen.sty
File: amsgen.sty 1999/11/30 v2.0 generic functions
\@emptytoks=\toks18
\ex@=\dimen151
)) (C:\Users\Josh\AppData\Local\Programs\MiKTeX\tex/latex/amsmath\amsbsy.sty
Package: amsbsy 1999/11/29 v1.2d Bold Symbols
\pmbraise@=\dimen152
) (C:\Users\Josh\AppData\Local\Programs\MiKTeX\tex/latex/amsmath\amsopn.sty
Package: amsopn 2022/04/08 v2.04 operator names
)
\inf@bad=\count285
LaTeX Info: Redefining \frac on input line 233.
\uproot@=\count286
\leftroot@=\count287
LaTeX Info: Redefining \overline on input line 398.
LaTeX Info: Redefining \colon on input line 409.
\classnum@=\count288
\DOTSCASE@=\count289
LaTeX Info: Redefining \ldots on input line 495.
LaTeX Info: Redefining \dots on input line 498.
LaTeX Info: Redefining \cdots on input line 619.
\Mathstrutbox@=\box53
\strutbox@=\box54
LaTeX Info: Redefining \big on input line 721.
LaTeX Info: Redefining \Big on input line 722.
LaTeX Info: Redefining \bigg on input line 723.
LaTeX Info: Redefining \Bigg on input line 724.
\big@size=\dimen153
LaTeX Font Info:    Redeclaring font encoding OML on input line 742.
LaTeX Font Info:    Redeclaring font encoding OMS on input line 743.
\macc@depth=\count290
LaTeX Info: Redefining \bmod on input line 904.
LaTeX Info: Redefining \pmod on input line 909.
LaTeX Info: Redefining \smash on input line 939.
LaTeX Info: Redefining \relbar on input line 969.
LaTeX Info: Redefining \Relbar on input line 970.
\c@MaxMatrixCols=\count291
\dotsspace@=\muskip17
\c@parentequation=\count292
\dspbrk@lvl=\count293
\tag@help=\toks19
\row@=\count294
\column@=\count295
\maxfields@=\count296
\andhelp@=\toks20
\eqnshift@=\dimen154
\alignsep@=\dimen155
\tagshift@=\dimen156
\tagwidth@=\dimen157
\totwidth@=\dimen158
\lineht@=\dimen159
\@envbody=\toks21
\multlinegap=\skip52
\multlinetaggap=\skip53
\mathdisplay@stack=\toks22
LaTeX Info: Redefining \[ on input line 2965.
LaTeX Info: Redefining \] on input line 2966.
) (C:\Users\Josh\AppData\Local\Programs\MiKTeX\tex/latex/amsfonts\amsfonts.sty
Package: amsfonts 2013/01/14 v3.01 Basic AMSFonts support
\symAMSa=\mathgroup4
\symAMSb=\mathgroup5
LaTeX Font Info:    Redeclaring math symbol \hbar on input line 98.
LaTeX Font Info:    Overwriting math alphabet `\mathfrak' in version `bold'
(Font)                  U/euf/m/n --> U/euf/b/n on input line 106.
) (C:\Users\Josh\AppData\Local\Programs\MiKTeX\tex/latex/amsfonts\amssymb.sty
Package: amssymb 2013/01/14 v3.01 AMS font symbols
) (C:\Users\Josh\AppData\Local\Programs\MiKTeX\tex/latex/tools\bm.sty
Package: bm 2025/10/21 v1.2g Bold Symbol Support (DPC/FMi)
\symboldoperators=\mathgroup6
\symboldletters=\mathgroup7
\symboldsymbols=\mathgroup8
Package bm Info: No bold for \OMX/cmex/m/n, using \pmb.
Package bm Info: No bold for \U/msa/m/n, using \pmb.
Package bm Info: No bold for \U/msb/m/n, using \pmb.
LaTeX Font Info:    Redeclaring math alphabet \mathbf on input line 149.
)
(C:\Users\Josh\AppData\Local\Programs\MiKTeX\tex/generic/tex4ht\mathtools-hooks
.4ht
version 2023-07-25-12:42
) (C:\Users\Josh\AppData\Local\Programs\MiKTeX\tex/latex/mathtools\mathtools.st
y
Package: mathtools 2024/10/04 v1.31 mathematical typesetting tools
(C:\Users\Josh\AppData\Local\Programs\MiKTeX\tex/latex/graphics\keyval.sty
Package: keyval 2026-05-17 v1.15 key=value parser (DPC)
\KV@toks@=\toks23
) (C:\Users\Josh\AppData\Local\Programs\MiKTeX\tex/latex/tools\calc.sty
Package: calc 2025/03/01 v4.3b Infix arithmetic (KKT,FJ)
\calc@Acount=\count297
\calc@Bcount=\count298
\calc@Adimen=\dimen160
\calc@Bdimen=\dimen161
\calc@Askip=\skip54
\calc@Bskip=\skip55
LaTeX Info: Redefining \setlength on input line 86.
LaTeX Info: Redefining \addtolength on input line 87.
\calc@Ccount=\count299
\calc@Cskip=\skip56
) (C:\Users\Josh\AppData\Local\Programs\MiKTeX\tex/latex/mathtools\mhsetup.sty
Package: mhsetup 2021/03/18 v1.4 programming setup (MH)
)
\g_MT_multlinerow_int=\count300
\l_MT_multwidth_dim=\dimen162
\origjot=\skip57
\l_MT_shortvdotswithinadjustabove_dim=\dimen163
\l_MT_shortvdotswithinadjustbelow_dim=\dimen164
\l_MT_above_intertext_sep=\dimen165
\l_MT_below_intertext_sep=\dimen166
\l_MT_above_shortintertext_sep=\dimen167
\l_MT_below_shortintertext_sep=\dimen168
\xmathstrut@box=\box55
\xmathstrut@dim=\dimen169
) (C:\Users\Josh\AppData\Local\Programs\MiKTeX\tex/latex/jknappen\mathrsfs.sty
Package: mathrsfs 1996/01/01 Math RSFS package v1.0 (jk)
\symrsfs=\mathgroup9
) (C:\Users\Josh\AppData\Local\Programs\MiKTeX\tex/latex/graphics\graphicx.sty
Package: graphicx 2026-05-17 v1.2e Enhanced LaTeX Graphics (DPC,SPQR)

(C:\Users\Josh\AppData\Local\Programs\MiKTeX\tex/generic/tex4ht\graphics-hooks.
4ht
version 2022-08-17-14:25
) (C:\Users\Josh\AppData\Local\Programs\MiKTeX\tex/latex/graphics\graphics.sty
Rollback for package 'graphics' requested -> date 2024/11/01.
         Best approximation is the release introduced on 2019-10-01.
Package: graphics 2026-05-17 v1.4h Standard LaTeX Graphics (DPC,SPQR)
(C:\Users\Josh\AppData\Local\Programs\MiKTeX\tex/latex/graphics\trig.sty
Package: trig 2023/12/02 v1.11 sin cos tan (DPC)
)
(C:\Users\Josh\AppData\Local\Programs\MiKTeX\tex/latex/graphics-cfg\graphics.cf
g
File: graphics.cfg 2016/06/04 v1.11 sample graphics configuration
)
Package graphics Info: Driver file: dvips.def on input line 106.
(C:\Users\Josh\AppData\Local\Programs\MiKTeX\tex/latex/graphics-def\dvips.def
File: dvips.def 2025/01/21 v3.2a Graphics/color driver for dvips
))
\Gin@req@height=\dimen170
\Gin@req@width=\dimen171
) (C:\Users\Josh\AppData\Local\Programs\MiKTeX\tex/latex/booktabs\booktabs.sty
Package: booktabs 2020/01/12 v1.61803398 Publication quality tables
\heavyrulewidth=\dimen172
\lightrulewidth=\dimen173
\cmidrulewidth=\dimen174
\belowrulesep=\dimen175
\belowbottomsep=\dimen176
\aboverulesep=\dimen177
\abovetopsep=\dimen178
\cmidrulesep=\dimen179
\cmidrulekern=\dimen180
\defaultaddspace=\dimen181
\@cmidla=\count301
\@cmidlb=\count302
\@aboverulesep=\dimen182
\@belowrulesep=\dimen183
\@thisruleclass=\count303
\@lastruleclass=\count304
\@thisrulewidth=\dimen184
) (C:\Users\Josh\AppData\Local\Programs\MiKTeX\tex/latex/tools\hhline.sty
Package: hhline 2026/05/02 v2.05 Table rule package (DPC)
) (C:\Users\Josh\AppData\Local\Programs\MiKTeX\tex/latex/tools\enumerate.sty
Package: enumerate 2023/07/04 v3.00 enumerate extensions (DPC)
\@enLab=\toks24
) (C:\Users\Josh\AppData\Local\Programs\MiKTeX\tex/latex/units\units.sty
Package: units 1998/08/04 v0.9b Typesetting units
(C:\Users\Josh\AppData\Local\Programs\MiKTeX\tex/latex/base\ifthen.sty
Package: ifthen 2024/03/16 v1.1e Standard LaTeX ifthen package (DPC)
) (C:\Users\Josh\AppData\Local\Programs\MiKTeX\tex/latex/units\nicefrac.sty
Package: nicefrac 1998/08/04 v0.9b Nice fractions
\L@UnitsRaiseDisplaystyle=\skip58
\L@UnitsRaiseTextstyle=\skip59
\L@UnitsRaiseScriptstyle=\skip60
)) (C:\Users\Josh\AppData\Local\Programs\MiKTeX\tex/latex/tools\xspace.sty
Package: xspace 2014/10/28 v1.13 Space after command names (DPC,MH)
) (C:\Users\Josh\AppData\Local\Programs\MiKTeX\tex/latex/gensymb\gensymb.sty
Package: gensymb 2022/10/17 v1.0.2 (KJH)
) (C:\Users\Josh\AppData\Local\Programs\MiKTeX\tex/latex/tools\verbatim.sty
Package: verbatim 2024-01-22 v1.5x LaTeX2e package for verbatim enhancements
\every@verbatim=\toks25
\verbatim@line=\toks26
\verbatim@in@stream=\read2
) (C:\Users\Josh\AppData\Local\Programs\MiKTeX\tex/latex/graphics\rotating.sty
Package: rotating 2026-05-17 v2.16e rotated objects in LaTeX
\c@r@tfl@t=\count305
\rotFPtop=\skip61
\rotFPbot=\skip62
\rot@float@box=\box56
\rot@mess@toks=\toks27
) (typedref.sty
Package: typedref 2013/3/26 1.1 A Safer Cross-referencing package
Package `typedref' 1.1 <2013/3/26>
) (C:\Users\Josh\AppData\Local\Programs\MiKTeX\tex/generic/tex4ht\tikz-hooks.4h
t
version 2023-08-27-08:01
*****************************
TeX4ht info: Using dvisvgm4ht TikZ driver. Put \def \pgfsysdriver {driver-name}
 to your document before use of TikZ if you want to another driver. Use tikz+ o
ption if your TikZ pictures use patterns.
)
(C:\Users\Josh\AppData\Local\Programs\MiKTeX\tex/latex/pgf/frontendlayer\tikz.s
ty (C:\Users\Josh\AppData\Local\Programs\MiKTeX\tex/latex/pgf/basiclayer\pgf.st
y
(C:\Users\Josh\AppData\Local\Programs\MiKTeX\tex/latex/pgf/utilities\pgfrcs.sty

(C:\Users\Josh\AppData\Local\Programs\MiKTeX\tex/generic/pgf/utilities\pgfutil-
common.tex
\pgfutil@everybye=\toks28
\pgfutil@tempdima=\dimen185
\pgfutil@tempdimb=\dimen186
)
(C:\Users\Josh\AppData\Local\Programs\MiKTeX\tex/generic/pgf/utilities\pgfutil-
latex.def
\pgfutil@abb=\box57
)
(C:\Users\Josh\AppData\Local\Programs\MiKTeX\tex/generic/pgf/utilities\pgfrcs.c
ode.tex (C:\Users\Josh\AppData\Local\Programs\MiKTeX\tex/generic/pgf\pgf.revisi
on.tex)
Package: pgfrcs 2026-08-01 v3.1.12 (3.1.12)
))
Package: pgf 2026-08-01 v3.1.12 (3.1.12)

(C:\Users\Josh\AppData\Local\Programs\MiKTeX\tex/latex/pgf/basiclayer\pgfcore.s
ty
(C:\Users\Josh\AppData\Local\Programs\MiKTeX\tex/latex/pgf/systemlayer\pgfsys.s
ty
(C:\Users\Josh\AppData\Local\Programs\MiKTeX\tex/generic/pgf/systemlayer\pgfsys
.code.tex
Package: pgfsys 2026-08-01 v3.1.12 (3.1.12)

(C:\Users\Josh\AppData\Local\Programs\MiKTeX\tex/generic/pgf/utilities\pgfkeys.
code.tex
\pgfkeys@pathtoks=\toks29
\pgfkeys@temptoks=\toks30

(C:\Users\Josh\AppData\Local\Programs\MiKTeX\tex/generic/pgf/utilities\pgfkeysl
ibraryfiltered.code.tex
\pgfkeys@tmptoks=\toks31
))
\pgf@x=\dimen187
\pgf@y=\dimen188
\pgf@xa=\dimen189
\pgf@ya=\dimen190
\pgf@xb=\dimen191
\pgf@yb=\dimen192
\pgf@xc=\dimen193
\pgf@yc=\dimen194
\pgf@xd=\dimen195
\pgf@yd=\dimen196
\w@pgf@writea=\write3
\r@pgf@reada=\read3
\c@pgf@counta=\count306
\c@pgf@countb=\count307
\c@pgf@countc=\count308
\c@pgf@countd=\count309
\t@pgf@toka=\toks32
\t@pgf@tokb=\toks33
\t@pgf@tokc=\toks34
\pgf@sys@id@count=\count310

(C:\Users\Josh\AppData\Local\Programs\MiKTeX\tex/generic/pgf/systemlayer\pgf.cf
g
File: pgf.cfg 2026-08-01 v3.1.12 (3.1.12)
)
Driver file for pgf: pgfsys-dvisvgm4ht.def

(C:\Users\Josh\AppData\Local\Programs\MiKTeX\tex/latex/webquiz\pgfsys-dvisvgm4h
t.def
(C:\Users\Josh\AppData\Local\Programs\MiKTeX\tex/generic/pgf/systemlayer\pgfsys
-dvips.def
File: pgfsys-dvips.def 2026-08-01 v3.1.12 (3.1.12)

(C:\Users\Josh\AppData\Local\Programs\MiKTeX\tex/generic/pgf/systemlayer\pgfsys
-common-postscript.def
File: pgfsys-common-postscript.def 2026-08-01 v3.1.12 (3.1.12)
\pgf@objectcount=\count311
))
\pgf@sys@svg@picnum=\count312
))
(C:\Users\Josh\AppData\Local\Programs\MiKTeX\tex/generic/pgf/systemlayer\pgfsys
softpath.code.tex
File: pgfsyssoftpath.code.tex 2026-08-01 v3.1.12 (3.1.12)
\pgfsyssoftpath@smallbuffer@items=\count313
\pgfsyssoftpath@bigbuffer@items=\count314
)
(C:\Users\Josh\AppData\Local\Programs\MiKTeX\tex/generic/pgf/systemlayer\pgfsys
protocol.code.tex
File: pgfsysprotocol.code.tex 2026-08-01 v3.1.12 (3.1.12)
))
(C:\Users\Josh\AppData\Local\Programs\MiKTeX\tex/generic/tex4ht\xcolor-hooks.4h
t
version 2020-10-17-13:53
) (C:\Users\Josh\AppData\Local\Programs\MiKTeX\tex/latex/xcolor\xcolor.sty
Package: xcolor 2024/09/29 v3.02 LaTeX color extensions (UK)
Rollback for package 'xcolor' requested -> date 2024/11/01.
         Best approximation is the release introduced on 2023-11-11.
(C:\Users\Josh\AppData\Local\Programs\MiKTeX\tex/latex/graphics-cfg\color.cfg
File: color.cfg 2016/01/02 v1.6 sample color configuration
)
Package xcolor Info: Driver file: dvips.def on input line 274.
(C:\Users\Josh\AppData\Local\Programs\MiKTeX\tex/latex/graphics\mathcolor.ltx)
Package xcolor Info: Model `cmy' substituted by `cmy0' on input line 1349.
Package xcolor Info: Model `RGB' extended on input line 1365.
Package xcolor Info: Model `HTML' substituted by `rgb' on input line 1367.
Package xcolor Info: Model `Hsb' substituted by `hsb' on input line 1368.
Package xcolor Info: Model `tHsb' substituted by `hsb' on input line 1369.
Package xcolor Info: Model `HSB' substituted by `hsb' on input line 1370.
Package xcolor Info: Model `Gray' substituted by `gray' on input line 1371.
Package xcolor Info: Model `wave' substituted by `hsb' on input line 1372.
)
(C:\Users\Josh\AppData\Local\Programs\MiKTeX\tex/generic/pgf/basiclayer\pgfcore
.code.tex
Package: pgfcore 2026-08-01 v3.1.12 (3.1.12)

(C:\Users\Josh\AppData\Local\Programs\MiKTeX\tex/generic/pgf/math\pgfmath.code.
tex
(C:\Users\Josh\AppData\Local\Programs\MiKTeX\tex/generic/pgf/math\pgfmathutil.c
ode.tex)
(C:\Users\Josh\AppData\Local\Programs\MiKTeX\tex/generic/pgf/math\pgfmathparser
.code.tex
\pgfmath@dimen=\dimen197
\pgfmath@count=\count315
\pgfmath@box=\box58
\pgfmath@toks=\toks35
\pgfmath@stack@operand=\toks36
\pgfmath@stack@operation=\toks37
)
(C:\Users\Josh\AppData\Local\Programs\MiKTeX\tex/generic/pgf/math\pgfmathfuncti
ons.code.tex)
(C:\Users\Josh\AppData\Local\Programs\MiKTeX\tex/generic/pgf/math\pgfmathfuncti
ons.basic.code.tex)
(C:\Users\Josh\AppData\Local\Programs\MiKTeX\tex/generic/pgf/math\pgfmathfuncti
ons.trigonometric.code.tex)
(C:\Users\Josh\AppData\Local\Programs\MiKTeX\tex/generic/pgf/math\pgfmathfuncti
ons.random.code.tex)
(C:\Users\Josh\AppData\Local\Programs\MiKTeX\tex/generic/pgf/math\pgfmathfuncti
ons.comparison.code.tex)
(C:\Users\Josh\AppData\Local\Programs\MiKTeX\tex/generic/pgf/math\pgfmathfuncti
ons.base.code.tex)
(C:\Users\Josh\AppData\Local\Programs\MiKTeX\tex/generic/pgf/math\pgfmathfuncti
ons.round.code.tex)
(C:\Users\Josh\AppData\Local\Programs\MiKTeX\tex/generic/pgf/math\pgfmathfuncti
ons.misc.code.tex)
(C:\Users\Josh\AppData\Local\Programs\MiKTeX\tex/generic/pgf/math\pgfmathfuncti
ons.integerarithmetics.code.tex)
(C:\Users\Josh\AppData\Local\Programs\MiKTeX\tex/generic/pgf/math\pgfmathcalc.c
ode.tex)
(C:\Users\Josh\AppData\Local\Programs\MiKTeX\tex/generic/pgf/math\pgfmathfloat.
code.tex
\c@pgfmathroundto@lastzeros=\count316
))
(C:\Users\Josh\AppData\Local\Programs\MiKTeX\tex/generic/pgf/math\pgfint.code.t
ex)
(C:\Users\Josh\AppData\Local\Programs\MiKTeX\tex/generic/pgf/basiclayer\pgfcore
points.code.tex
File: pgfcorepoints.code.tex 2026-08-01 v3.1.12 (3.1.12)
\pgf@picminx=\dimen198
\pgf@picmaxx=\dimen199
\pgf@picminy=\dimen256
\pgf@picmaxy=\dimen257
\pgf@pathminx=\dimen258
\pgf@pathmaxx=\dimen259
\pgf@pathminy=\dimen260
\pgf@pathmaxy=\dimen261
\pgf@xx=\dimen262
\pgf@xy=\dimen263
\pgf@yx=\dimen264
\pgf@yy=\dimen265
\pgf@zx=\dimen266
\pgf@zy=\dimen267
)
(C:\Users\Josh\AppData\Local\Programs\MiKTeX\tex/generic/pgf/basiclayer\pgfcore
pathconstruct.code.tex
File: pgfcorepathconstruct.code.tex 2026-08-01 v3.1.12 (3.1.12)
\pgf@path@lastx=\dimen268
\pgf@path@lasty=\dimen269
)
(C:\Users\Josh\AppData\Local\Programs\MiKTeX\tex/generic/pgf/basiclayer\pgfcore
pathusage.code.tex
File: pgfcorepathusage.code.tex 2026-08-01 v3.1.12 (3.1.12)
\pgf@shorten@end@additional=\dimen270
\pgf@shorten@start@additional=\dimen271
)
(C:\Users\Josh\AppData\Local\Programs\MiKTeX\tex/generic/pgf/basiclayer\pgfcore
scopes.code.tex
File: pgfcorescopes.code.tex 2026-08-01 v3.1.12 (3.1.12)
\pgfpic=\box59
\pgf@hbox=\box60
\pgf@layerbox@main=\box61
\pgf@picture@serial@count=\count317
)
(C:\Users\Josh\AppData\Local\Programs\MiKTeX\tex/generic/pgf/basiclayer\pgfcore
graphicstate.code.tex
File: pgfcoregraphicstate.code.tex 2026-08-01 v3.1.12 (3.1.12)
\pgflinewidth=\dimen272
)
(C:\Users\Josh\AppData\Local\Programs\MiKTeX\tex/generic/pgf/basiclayer\pgfcore
transformations.code.tex
File: pgfcoretransformations.code.tex 2026-08-01 v3.1.12 (3.1.12)
\pgf@pt@x=\dimen273
\pgf@pt@y=\dimen274
\pgf@pt@temp=\dimen275
)
(C:\Users\Josh\AppData\Local\Programs\MiKTeX\tex/generic/pgf/basiclayer\pgfcore
quick.code.tex
File: pgfcorequick.code.tex 2026-08-01 v3.1.12 (3.1.12)
)
(C:\Users\Josh\AppData\Local\Programs\MiKTeX\tex/generic/pgf/basiclayer\pgfcore
objects.code.tex
File: pgfcoreobjects.code.tex 2026-08-01 v3.1.12 (3.1.12)
)
(C:\Users\Josh\AppData\Local\Programs\MiKTeX\tex/generic/pgf/basiclayer\pgfcore
pathprocessing.code.tex
File: pgfcorepathprocessing.code.tex 2026-08-01 v3.1.12 (3.1.12)
)
(C:\Users\Josh\AppData\Local\Programs\MiKTeX\tex/generic/pgf/basiclayer\pgfcore
arrows.code.tex
File: pgfcorearrows.code.tex 2026-08-01 v3.1.12 (3.1.12)
\pgfarrowsep=\dimen276
)
(C:\Users\Josh\AppData\Local\Programs\MiKTeX\tex/generic/pgf/basiclayer\pgfcore
shade.code.tex
File: pgfcoreshade.code.tex 2026-08-01 v3.1.12 (3.1.12)
\pgf@max=\dimen277
\pgf@sys@shading@range@num=\count318
\pgf@shadingcount=\count319
)
(C:\Users\Josh\AppData\Local\Programs\MiKTeX\tex/generic/pgf/basiclayer\pgfcore
image.code.tex
File: pgfcoreimage.code.tex 2026-08-01 v3.1.12 (3.1.12)
)
(C:\Users\Josh\AppData\Local\Programs\MiKTeX\tex/generic/pgf/basiclayer\pgfcore
external.code.tex
File: pgfcoreexternal.code.tex 2026-08-01 v3.1.12 (3.1.12)
\pgfexternal@startupbox=\box62
)
(C:\Users\Josh\AppData\Local\Programs\MiKTeX\tex/generic/pgf/basiclayer\pgfcore
layers.code.tex
File: pgfcorelayers.code.tex 2026-08-01 v3.1.12 (3.1.12)
)
(C:\Users\Josh\AppData\Local\Programs\MiKTeX\tex/generic/pgf/basiclayer\pgfcore
transparency.code.tex
File: pgfcoretransparency.code.tex 2026-08-01 v3.1.12 (3.1.12)
)
(C:\Users\Josh\AppData\Local\Programs\MiKTeX\tex/generic/pgf/basiclayer\pgfcore
patterns.code.tex
File: pgfcorepatterns.code.tex 2026-08-01 v3.1.12 (3.1.12)
)
(C:\Users\Josh\AppData\Local\Programs\MiKTeX\tex/generic/pgf/basiclayer\pgfcore
rdf.code.tex
File: pgfcorerdf.code.tex 2026-08-01 v3.1.12 (3.1.12)
)))
(C:\Users\Josh\AppData\Local\Programs\MiKTeX\tex/generic/pgf/modules\pgfmodules
hapes.code.tex
File: pgfmoduleshapes.code.tex 2026-08-01 v3.1.12 (3.1.12)
\pgfnodeparttextbox=\box63
)
(C:\Users\Josh\AppData\Local\Programs\MiKTeX\tex/generic/pgf/modules\pgfmodulep
lot.code.tex
File: pgfmoduleplot.code.tex 2026-08-01 v3.1.12 (3.1.12)
)
(C:\Users\Josh\AppData\Local\Programs\MiKTeX\tex/latex/pgf/compatibility\pgfcom
p-version-0-65.sty
Package: pgfcomp-version-0-65 2026-08-01 v3.1.12 (3.1.12)
\pgf@nodesepstart=\dimen278
\pgf@nodesepend=\dimen279
)
(C:\Users\Josh\AppData\Local\Programs\MiKTeX\tex/latex/pgf/compatibility\pgfcom
p-version-1-18.sty
Package: pgfcomp-version-1-18 2026-08-01 v3.1.12 (3.1.12)
))
(C:\Users\Josh\AppData\Local\Programs\MiKTeX\tex/latex/pgf/utilities\pgffor.sty

(C:\Users\Josh\AppData\Local\Programs\MiKTeX\tex/latex/pgf/utilities\pgfkeys.st
y
(C:\Users\Josh\AppData\Local\Programs\MiKTeX\tex/generic/pgf/utilities\pgfkeys.
code.tex)) (C:\Users\Josh\AppData\Local\Programs\MiKTeX\tex/latex/pgf/math\pgfm
ath.sty
(C:\Users\Josh\AppData\Local\Programs\MiKTeX\tex/generic/pgf/math\pgfmath.code.
tex))
(C:\Users\Josh\AppData\Local\Programs\MiKTeX\tex/generic/pgf/utilities\pgffor.c
ode.tex
Package: pgffor 2026-08-01 v3.1.12 (3.1.12)
\pgffor@iter=\dimen280
\pgffor@skip=\dimen281
\pgffor@stack=\toks38
\pgffor@toks=\toks39
))
(C:\Users\Josh\AppData\Local\Programs\MiKTeX\tex/generic/pgf/frontendlayer/tikz
\tikz.code.tex
Package: tikz 2026-08-01 v3.1.12 (3.1.12)

(C:\Users\Josh\AppData\Local\Programs\MiKTeX\tex/generic/pgf/libraries\pgflibra
ryplothandlers.code.tex
File: pgflibraryplothandlers.code.tex 2026-08-01 v3.1.12 (3.1.12)
\pgf@plot@mark@count=\count320
\pgfplotmarksize=\dimen282
)
\tikz@lastx=\dimen283
\tikz@lasty=\dimen284
\tikz@lastxsaved=\dimen285
\tikz@lastysaved=\dimen286
\tikz@lastmovetox=\dimen287
\tikz@lastmovetoy=\dimen288
\tikzleveldistance=\dimen289
\tikzsiblingdistance=\dimen290
\tikz@figbox=\box64
\tikz@figbox@bg=\box65
\tikz@tempbox=\box66
\tikz@tempbox@bg=\box67
\tikztreelevel=\count321
\tikznumberofchildren=\count322
\tikznumberofcurrentchild=\count323
\tikz@fig@count=\count324

(C:\Users\Josh\AppData\Local\Programs\MiKTeX\tex/generic/pgf/modules\pgfmodulem
atrix.code.tex
File: pgfmodulematrix.code.tex 2026-08-01 v3.1.12 (3.1.12)
\pgfmatrixcurrentrow=\count325
\pgfmatrixcurrentcolumn=\count326
\pgf@matrix@numberofcolumns=\count327
)
\tikz@expandcount=\count328

(C:\Users\Josh\AppData\Local\Programs\MiKTeX\tex/generic/pgf/frontendlayer/tikz
/libraries\tikzlibrarytopaths.code.tex
File: tikzlibrarytopaths.code.tex 2026-08-01 v3.1.12 (3.1.12)
)))
(C:\Users\Josh\AppData\Local\Programs\MiKTeX\tex/generic/pgf/frontendlayer/tikz
/libraries\tikzlibraryshapes.code.tex
File: tikzlibraryshapes.code.tex 2026-08-01 v3.1.12 (3.1.12)

(C:\Users\Josh\AppData\Local\Programs\MiKTeX\tex/generic/pgf/frontendlayer/tikz
/libraries\tikzlibraryshapes.geometric.code.tex
File: tikzlibraryshapes.geometric.code.tex 2026-08-01 v3.1.12 (3.1.12)

(C:\Users\Josh\AppData\Local\Programs\MiKTeX\tex/generic/pgf/libraries/shapes\p
gflibraryshapes.geometric.code.tex
File: pgflibraryshapes.geometric.code.tex 2026-08-01 v3.1.12 (3.1.12)
))
(C:\Users\Josh\AppData\Local\Programs\MiKTeX\tex/generic/pgf/frontendlayer/tikz
/libraries\tikzlibraryshapes.misc.code.tex
File: tikzlibraryshapes.misc.code.tex 2026-08-01 v3.1.12 (3.1.12)

(C:\Users\Josh\AppData\Local\Programs\MiKTeX\tex/generic/pgf/libraries/shapes\p
gflibraryshapes.misc.code.tex
File: pgflibraryshapes.misc.code.tex 2026-08-01 v3.1.12 (3.1.12)
))
(C:\Users\Josh\AppData\Local\Programs\MiKTeX\tex/generic/pgf/frontendlayer/tikz
/libraries\tikzlibraryshapes.symbols.code.tex
File: tikzlibraryshapes.symbols.code.tex 2026-08-01 v3.1.12 (3.1.12)

(C:\Users\Josh\AppData\Local\Programs\MiKTeX\tex/generic/pgf/libraries/shapes\p
gflibraryshapes.symbols.code.tex
File: pgflibraryshapes.symbols.code.tex 2026-08-01 v3.1.12 (3.1.12)
))
(C:\Users\Josh\AppData\Local\Programs\MiKTeX\tex/generic/pgf/frontendlayer/tikz
/libraries\tikzlibraryshapes.arrows.code.tex
File: tikzlibraryshapes.arrows.code.tex 2026-08-01 v3.1.12 (3.1.12)

(C:\Users\Josh\AppData\Local\Programs\MiKTeX\tex/generic/pgf/libraries/shapes\p
gflibraryshapes.arrows.code.tex
File: pgflibraryshapes.arrows.code.tex 2026-08-01 v3.1.12 (3.1.12)
))
(C:\Users\Josh\AppData\Local\Programs\MiKTeX\tex/generic/pgf/frontendlayer/tikz
/libraries\tikzlibraryshapes.callouts.code.tex
(C:\Users\Josh\AppData\Local\Programs\MiKTeX\tex/generic/pgf/libraries/shapes\p
gflibraryshapes.callouts.code.tex))
(C:\Users\Josh\AppData\Local\Programs\MiKTeX\tex/generic/pgf/frontendlayer/tikz
/libraries\tikzlibraryshapes.multipart.code.tex
File: tikzlibraryshapes.multipart.code.tex 2026-08-01 v3.1.12 (3.1.12)

(C:\Users\Josh\AppData\Local\Programs\MiKTeX\tex/generic/pgf/libraries/shapes\p
gflibraryshapes.multipart.code.tex
File: pgflibraryshapes.multipart.code.tex 2026-08-01 v3.1.12 (3.1.12)
\pgfnodepartlowerbox=\box68
\pgfnodeparttwobox=\box69
\pgfnodepartthreebox=\box70
\pgfnodepartfourbox=\box71
\pgfnodeparttwentybox=\box72
\pgfnodepartnineteenbox=\box73
\pgfnodeparteighteenbox=\box74
\pgfnodepartseventeenbox=\box75
\pgfnodepartsixteenbox=\box76
\pgfnodepartfifteenbox=\box77
\pgfnodepartfourteenbox=\box78
\pgfnodepartthirteenbox=\box79
\pgfnodeparttwelvebox=\box80
\pgfnodepartelevenbox=\box81
\pgfnodeparttenbox=\box82
\pgfnodepartninebox=\box83
\pgfnodeparteightbox=\box84
\pgfnodepartsevenbox=\box85
\pgfnodepartsixbox=\box86
\pgfnodepartfivebox=\box87
)))
(C:\Users\Josh\AppData\Local\Programs\MiKTeX\tex/generic/pgf/frontendlayer/tikz
/libraries\tikzlibraryarrows.code.tex
File: tikzlibraryarrows.code.tex 2026-08-01 v3.1.12 (3.1.12)

(C:\Users\Josh\AppData\Local\Programs\MiKTeX\tex/generic/pgf/libraries\pgflibra
ryarrows.code.tex
File: pgflibraryarrows.code.tex 2026-08-01 v3.1.12 (3.1.12)
\arrowsize=\dimen291
))
(C:\Users\Josh\AppData\Local\Programs\MiKTeX\tex/generic/pgf/frontendlayer/tikz
/libraries\tikzlibraryautomata.code.tex
File: tikzlibraryautomata.code.tex 2026-08-01 v3.1.12 (3.1.12)
)
(C:\Users\Josh\AppData\Local\Programs\MiKTeX\tex/generic/pgf/frontendlayer/tikz
/libraries\tikzlibrarypositioning.code.tex
File: tikzlibrarypositioning.code.tex 2026-08-01 v3.1.12 (3.1.12)
) (definitions.tex
\speaker=\box88
) (thesis-web.cfg (C:\Users\Josh\AppData\Local\Programs\MiKTeX\tex/generic/tex4
ht\tex4ht.4ht
version 2022-07-05-14:37
--------------------------------------
--- Note --- for additional information, use the command line option `info'
--------------------------------------
::::::::::::::::::::::::::::::::::::::::::
 TeX4ht info is available in the log file 
::::::::::::::::::::::::::::::::::::::::::
) (C:\Users\Josh\AppData\Local\Programs\MiKTeX\tex/generic/tex4ht\tex4ht.sty
version 2023-10-04-13:17
l.870 --- TeX4ht warning --- nonprimitive \everypar ---
--- needs --- tex4ht thesis-web ---
\tmp:cnt=\count329
\openout15 = `thesis-web.tmp'.

(thesis-web.tmp)
\tmp:dim=\skip63
(thesis-web.xref)
\:refout=\write4
\openout4 = `thesis-web.xref'.

(C:\Users\Josh\AppData\Local\Programs\MiKTeX\tex/generic/tex4ht\html4.4ht
version 2023-10-13-14:16
--------------------------------------
--- Note --- to remove the <?xml version=...?> processing instruction use the c
ommand line option `no-VERSION'
--------------------------------------
--------------------------------------
--- Note --- to remove the DOCTYPE declaration use the command line option `no-
DOCTYPE'
--------------------------------------
) (C:\Users\Josh\AppData\Local\Programs\MiKTeX\tex/generic/tex4ht\unicode.4ht
version 2023-04-02-08:01
) (C:\Users\Josh\AppData\Local\Programs\MiKTeX\tex/generic/tex4ht\html4-math.4h
t
version 2022-10-25-13:59
) (C:\Users\Josh\AppData\Local\Programs\MiKTeX\tex/generic/tex4ht\html5.4ht
version 2023-10-09-13:31
)
--------------------------------------
--- Note --- for marking of the base font, use the command line option `fonts+'

--------------------------------------
--------------------------------------
--- Note --- for non active _, use the command line option `no_'
--------------------------------------
--------------------------------------
--- Note --- for _ of catcode 13, use the command line option `_13'
--------------------------------------
--------------------------------------
--- Note --- for non active ^, use the command line option `no^'
--------------------------------------
--------------------------------------
--- Note --- for ^ of catcode 13, use the command line option `^13'
--------------------------------------
(C:\Users\Josh\AppData\Local\Programs\MiKTeX\tex/generic/tex4ht\html4.4ht
version 2023-10-13-14:16
--------------------------------------
--- Note --- to ignore CSS font decoration, use the `NoFonts' command line opti
on
--------------------------------------
--------------------------------------
--- Note --- for jpg bitmaps of pictures, use the `jpg' command line option. (C
haracter bitmaps are controled only by `g' records of tex4ht.env and `-g' switc
hes of tex4ht.c) 
--------------------------------------
--------------------------------------
--- Note --- for gif bitmaps of pictures, use the `gif' command line option. (C
haracter bitmaps are controled only by `g' records of tex4ht.env and `-g' switc
hes of tex4ht.c) 
--------------------------------------
--------------------------------------
--- Note --- for content and toc in 2 frames, use the command line option `fram
es'
--------------------------------------
--------------------------------------
--- Note --- for content, toc, and footnotes in 3 frames, use the command line 
option `frames-fn'
--------------------------------------
--------------------------------------
--- Note --- for file extension name xht, use the command line option `xht'
--------------------------------------
TeX4ht package options: 3,sec-filename,fn-in,mathjax,charset=utf-8,html5,html,x
html
--------------------------------------
--- Note --- To print a timestamp, use the command line option timestamp
--------------------------------------
--------------------------------------
--- Note --- to ignore CSS code, use the command line option `-css
--------------------------------------
--------------------------------------
--- Note --- for inline CSS code, use the command line option `css-in'
--------------------------------------
--------------------------------------
--- Note --- for pop ups on mouse over, use the command line option `mouseover'

--------------------------------------
--------------------------------------
--- Note --- for addressing images in a subdirectory, use the command line opti
on `imgdir:.../'
--------------------------------------
) (C:\Users\Josh\AppData\Local\Programs\MiKTeX\tex/generic/tex4ht\unicode.4ht
version 2023-04-02-08:01
) (C:\Users\Josh\AppData\Local\Programs\MiKTeX\tex/generic/tex4ht\html4-math.4h
t
version 2022-10-25-13:59
) (C:\Users\Josh\AppData\Local\Programs\MiKTeX\tex/generic/tex4ht\html5.4ht
version 2023-10-09-13:31
--------------------------------------
--- Note --- To print a timestamp, use the command line option timestamp
--------------------------------------
--------------------------------------
--- Note --- We use a default CSS style. Use the `nostyle' option if you want t
o use custom a CSS design
--------------------------------------
)
\:tokwrite=\toks40
\:tokpage=\toks41
--------------------------------------
--- Note --- for back links to toc, use the command line option `sections+'
--------------------------------------
--------------------------------------
--- Note --- for linear crosslinks of pages, use the command line option `next'

--------------------------------------
\openout15 = `thesis-web.4ct'.

\:tocout=\write5
\openout5 = `thesis-web.4tc'.

(thesis-web.4tc) (C:\Users\Josh\AppData\Local\Programs\MiKTeX\tex/generic/tex4h
t\html4.4ht
version 2023-10-13-14:16
) (C:\Users\Josh\AppData\Local\Programs\MiKTeX\tex/generic/tex4ht\unicode.4ht
version 2023-04-02-08:01
) (C:\Users\Josh\AppData\Local\Programs\MiKTeX\tex/generic/tex4ht\html4-math.4h
t
version 2022-10-25-13:59
) (C:\Users\Josh\AppData\Local\Programs\MiKTeX\tex/generic/tex4ht\html5.4ht
version 2023-10-09-13:31
) (C:\Users\Josh\AppData\Local\Programs\MiKTeX\tex/generic/tex4ht\latex.4ht
version 2023-10-02-13:11
LaTeX Info: Redefining \_ on input line 179.
LaTeX Info: Redefining \begin on input line 597.
LaTeX Info: Redefining \end on input line 645.
LaTeX Info: Redefining \, on input line 807.
LaTeX Info: Redefining \; on input line 808.
LaTeX Info: Redefining \! on input line 809.
LaTeX Info: Redefining \: on input line 810.
LaTeX Info: Redefining \> on input line 811.
--------------------------------------
--- Note --- for links into captions, instead of float heads, use the command l
ine option `refcaption'
--------------------------------------
(C:\Users\Josh\AppData\Local\Programs\MiKTeX\tex/generic/tex4ht\html4.4ht
version 2023-10-13-14:16
) (C:\Users\Josh\AppData\Local\Programs\MiKTeX\tex/generic/tex4ht\unicode.4ht
version 2023-04-02-08:01
) (C:\Users\Josh\AppData\Local\Programs\MiKTeX\tex/generic/tex4ht\html4-math.4h
t
version 2022-10-25-13:59
) (C:\Users\Josh\AppData\Local\Programs\MiKTeX\tex/generic/tex4ht\html5.4ht
version 2023-10-09-13:31
) (C:\Users\Josh\AppData\Local\Programs\MiKTeX\tex/generic/tex4ht\html4.4ht
version 2023-10-13-14:16
--------------------------------------
--- Note --- For mini tocs immediately aftter the header use the command line o
ption `minitoc<'
--------------------------------------
--------------------------------------
--- Note --- for enumerated list elements with valued data, use the command lin
e option `enumerate+'
--------------------------------------
--------------------------------------
--- Note --- for enumerated list elements li's with value attributes, use the c
ommand line option `enumerate-'
--------------------------------------
--------------------------------------
--- Note --- for CSS2 code, use the command line option `css2'
--------------------------------------
--------------------------------------
--- Note --- for pictorial tabular, use the command line option `pic-tabular'
--------------------------------------
--------------------------------------
--- Note --- for bitmap fbox'es, use the command line option `pic-fbox'
--------------------------------------
--------------------------------------
--- Note --- for bitmap framebox'es, use the command line option `pic-framebox'

--------------------------------------
\fn:box=\box89
--------------------------------------
--- Note --- for tracing of latex font commands, use the command line option `f
onts'
--------------------------------------
--------------------------------------
--- Note --- for width specifications of tabular p entries, use the `p-width' c
ommand line option or a configuration similar to \Configure{HColWidth}{\HCode{ 
style="width:\HColWidth"}}
--------------------------------------
) (C:\Users\Josh\AppData\Local\Programs\MiKTeX\tex/generic/tex4ht\unicode.4ht
version 2023-04-02-08:01
) (C:\Users\Josh\AppData\Local\Programs\MiKTeX\tex/generic/tex4ht\html4-math.4h
t
version 2022-10-25-13:59
--------------------------------------
--- Note --- for pictorial eqnarray, use the command line option `pic-eqnarray'

--------------------------------------
--------------------------------------
--- Note --- for pictorial array, use the command line option `pic-array'
--------------------------------------
--------------------------------------
--- Note --- for pictorial $...$ environments, use the command line option `pic
-m' (not recommended!!)
--------------------------------------
--------------------------------------
--- Note --- for pictorial $...$ and $$...$$ environments with latex alt, use t
he command line option `pic-m+' (not safe!!)
--------------------------------------
--------------------------------------
--- Note --- for pictorial array, use the command line option `pic-array'
--------------------------------------

(C:\Users\Josh\AppData\Local\Programs\MiKTeX\tex/generic/tex4ht\mathjax-latex-4
ht.4ht
version 2023-10-12-14:42
)) (C:\Users\Josh\AppData\Local\Programs\MiKTeX\tex/generic/tex4ht\html5.4ht
version 2023-10-09-13:31
)) (C:\Users\Josh\AppData\Local\Programs\MiKTeX\tex/generic/tex4ht\fontmath.4ht
version 2022-10-25-13:59
(C:\Users\Josh\AppData\Local\Programs\MiKTeX\tex/generic/tex4ht\html4.4ht
version 2023-10-13-14:16
) (C:\Users\Josh\AppData\Local\Programs\MiKTeX\tex/generic/tex4ht\unicode.4ht
version 2023-04-02-08:01
) (C:\Users\Josh\AppData\Local\Programs\MiKTeX\tex/generic/tex4ht\html4-math.4h
t
version 2022-10-25-13:59
) (C:\Users\Josh\AppData\Local\Programs\MiKTeX\tex/generic/tex4ht\html5.4ht
version 2023-10-09-13:31
)) (C:\Users\Josh\AppData\Local\Programs\MiKTeX\tex/generic/tex4ht\utf8.4ht
version 2009-05-21-09:32
(C:\Users\Josh\AppData\Local\Programs\MiKTeX\tex/generic/tex4ht\html4.4ht
version 2023-10-13-14:16
) (C:\Users\Josh\AppData\Local\Programs\MiKTeX\tex/generic/tex4ht\unicode.4ht
version 2023-04-02-08:01
) (C:\Users\Josh\AppData\Local\Programs\MiKTeX\tex/generic/tex4ht\html4-math.4h
t
version 2022-10-25-13:59
) (C:\Users\Josh\AppData\Local\Programs\MiKTeX\tex/generic/tex4ht\html5.4ht
version 2023-10-09-13:31
)) (C:\Users\Josh\AppData\Local\Programs\MiKTeX\tex/generic/tex4ht\book.4ht
version 2023-04-10-13:46
(C:\Users\Josh\AppData\Local\Programs\MiKTeX\tex/generic/tex4ht\html4.4ht
version 2023-10-13-14:16
--------------------------------------
--- Note --- for tocs without * entries, use command line option `notoc*'
--------------------------------------
--------------------------------------
--- Note --- for tocs without * entries, use command line option `notoc*'
--------------------------------------
--------------------------------------
--- Note --- for tocs without * entries, use command line option `notoc*'
--------------------------------------
--------------------------------------
--- Note --- to eliminate mini tables of contents, use the command line option 
`nominitoc'
--------------------------------------
--------------------------------------
--- Note --- to eliminate mini tables of contents, use the command line option 
`nominitoc'
--------------------------------------
--------------------------------------
--- Note --- for frames-like object-based table of contents, use the command li
ne option `obj-toc'
--------------------------------------
--------------------------------------
--- Note --- for i-columns index, use the command line option `index=i' (e.g., 
index=2)
--------------------------------------
) (C:\Users\Josh\AppData\Local\Programs\MiKTeX\tex/generic/tex4ht\unicode.4ht
version 2023-04-02-08:01
) (C:\Users\Josh\AppData\Local\Programs\MiKTeX\tex/generic/tex4ht\html4-math.4h
t
version 2022-10-25-13:59
) (C:\Users\Josh\AppData\Local\Programs\MiKTeX\tex/generic/tex4ht\html5.4ht
version 2023-10-09-13:31
)) (C:\Users\Josh\AppData\Local\Programs\MiKTeX\tex/generic/tex4ht\amsmath.4ht
version 2023-08-13-13:20
\tmp:muskip=\muskip18
(C:\Users\Josh\AppData\Local\Programs\MiKTeX\tex/generic/tex4ht\html4.4ht
version 2023-10-13-14:16
) (C:\Users\Josh\AppData\Local\Programs\MiKTeX\tex/generic/tex4ht\unicode.4ht
version 2023-04-02-08:01
) (C:\Users\Josh\AppData\Local\Programs\MiKTeX\tex/generic/tex4ht\html4-math.4h
t
version 2022-10-25-13:59
) (C:\Users\Josh\AppData\Local\Programs\MiKTeX\tex/generic/tex4ht\html5.4ht
version 2023-10-09-13:31
)) (C:\Users\Josh\AppData\Local\Programs\MiKTeX\tex/generic/tex4ht\amstext.4ht
version 2009-05-21-09:32
(C:\Users\Josh\AppData\Local\Programs\MiKTeX\tex/generic/tex4ht\html4.4ht
version 2023-10-13-14:16
) (C:\Users\Josh\AppData\Local\Programs\MiKTeX\tex/generic/tex4ht\unicode.4ht
version 2023-04-02-08:01
) (C:\Users\Josh\AppData\Local\Programs\MiKTeX\tex/generic/tex4ht\html4-math.4h
t
version 2022-10-25-13:59
) (C:\Users\Josh\AppData\Local\Programs\MiKTeX\tex/generic/tex4ht\html5.4ht
version 2023-10-09-13:31
)) (C:\Users\Josh\AppData\Local\Programs\MiKTeX\tex/generic/tex4ht\amsbsy.4ht
version 2009-05-21-09:32
(C:\Users\Josh\AppData\Local\Programs\MiKTeX\tex/generic/tex4ht\html4.4ht
version 2023-10-13-14:16
) (C:\Users\Josh\AppData\Local\Programs\MiKTeX\tex/generic/tex4ht\unicode.4ht
version 2023-04-02-08:01
) (C:\Users\Josh\AppData\Local\Programs\MiKTeX\tex/generic/tex4ht\html4-math.4h
t
version 2022-10-25-13:59
) (C:\Users\Josh\AppData\Local\Programs\MiKTeX\tex/generic/tex4ht\html5.4ht
version 2023-10-09-13:31
)) (C:\Users\Josh\AppData\Local\Programs\MiKTeX\tex/generic/tex4ht\amsopn.4ht
version 2009-05-21-09:32
(C:\Users\Josh\AppData\Local\Programs\MiKTeX\tex/generic/tex4ht\html4.4ht
version 2023-10-13-14:16
) (C:\Users\Josh\AppData\Local\Programs\MiKTeX\tex/generic/tex4ht\unicode.4ht
version 2023-04-02-08:01
) (C:\Users\Josh\AppData\Local\Programs\MiKTeX\tex/generic/tex4ht\html4-math.4h
t
version 2022-10-25-13:59
) (C:\Users\Josh\AppData\Local\Programs\MiKTeX\tex/generic/tex4ht\html5.4ht
version 2023-10-09-13:31
)) (C:\Users\Josh\AppData\Local\Programs\MiKTeX\tex/generic/tex4ht\amsfonts.4ht
version 2009-05-21-09:32
(C:\Users\Josh\AppData\Local\Programs\MiKTeX\tex/generic/tex4ht\html4.4ht
version 2023-10-13-14:16
) (C:\Users\Josh\AppData\Local\Programs\MiKTeX\tex/generic/tex4ht\unicode.4ht
version 2023-04-02-08:01
) (C:\Users\Josh\AppData\Local\Programs\MiKTeX\tex/generic/tex4ht\html4-math.4h
t
version 2022-10-25-13:59
) (C:\Users\Josh\AppData\Local\Programs\MiKTeX\tex/generic/tex4ht\html5.4ht
version 2023-10-09-13:31
)) (C:\Users\Josh\AppData\Local\Programs\MiKTeX\tex/generic/tex4ht\amssymb.4ht
version 2009-05-21-09:32
(C:\Users\Josh\AppData\Local\Programs\MiKTeX\tex/generic/tex4ht\html4.4ht
version 2023-10-13-14:16
) (C:\Users\Josh\AppData\Local\Programs\MiKTeX\tex/generic/tex4ht\unicode.4ht
version 2023-04-02-08:01
) (C:\Users\Josh\AppData\Local\Programs\MiKTeX\tex/generic/tex4ht\html4-math.4h
t
version 2022-10-25-13:59
) (C:\Users\Josh\AppData\Local\Programs\MiKTeX\tex/generic/tex4ht\html5.4ht
version 2023-10-09-13:31
)) (C:\Users\Josh\AppData\Local\Programs\MiKTeX\tex/generic/tex4ht\bm.4ht
version 2009-05-21-09:32
(C:\Users\Josh\AppData\Local\Programs\MiKTeX\tex/generic/tex4ht\html4.4ht
version 2023-10-13-14:16
) (C:\Users\Josh\AppData\Local\Programs\MiKTeX\tex/generic/tex4ht\unicode.4ht
version 2023-04-02-08:01
) (C:\Users\Josh\AppData\Local\Programs\MiKTeX\tex/generic/tex4ht\html4-math.4h
t
version 2022-10-25-13:59
) (C:\Users\Josh\AppData\Local\Programs\MiKTeX\tex/generic/tex4ht\html5.4ht
version 2023-10-09-13:31
)) (C:\Users\Josh\AppData\Local\Programs\MiKTeX\tex/generic/tex4ht\mathtools.4h
t
version 2021-06-20-09:36
(C:\Users\Josh\AppData\Local\Programs\MiKTeX\tex/generic/tex4ht\html4.4ht
version 2023-10-13-14:16
) (C:\Users\Josh\AppData\Local\Programs\MiKTeX\tex/generic/tex4ht\unicode.4ht
version 2023-04-02-08:01
) (C:\Users\Josh\AppData\Local\Programs\MiKTeX\tex/generic/tex4ht\html4-math.4h
t
version 2022-10-25-13:59
) (C:\Users\Josh\AppData\Local\Programs\MiKTeX\tex/generic/tex4ht\html5.4ht
version 2023-10-09-13:31
)) (C:\Users\Josh\AppData\Local\Programs\MiKTeX\tex/generic/tex4ht\graphicx.4ht
version 2022-01-12-13:53
(C:\Users\Josh\AppData\Local\Programs\MiKTeX\tex/generic/tex4ht\html4.4ht
version 2023-10-13-14:16
) (C:\Users\Josh\AppData\Local\Programs\MiKTeX\tex/generic/tex4ht\unicode.4ht
version 2023-04-02-08:01
) (C:\Users\Josh\AppData\Local\Programs\MiKTeX\tex/generic/tex4ht\html4-math.4h
t
version 2022-10-25-13:59
) (C:\Users\Josh\AppData\Local\Programs\MiKTeX\tex/generic/tex4ht\html5.4ht
version 2023-10-09-13:31
)) (C:\Users\Josh\AppData\Local\Programs\MiKTeX\tex/generic/tex4ht\graphics.4ht
version 2022-03-20-14:29
(C:\Users\Josh\AppData\Local\Programs\MiKTeX\tex/generic/tex4ht\html4.4ht
version 2023-10-13-14:16
--------------------------------------
--- Note --- if included graphics are of degraded quality, try the command line
 options `graphics-num' or `graphics-'. The `num' should provide the density of
 pixels in the bitmaps (e.g., 110). 
--------------------------------------
--------------------------------------
--- Note --- for setting image dimensions, try the option `Gin-dim'; to use per
cents instead of units, use `Gin-perecent'; for key dimensions when bounding bo
x is unavailable try `Gin-dim+'; neither is recommended
--------------------------------------
) (C:\Users\Josh\AppData\Local\Programs\MiKTeX\tex/generic/tex4ht\unicode.4ht
version 2023-04-02-08:01
) (C:\Users\Josh\AppData\Local\Programs\MiKTeX\tex/generic/tex4ht\html4-math.4h
t
version 2022-10-25-13:59
) (C:\Users\Josh\AppData\Local\Programs\MiKTeX\tex/generic/tex4ht\html5.4ht
version 2023-10-09-13:31
)) (C:\Users\Josh\AppData\Local\Programs\MiKTeX\tex/generic/tex4ht\dvips.4ht
version 2009-05-21-09:32
(C:\Users\Josh\AppData\Local\Programs\MiKTeX\tex/generic/tex4ht\html4.4ht
version 2023-10-13-14:16
) (C:\Users\Josh\AppData\Local\Programs\MiKTeX\tex/generic/tex4ht\unicode.4ht
version 2023-04-02-08:01
) (C:\Users\Josh\AppData\Local\Programs\MiKTeX\tex/generic/tex4ht\html4-math.4h
t
version 2022-10-25-13:59
) (C:\Users\Josh\AppData\Local\Programs\MiKTeX\tex/generic/tex4ht\html5.4ht
version 2023-10-09-13:31
)) (C:\Users\Josh\AppData\Local\Programs\MiKTeX\tex/generic/tex4ht\booktabs.4ht
version 2009-05-21-09:32
(C:\Users\Josh\AppData\Local\Programs\MiKTeX\tex/generic/tex4ht\html4.4ht
version 2023-10-13-14:16
) (C:\Users\Josh\AppData\Local\Programs\MiKTeX\tex/generic/tex4ht\unicode.4ht
version 2023-04-02-08:01
) (C:\Users\Josh\AppData\Local\Programs\MiKTeX\tex/generic/tex4ht\html4-math.4h
t
version 2022-10-25-13:59
) (C:\Users\Josh\AppData\Local\Programs\MiKTeX\tex/generic/tex4ht\html5.4ht
version 2023-10-09-13:31
)) (C:\Users\Josh\AppData\Local\Programs\MiKTeX\tex/generic/tex4ht\enumerate.4h
t
version 2009-05-21-09:32
(C:\Users\Josh\AppData\Local\Programs\MiKTeX\tex/generic/tex4ht\html4.4ht
version 2023-10-13-14:16
) (C:\Users\Josh\AppData\Local\Programs\MiKTeX\tex/generic/tex4ht\unicode.4ht
version 2023-04-02-08:01
) (C:\Users\Josh\AppData\Local\Programs\MiKTeX\tex/generic/tex4ht\html4-math.4h
t
version 2022-10-25-13:59
) (C:\Users\Josh\AppData\Local\Programs\MiKTeX\tex/generic/tex4ht\html5.4ht
version 2023-10-09-13:31
)) (C:\Users\Josh\AppData\Local\Programs\MiKTeX\tex/generic/tex4ht\ifthen.4ht
version 2022-06-08-14:13
(C:\Users\Josh\AppData\Local\Programs\MiKTeX\tex/generic/tex4ht\html4.4ht
version 2023-10-13-14:16
) (C:\Users\Josh\AppData\Local\Programs\MiKTeX\tex/generic/tex4ht\unicode.4ht
version 2023-04-02-08:01
) (C:\Users\Josh\AppData\Local\Programs\MiKTeX\tex/generic/tex4ht\html4-math.4h
t
version 2022-10-25-13:59
) (C:\Users\Josh\AppData\Local\Programs\MiKTeX\tex/generic/tex4ht\html5.4ht
version 2023-10-09-13:31
)) (C:\Users\Josh\AppData\Local\Programs\MiKTeX\tex/generic/tex4ht\nicefrac.4ht
version 2009-05-21-09:32
(C:\Users\Josh\AppData\Local\Programs\MiKTeX\tex/generic/tex4ht\html4.4ht
version 2023-10-13-14:16
) (C:\Users\Josh\AppData\Local\Programs\MiKTeX\tex/generic/tex4ht\unicode.4ht
version 2023-04-02-08:01
) (C:\Users\Josh\AppData\Local\Programs\MiKTeX\tex/generic/tex4ht\html4-math.4h
t
version 2022-10-25-13:59
) (C:\Users\Josh\AppData\Local\Programs\MiKTeX\tex/generic/tex4ht\html5.4ht
version 2023-10-09-13:31
)) (C:\Users\Josh\AppData\Local\Programs\MiKTeX\tex/generic/tex4ht\verbatim.4ht
version 2021-07-04-09:13
(C:\Users\Josh\AppData\Local\Programs\MiKTeX\tex/generic/tex4ht\html4.4ht
version 2023-10-13-14:16
) (C:\Users\Josh\AppData\Local\Programs\MiKTeX\tex/generic/tex4ht\unicode.4ht
version 2023-04-02-08:01
) (C:\Users\Josh\AppData\Local\Programs\MiKTeX\tex/generic/tex4ht\html4-math.4h
t
version 2022-10-25-13:59
) (C:\Users\Josh\AppData\Local\Programs\MiKTeX\tex/generic/tex4ht\html5.4ht
version 2023-10-09-13:31
)) (C:\Users\Josh\AppData\Local\Programs\MiKTeX\tex/generic/tex4ht\rotating.4ht
version 2009-05-21-09:32
(C:\Users\Josh\AppData\Local\Programs\MiKTeX\tex/generic/tex4ht\html4.4ht
version 2023-10-13-14:16
) (C:\Users\Josh\AppData\Local\Programs\MiKTeX\tex/generic/tex4ht\unicode.4ht
version 2023-04-02-08:01
) (C:\Users\Josh\AppData\Local\Programs\MiKTeX\tex/generic/tex4ht\html4-math.4h
t
version 2022-10-25-13:59
) (C:\Users\Josh\AppData\Local\Programs\MiKTeX\tex/generic/tex4ht\html5.4ht
version 2023-10-09-13:31
)) (C:\Users\Josh\AppData\Local\Programs\MiKTeX\tex/generic/tex4ht\pgf.4ht
version 2009-05-21-09:32
(C:\Users\Josh\AppData\Local\Programs\MiKTeX\tex/generic/tex4ht\html4.4ht
version 2023-10-13-14:16
) (C:\Users\Josh\AppData\Local\Programs\MiKTeX\tex/generic/tex4ht\unicode.4ht
version 2023-04-02-08:01
) (C:\Users\Josh\AppData\Local\Programs\MiKTeX\tex/generic/tex4ht\html4-math.4h
t
version 2022-10-25-13:59
) (C:\Users\Josh\AppData\Local\Programs\MiKTeX\tex/generic/tex4ht\html5.4ht
version 2023-10-09-13:31
)) (C:\Users\Josh\AppData\Local\Programs\MiKTeX\tex/generic/tex4ht\xcolor.4ht
version 2022-04-17-09:34
(C:\Users\Josh\AppData\Local\Programs\MiKTeX\tex/generic/tex4ht\color.4ht
version 2022-02-01-14:27
(C:\Users\Josh\AppData\Local\Programs\MiKTeX\tex/generic/tex4ht\html4.4ht
version 2023-10-13-14:16
) (C:\Users\Josh\AppData\Local\Programs\MiKTeX\tex/generic/tex4ht\unicode.4ht
version 2023-04-02-08:01
) (C:\Users\Josh\AppData\Local\Programs\MiKTeX\tex/generic/tex4ht\html4-math.4h
t
version 2022-10-25-13:59
) (C:\Users\Josh\AppData\Local\Programs\MiKTeX\tex/generic/tex4ht\html5.4ht
version 2023-10-09-13:31
)) (C:\Users\Josh\AppData\Local\Programs\MiKTeX\tex/generic/tex4ht\html4.4ht
version 2023-10-13-14:16
) (C:\Users\Josh\AppData\Local\Programs\MiKTeX\tex/generic/tex4ht\unicode.4ht
version 2023-04-02-08:01
) (C:\Users\Josh\AppData\Local\Programs\MiKTeX\tex/generic/tex4ht\html4-math.4h
t
version 2022-10-25-13:59
) (C:\Users\Josh\AppData\Local\Programs\MiKTeX\tex/generic/tex4ht\html5.4ht
version 2023-10-09-13:31
)) (C:\Users\Josh\AppData\Local\Programs\MiKTeX\tex/generic/tex4ht\color.4ht
version 2022-02-01-14:27
) (C:\Users\Josh\AppData\Local\Programs\MiKTeX\tex/generic/tex4ht\html4.4ht
version 2023-10-13-14:16
) (C:\Users\Josh\AppData\Local\Programs\MiKTeX\tex/generic/tex4ht\unicode.4ht
version 2023-04-02-08:01
) (C:\Users\Josh\AppData\Local\Programs\MiKTeX\tex/generic/tex4ht\html4-math.4h
t
version 2022-10-25-13:59
) (C:\Users\Josh\AppData\Local\Programs\MiKTeX\tex/generic/tex4ht\html5.4ht
version 2023-10-09-13:31
))
(C:\Users\Josh\AppData\Local\Programs\MiKTeX\tex/latex/l3kernel\l3backend-dvips
.def
File: l3backend-dvips.def 2026-09-09 L3 backend support: dvips
\l__pdfannot_backend_content_box=\box90
\l__pdfannot_backend_model_box=\box91
\g__pdfannot_backend_int=\count330
\g__pdfannot_backend_link_int=\count331
\g__pdfannot_backend_link_sf_int=\count332
) (thesis-web.aux (CH1/introduction.aux) (CH2/chapter2name.aux) (CH3/chapter3na
me.aux) (CH4/chapter4name.aux) (CH5/chapter5name.aux) (CH6/conclusions.aux))
\openout1 = `thesis-web.aux'.

LaTeX Font Info:    Checking defaults for OML/cmm/m/it on input line 17.
LaTeX Font Info:    ... okay on input line 17.
LaTeX Font Info:    Checking defaults for OMS/cmsy/m/n on input line 17.
LaTeX Font Info:    ... okay on input line 17.
LaTeX Font Info:    Checking defaults for OT1/cmr/m/n on input line 17.
LaTeX Font Info:    ... okay on input line 17.
LaTeX Font Info:    Checking defaults for T1/cmr/m/n on input line 17.
LaTeX Font Info:    ... okay on input line 17.
LaTeX Font Info:    Checking defaults for TS1/cmr/m/n on input line 17.
LaTeX Font Info:    ... okay on input line 17.
LaTeX Font Info:    Checking defaults for OMX/cmex/m/n on input line 17.
LaTeX Font Info:    ... okay on input line 17.
LaTeX Font Info:    Checking defaults for U/cmr/m/n on input line 17.
LaTeX Font Info:    ... okay on input line 17.
LaTeX Info: Redefining \celsius on input line 17.
Package gensymb Info: Faking symbols for \degree and \celsius on input line 17.


Package gensymb Warning: Not defining \perthousand.

LaTeX Info: Redefining \ohm on input line 17.
Package gensymb Info: Using \Omega for \ohm on input line 17.

Package gensymb Warning: Not defining \micro.

--- file thesis-web.css ---
) [1

] [1

] (thesis-web.4ct [2

])
\openout15 = `thesis-web.tmp'.

(thesis-web.tmp)
\openout15 = `thesis-web.tmp'.

(thesis-web.tmp)
--- file ThesisContents.html ---
[3] [4

]
\openout15 = `thesis-web.tmp'.

(thesis-web.tmp)
\openout15 = `thesis-web.tmp'.

(thesis-web.tmp)
--- file contentsname.html ---
(thesis-web.4ct [5

]) [6] [1

]
\openout2 = `CH1/introduction.aux'.

(CH1/introduction.tex [2

] [3

]
Chapter 1.
\openout15 = `thesis-web.tmp'.

(thesis-web.tmp)
\openout15 = `thesis-web.tmp'.

(thesis-web.tmp)
--- file Introduction.html ---
(thesis-web.4ct)
\openout15 = `thesis-web.tmp'.

(thesis-web.tmp)
\openout15 = `thesis-web.tmp'.

(thesis-web.tmp)
--- file ShockCapturingSchemes.html ---
[4

] [5] [6]
LaTeX Font Info:    Trying to load font information for U+msa on input line 19.

(C:\Users\Josh\AppData\Local\Programs\MiKTeX\tex/latex/amsfonts\umsa.fd
File: umsa.fd 2013/01/14 v3.01 AMS symbols A
)
LaTeX Font Info:    Trying to load font information for U+msb on input line 19.

(C:\Users\Josh\AppData\Local\Programs\MiKTeX\tex/latex/amsfonts\umsb.fd
File: umsb.fd 2013/01/14 v3.01 AMS symbols B
)
LaTeX Font Info:    Trying to load font information for U+rsfs on input line 19
.
(C:\Users\Josh\AppData\Local\Programs\MiKTeX\tex/latex/jknappen\ursfs.fd
File: ursfs.fd 1998/03/24 rsfs font definition file (jk)
) [7]
\openout15 = `thesis-web.tmp'.

(thesis-web.tmp)
\openout15 = `thesis-web.tmp'.

(thesis-web.tmp)
--- file Approach.html ---
[8

] [9

]
l. 80 Writing thesis-web.idv[1] (thesis-web0x.svg)
[10

] [11

] [12

]
l. 251 Writing thesis-web.idv[2] (thesis-web1x.svg)
[13

] [14

]
\openout15 = `thesis-web.tmp'.

(thesis-web.tmp)
\openout15 = `thesis-web.tmp'.

(thesis-web.tmp)
--- file Outline.html ---
[15

]) [16] [17

] [18

]
\openout2 = `CH2/chapter2name.aux'.

(CH2/chapter2name.tex [19

] [20

] [21

]
Chapter 2.
\openout15 = `thesis-web.tmp'.

(thesis-web.tmp)
\openout15 = `thesis-web.tmp'.

(thesis-web.tmp)
--- file GoverningEquations.html ---
(thesis-web.4ct)
\openout15 = `thesis-web.tmp'.

(thesis-web.tmp)
\openout15 = `thesis-web.tmp'.

(thesis-web.tmp)
--- file TheEulerEquations.html ---
[22

]
\openout15 = `thesis-web.tmp'.

(thesis-web.tmp)
\openout15 = `thesis-web.tmp'.

(thesis-web.tmp)
--- file TheRiemannProblem.html ---
[23

] [24

]
l. 170 Writing thesis-web.idv[3] (thesis-web2x.svg)
[25

] [26

] [27

]
l. 214 Writing thesis-web.idv[4] (thesis-web3x.svg)
[28

] [29

]
\openout15 = `thesis-web.tmp'.

(thesis-web.tmp)
\openout15 = `thesis-web.tmp'.

(thesis-web.tmp)
--- file TheApproximateRiemannProblem.html ---
) [30

] [31

] [32

]
\openout2 = `CH3/chapter3name.aux'.

(CH3/chapter3name.tex [33

] [34

] [35

]
Chapter 3.
\openout15 = `thesis-web.tmp'.

(thesis-web.tmp)
\openout15 = `thesis-web.tmp'.

(thesis-web.tmp)
--- file RiemannSolvers.html ---
(thesis-web.4ct)
\openout15 = `thesis-web.tmp'.

(thesis-web.tmp)
\openout15 = `thesis-web.tmp'.

(thesis-web.tmp)
--- file FiniteVolumeMethod.html ---
[36

] [37

]
l. 27 Writing thesis-web.idv[5] (thesis-web4x.svg)
[38

] [39

]
\openout15 = `thesis-web.tmp'.

(thesis-web.tmp)
\openout15 = `thesis-web.tmp'.

(thesis-web.tmp)
--- file RoesApproximateRiemannSolver.html ---
[40

]
\openout15 = `thesis-web.tmp'.

(thesis-web.tmp)
\openout15 = `thesis-web.tmp'.

(thesis-web.tmp)
--- file HartenHymanEntropyFix.html ---
[41

] [42]
\openout15 = `thesis-web.tmp'.

(thesis-web.tmp)
\openout15 = `thesis-web.tmp'.

(thesis-web.tmp)
--- file AdaptiveRiemannSolver.html ---
[43

] [44

]
l. 307 Writing thesis-web.idv[6] (thesis-web5x.svg)
[45

] [46

]
\openout15 = `thesis-web.tmp'.

(thesis-web.tmp)
\openout15 = `thesis-web.tmp'.

(thesis-web.tmp)
--- file ModificationtoRoesApproximateRiemannSolver.html ---
[47

]) [48] [49

] [50

]
\openout2 = `CH4/chapter4name.aux'.

(CH4/chapter4name.tex [51

] [52

] [53

]
Chapter 4.
\openout15 = `thesis-web.tmp'.

(thesis-web.tmp)
\openout15 = `thesis-web.tmp'.

(thesis-web.tmp)
--- file Reconstruction.html ---
(thesis-web.4ct)
\openout15 = `thesis-web.tmp'.

(thesis-web.tmp)
\openout15 = `thesis-web.tmp'.

(thesis-web.tmp)
--- file MonotonicUpwindSchemeforConservationLaws.html ---
[54

] [55

]
l. 11 Writing thesis-web.idv[7] (thesis-web6x.svg)
[56

] [57

]
\openout15 = `thesis-web.tmp'.

(thesis-web.tmp)
\openout15 = `thesis-web.tmp'.

(thesis-web.tmp)
--- file WeightedEssentiallyNonOscillatorySchemes.html ---
[58

] [59

]
l. 103 Writing thesis-web.idv[8] (thesis-web7x.svg)
[60

]) [61

] [62

] [63

]
\openout2 = `CH5/chapter5name.aux'.

(CH5/chapter5name.tex [64

] [65

] [66

]
Chapter 5.
\openout15 = `thesis-web.tmp'.

(thesis-web.tmp)
\openout15 = `thesis-web.tmp'.

(thesis-web.tmp)
--- file HigherOrderReconstructionResults.html ---
(thesis-web.4ct)
\openout15 = `thesis-web.tmp'.

(thesis-web.tmp)
\openout15 = `thesis-web.tmp'.

(thesis-web.tmp)
--- file MethodandInitialConditions.html ---
[67

] [68

] [69

]
\openout15 = `thesis-web.tmp'.

(thesis-web.tmp)
\openout15 = `thesis-web.tmp'.

(thesis-web.tmp)
--- file LegendNamingScheme.html ---
[70

]
\openout15 = `thesis-web.tmp'.

(thesis-web.tmp)
\openout15 = `thesis-web.tmp'.

(thesis-web.tmp)
--- file Test1ModifiedSodShockTube.html ---
[71

] [72

]
l. 62 --- needs --- ./CH5/EPSFDocs/Test1ROEvMUSCLvWENO3vWENO5CFL1Nodes100RoeDen
sity.svg ---
[73

] [74

] [75

]
l. 68 --- needs --- ./CH5/EPSFDocs/Test1ROEvMUSCLvWENO3vWENO5CFL1Nodes100RoeVel
ocity.svg ---
[76

] [77

] [78

]
l. 74 --- needs --- ./CH5/EPSFDocs/Test1ROEvMUSCLvWENO3vWENO5CFL1Nodes100RoePre
ssure.svg ---
[79

] [80

] [81

]
l. 80 --- needs --- ./CH5/EPSFDocs/Test1ROEvMUSCLvWENO3vWENO5CFL1Nodes100RoeInt
ernalEnergy.svg ---
[82

] [83

]
\openout15 = `thesis-web.tmp'.

(thesis-web.tmp)
\openout15 = `thesis-web.tmp'.

(thesis-web.tmp)
--- file Test2BlastWave.html ---
[84

] [85

]
l. 96 --- needs --- ./CH5/EPSFDocs/Test3ROEvMUSCLvWENO3vWENO5CFL1Nodes100RoeDen
sity.svg ---
[86

] [87

] [88

]
l. 102 --- needs --- ./CH5/EPSFDocs/Test3ROEvMUSCLvWENO3vWENO5CFL1Nodes100RoeVe
locity.svg ---
[89

] [90

] [91

]
l. 108 --- needs --- ./CH5/EPSFDocs/Test3ROEvMUSCLvWENO3vWENO5CFL1Nodes100RoePr
essure.svg ---
[92

] [93

] [94

]
l. 114 --- needs --- ./CH5/EPSFDocs/Test3ROEvMUSCLvWENO3vWENO5CFL1Nodes100RoeIn
ternalEnergy.svg ---
[95

] [96

]
\openout15 = `thesis-web.tmp'.

(thesis-web.tmp)
\openout15 = `thesis-web.tmp'.

(thesis-web.tmp)
--- file Test3ShockCollision.html ---
[97

] [98

]
l. 127 --- needs --- ./CH5/EPSFDocs/Test4ROEvMUSCLvWENO3vWENO5CFL1Nodes100RoeDe
nsity.svg ---
[99

] [100

] [101

]
l. 133 --- needs --- ./CH5/EPSFDocs/Test4ROEvMUSCLvWENO3vWENO5CFL1Nodes100RoeVe
locity.svg ---
[102

] [103

] [104

]
l. 139 --- needs --- ./CH5/EPSFDocs/Test4ROEvMUSCLvWENO3vWENO5CFL1Nodes100RoePr
essure.svg ---
[105

] [106

] [107

]
l. 145 --- needs --- ./CH5/EPSFDocs/Test4ROEvMUSCLvWENO3vWENO5CFL1Nodes100RoeIn
ternalEnergy.svg ---
[108

] [109

]
\openout15 = `thesis-web.tmp'.

(thesis-web.tmp)
\openout15 = `thesis-web.tmp'.

(thesis-web.tmp)
--- file Test4StationaryContactWave.html ---
[110

] [111

]
l. 158 --- needs --- ./CH5/EPSFDocs/Test5ROEvMUSCLvWENO3vWENO5CFL1Nodes100RoeDe
nsity.svg ---
[112

] [113

] [114

]
l. 164 --- needs --- ./CH5/EPSFDocs/Test5ROEvMUSCLvWENO3vWENO5CFL1Nodes100RoeVe
locity.svg ---
[115

] [116

] [117

]
l. 170 --- needs --- ./CH5/EPSFDocs/Test5ROEvMUSCLvWENO3vWENO5CFL1Nodes100RoePr
essure.svg ---
[118

] [119

] [120

]
l. 176 --- needs --- ./CH5/EPSFDocs/Test5ROEvMUSCLvWENO3vWENO5CFL1Nodes100RoeIn
ternalEnergy.svg ---
[121

]) [122

] [123

] [124

]
\openout2 = `CH6/conclusions.aux'.

(CH6/conclusions.tex [125

] [126

] [127

]
Chapter 6.
\openout15 = `thesis-web.tmp'.

(thesis-web.tmp)
\openout15 = `thesis-web.tmp'.

(thesis-web.tmp)
--- file Conclusions.html ---
(thesis-web.4ct)
\openout15 = `thesis-web.tmp'.

(thesis-web.tmp)
\openout15 = `thesis-web.tmp'.

(thesis-web.tmp)
--- file HigherOrderReconstructionResults1.html ---
[128

] [129]
\openout15 = `thesis-web.tmp'.

(thesis-web.tmp)
\openout15 = `thesis-web.tmp'.

(thesis-web.tmp)
--- file HigherOrderReconstructionwithHigherOrderCentralDifferencingResults.htm
l ---
[130

] [131]
\openout15 = `thesis-web.tmp'.

(thesis-web.tmp)
\openout15 = `thesis-web.tmp'.

(thesis-web.tmp)
--- file Conclusions1.html ---
) [132

] [133

] [134

] (thesis-web.bbl [135

] [136

] [137

]
\openout15 = `thesis-web.tmp'.

(thesis-web.tmp)
\openout15 = `thesis-web.tmp'.

(thesis-web.tmp)
--- file bibname.html ---
[138

] [139] [140] [141] [142]) [143] [144

] (thesis-web.aux (CH1/introduction.aux) (CH2/chapter2name.aux) (CH3/chapter3na
me.aux) (CH4/chapter4name.aux) (CH5/chapter5name.aux) (CH6/conclusions.aux))
 ***********
LaTeX2e <2024/11/01>
L3 programming layer <2026-09-09>
 ***********
 ) 
Here is how much of TeX's memory you used:
 24549 strings out of 467393
 510080 string characters out of 5406151
 986601 words of memory out of 5000000
 53032 multiletter control sequences out of 15000+600000
 638730 words of font info for 78 fonts, out of 8000000 for 9000
 1141 hyphenation exceptions out of 8191
 96i,8n,120p,2437b,1050s stack positions out of 10000i,1000n,20000p,200000b,200000s

Output written on thesis-web.dvi (151 pages, 399596 bytes).
