This is pdfTeX, Version 3.14159265-2.6-1.40.20 (TeX Live 2019/Debian) (preloaded format=pdflatex 2020.10.21)  17 JUN 2021 17:32
entering extended mode
 restricted \write18 enabled.
 %&-line parsing enabled.
**thesis.tex
(./thesis.tex
LaTeX2e <2020-02-02> patch level 2
L3 programming layer <2020-02-14>
(/usr/share/texlive/texmf-dist/tex/latex/base/book.cls
Document Class: book 2019/12/20 v1.4l Standard LaTeX document class
(/usr/share/texlive/texmf-dist/tex/latex/base/bk12.clo
File: bk12.clo 2019/12/20 v1.4l Standard LaTeX file (size option)
)
\c@part=\count167
\c@chapter=\count168
\c@section=\count169
\c@subsection=\count170
\c@subsubsection=\count171
\c@paragraph=\count172
\c@subparagraph=\count173
\c@figure=\count174
\c@table=\count175
\abovecaptionskip=\skip47
\belowcaptionskip=\skip48
\bibindent=\dimen134
) (./uahdis.sty
Package: uahdis 2006/04/27 v2.0 UAH dissertation format

(/usr/share/texlive/texmf-dist/tex/latex/amsmath/amsmath.sty
Package: amsmath 2020/01/20 v2.17e AMS math features
\@mathmargin=\skip49

For additional information on amsmath, use the `?' option.
(/usr/share/texlive/texmf-dist/tex/latex/amsmath/amstext.sty
Package: amstext 2000/06/29 v2.01 AMS text

(/usr/share/texlive/texmf-dist/tex/latex/amsmath/amsgen.sty
File: amsgen.sty 1999/11/30 v2.0 generic functions
\@emptytoks=\toks14
\ex@=\dimen135
))
(/usr/share/texlive/texmf-dist/tex/latex/amsmath/amsbsy.sty
Package: amsbsy 1999/11/29 v1.2d Bold Symbols
\pmbraise@=\dimen136
)
(/usr/share/texlive/texmf-dist/tex/latex/amsmath/amsopn.sty
Package: amsopn 2016/03/08 v2.02 operator names
)
\inf@bad=\count176
LaTeX Info: Redefining \frac on input line 227.
\uproot@=\count177
\leftroot@=\count178
LaTeX Info: Redefining \overline on input line 389.
\classnum@=\count179
\DOTSCASE@=\count180
LaTeX Info: Redefining \ldots on input line 486.
LaTeX Info: Redefining \dots on input line 489.
LaTeX Info: Redefining \cdots on input line 610.
\Mathstrutbox@=\box45
\strutbox@=\box46
\big@size=\dimen137
LaTeX Font Info:    Redeclaring font encoding OML on input line 733.
LaTeX Font Info:    Redeclaring font encoding OMS on input line 734.
\macc@depth=\count181
\c@MaxMatrixCols=\count182
\dotsspace@=\muskip16
\c@parentequation=\count183
\dspbrk@lvl=\count184
\tag@help=\toks15
\row@=\count185
\column@=\count186
\maxfields@=\count187
\andhelp@=\toks16
\eqnshift@=\dimen138
\alignsep@=\dimen139
\tagshift@=\dimen140
\tagwidth@=\dimen141
\totwidth@=\dimen142
\lineht@=\dimen143
\@envbody=\toks17
\multlinegap=\skip50
\multlinetaggap=\skip51
\mathdisplay@stack=\toks18
LaTeX Info: Redefining \[ on input line 2859.
LaTeX Info: Redefining \] on input line 2860.
) (./setspace.sty)
(./cite.sty
Package: cite 1996/05/23  v 3.6
) (./chngpage.sty
Package: chngpage 2001/02/24 v1.1c change page layout
\c@cp@cnt=\count188
\c@cp@tempcnt=\count189
)
(/usr/share/texlive/texmf-dist/tex/latex/graphics/graphicx.sty
Package: graphicx 2019/11/30 v1.2a Enhanced LaTeX Graphics (DPC,SPQR)

(/usr/share/texlive/texmf-dist/tex/latex/graphics/keyval.sty
Package: keyval 2014/10/28 v1.15 key=value parser (DPC)
\KV@toks@=\toks19
)
(/usr/share/texlive/texmf-dist/tex/latex/graphics/graphics.sty
Package: graphics 2019/11/30 v1.4a Standard LaTeX Graphics (DPC,SPQR)

(/usr/share/texlive/texmf-dist/tex/latex/graphics/trig.sty
Package: trig 2016/01/03 v1.10 sin cos tan (DPC)
)
(/usr/share/texlive/texmf-dist/tex/latex/graphics-cfg/graphics.cfg
File: graphics.cfg 2016/06/04 v1.11 sample graphics configuration
)
Package graphics Info: Driver file: pdftex.def on input line 105.

(/usr/share/texlive/texmf-dist/tex/latex/graphics-def/pdftex.def
File: pdftex.def 2018/01/08 v1.0l Graphics/color driver for pdftex
))
\Gin@req@height=\dimen144
\Gin@req@width=\dimen145
)
(/usr/share/texlive/texmf-dist/tex/latex/appendix/appendix.sty
Package: appendix 2020/02/08 v1.2c extra appendix facilities
\c@@pps=\count190
\c@@ppsavesec=\count191
\c@@ppsaveapp=\count192
) (./typedref.sty
Package: typedref 2013/3/26 1.1 A Safer Cross-referencing package
Package `typedref' 1.1 <2013/3/26>
)
\shortenchpage=\skip52
) (/usr/share/texlive/texmf-dist/tex/latex/units/units.sty
Package: units 1998/08/04 v0.9b Typesetting units

(/usr/share/texlive/texmf-dist/tex/latex/base/ifthen.sty
Package: ifthen 2014/09/29 v1.1c Standard LaTeX ifthen package (DPC)
)
(/usr/share/texlive/texmf-dist/tex/latex/units/nicefrac.sty
Package: nicefrac 1998/08/04 v0.9b Nice fractions
\L@UnitsRaiseDisplaystyle=\skip53
\L@UnitsRaiseTextstyle=\skip54
\L@UnitsRaiseScriptstyle=\skip55
))
(/usr/share/texlive/texmf-dist/tex/latex/tools/bm.sty
Package: bm 2019/07/24 v1.2d Bold Symbol Support (DPC/FMi)
\symboldoperators=\mathgroup4
\symboldletters=\mathgroup5
\symboldsymbols=\mathgroup6
LaTeX Font Info:    Redeclaring math alphabet \mathbf on input line 141.
LaTeX Info: Redefining \bm on input line 209.
)
(/usr/share/texlive/texmf-dist/tex/latex/tools/hhline.sty
Package: hhline 2020/01/04 v2.04 Table rule package (DPC)
)
(/usr/share/texlive/texmf-dist/tex/latex/graphics/rotating.sty
Package: rotating 2016/08/11 v2.16d rotated objects in LaTeX
\c@r@tfl@t=\count193
\rotFPtop=\skip56
\rotFPbot=\skip57
\rot@float@box=\box47
\rot@mess@toks=\toks20
)
(/usr/share/texlive/texmf-dist/tex/latex/tools/verbatim.sty
Package: verbatim 2019/11/10 v1.5r LaTeX2e package for verbatim enhancements
\every@verbatim=\toks21
\verbatim@line=\toks22
\verbatim@in@stream=\read2
)
(/usr/share/texlive/texmf-dist/tex/latex/amsfonts/amsfonts.sty
Package: amsfonts 2013/01/14 v3.01 Basic AMSFonts support
\symAMSa=\mathgroup7
\symAMSb=\mathgroup8
LaTeX Font Info:    Redeclaring math symbol \hbar on input line 98.
LaTeX Font Info:    Overwriting math alphabet `\mathfrak' in version `bold'
(Font)                  U/euf/m/n --> U/euf/b/n on input line 106.
)
(/usr/share/texlive/texmf-dist/tex/latex/amsfonts/amssymb.sty
Package: amssymb 2013/01/14 v3.01 AMS font symbols
)
(/usr/share/texlive/texmf-dist/tex/latex/tools/xspace.sty
Package: xspace 2014/10/28 v1.13 Space after command names (DPC,MH)
)
(/usr/share/texlive/texmf-dist/tex/latex/tools/indentfirst.sty
Package: indentfirst 1995/11/23 v1.03 Indent first paragraph (DPC)
)
(/usr/share/texlive/texmf-dist/tex/latex/layouts/layouts.sty
Package: layouts 2009/09/02 v2.6d graphical depiction of document elements
\l@ylen=\skip58
\layoutsbox=\box48
\l@youtunitlength=\skip59
\l@youtlinethick=\skip60
\l@youtlinethickii=\skip61
\l@ysetupparskip=\skip62
\l@ysetupbaselineskip=\skip63
\l@yonem=\skip64
\l@yonex=\skip65
\l@ylmarg=\skip66
\l@yrmarg=\skip67
\l@yitmindent=\skip68
\l@ylblwidth=\skip69
\l@ylblsep=\skip70
\l@ylparindent=\skip71
\l@ytsep=\skip72
\l@ypskip=\skip73
\l@yptsep=\skip74
\l@ypsep=\skip75
\l@yitmsep=\skip76
\l@ytok=\toks23
\l@youtpw=\count194
\l@youtph=\count195
\l@youthpi=\count196
\l@youthpii=\count197
\l@youthpiii=\count198
\l@youthpiv=\count199
\l@youthpv=\count266
\l@youthpvi=\count267
\l@youthpvii=\count268
\l@youtparskip=\count269
\l@youtvpi=\count270
\l@youtvpii=\count271
\l@youtvpiii=\count272
\l@youtvpiv=\count273
\l@youtvpv=\count274
\l@youtvpvi=\count275
\l@youtvpvii=\count276
\l@youthdo=\count277
\l@youthdi=\count278
\l@youthdii=\count279
\l@youthdiii=\count280
\l@youthdiv=\count281
\l@youthdv=\count282
\l@youthdvi=\count283
\l@youthdvii=\count284
\l@youtvdo=\count285
\l@youtvdi=\count286
\l@youtvdii=\count287
\l@youtvdiii=\count288
\l@youtvdiv=\count289
\l@youtvdv=\count290
\l@youtvdvi=\count291
\l@youtvdvii=\count292
\l@youtvdviii=\count293
\l@youtxci=\count294
\l@youtxcii=\count295
\l@youtxciii=\count296
\l@youtxciv=\count297
\l@youtxcv=\count298
\l@youtxcvi=\count299
\l@youtyci=\count300
\l@youtycii=\count301
\l@youtyciii=\count302
\l@youtyciv=\count303
\l@youtycv=\count304
\l@youtycvi=\count305
\l@youtycvii=\count306
\l@youtycviii=\count307
\l@youtxco=\count308
\l@youtyco=\count309
\l@ytempdima=\skip77
\stockwidth=\skip78
\stockheight=\skip79
\trimedge=\skip80
\trimtop=\skip81
\uppermargin=\skip82
\spinemargin=\skip83
)
(/usr/share/texlive/texmf-dist/tex/latex/booktabs/booktabs.sty
Package: booktabs 2020/01/12 v1.61803398 Publication quality tables
\heavyrulewidth=\dimen146
\lightrulewidth=\dimen147
\cmidrulewidth=\dimen148
\belowrulesep=\dimen149
\belowbottomsep=\dimen150
\aboverulesep=\dimen151
\abovetopsep=\dimen152
\cmidrulesep=\dimen153
\cmidrulekern=\dimen154
\defaultaddspace=\dimen155
\@cmidla=\count310
\@cmidlb=\count311
\@aboverulesep=\dimen156
\@belowrulesep=\dimen157
\@thisruleclass=\count312
\@lastruleclass=\count313
\@thisrulewidth=\dimen158
)
(/usr/share/texlive/texmf-dist/tex/latex/tools/enumerate.sty
Package: enumerate 2015/07/23 v3.00 enumerate extensions (DPC)
\@enLab=\toks24
)
(/usr/share/texlive/texmf-dist/tex/latex/was/gensymb.sty
Package: gensymb 2003/07/02 v1.0 (WaS)
)
(/usr/share/texlive/texmf-dist/tex/latex/pgf/frontendlayer/tikz.sty
(/usr/share/texlive/texmf-dist/tex/latex/pgf/basiclayer/pgf.sty
(/usr/share/texlive/texmf-dist/tex/latex/pgf/utilities/pgfrcs.sty
(/usr/share/texlive/texmf-dist/tex/generic/pgf/utilities/pgfutil-common.tex
\pgfutil@everybye=\toks25
\pgfutil@tempdima=\dimen159
\pgfutil@tempdimb=\dimen160

(/usr/share/texlive/texmf-dist/tex/generic/pgf/utilities/pgfutil-common-lists.t
ex)) (/usr/share/texlive/texmf-dist/tex/generic/pgf/utilities/pgfutil-latex.def
\pgfutil@abb=\box49
(/usr/share/texlive/texmf-dist/tex/latex/ms/everyshi.sty
Package: everyshi 2001/05/15 v3.00 EveryShipout Package (MS)
))
(/usr/share/texlive/texmf-dist/tex/generic/pgf/utilities/pgfrcs.code.tex
(/usr/share/texlive/texmf-dist/tex/generic/pgf/pgf.revision.tex)
Package: pgfrcs 2020/01/08 v3.1.5b (3.1.5b)
))
Package: pgf 2020/01/08 v3.1.5b (3.1.5b)

(/usr/share/texlive/texmf-dist/tex/latex/pgf/basiclayer/pgfcore.sty
(/usr/share/texlive/texmf-dist/tex/latex/pgf/systemlayer/pgfsys.sty
(/usr/share/texlive/texmf-dist/tex/generic/pgf/systemlayer/pgfsys.code.tex
Package: pgfsys 2020/01/08 v3.1.5b (3.1.5b)

(/usr/share/texlive/texmf-dist/tex/generic/pgf/utilities/pgfkeys.code.tex
\pgfkeys@pathtoks=\toks26
\pgfkeys@temptoks=\toks27

(/usr/share/texlive/texmf-dist/tex/generic/pgf/utilities/pgfkeysfiltered.code.t
ex
\pgfkeys@tmptoks=\toks28
))
\pgf@x=\dimen161
\pgf@y=\dimen162
\pgf@xa=\dimen163
\pgf@ya=\dimen164
\pgf@xb=\dimen165
\pgf@yb=\dimen166
\pgf@xc=\dimen167
\pgf@yc=\dimen168
\pgf@xd=\dimen169
\pgf@yd=\dimen170
\w@pgf@writea=\write3
\r@pgf@reada=\read3
\c@pgf@counta=\count314
\c@pgf@countb=\count315
\c@pgf@countc=\count316
\c@pgf@countd=\count317
\t@pgf@toka=\toks29
\t@pgf@tokb=\toks30
\t@pgf@tokc=\toks31
\pgf@sys@id@count=\count318
 (/usr/share/texlive/texmf-dist/tex/generic/pgf/systemlayer/pgf.cfg
File: pgf.cfg 2020/01/08 v3.1.5b (3.1.5b)
)
Driver file for pgf: pgfsys-pdftex.def

(/usr/share/texlive/texmf-dist/tex/generic/pgf/systemlayer/pgfsys-pdftex.def
File: pgfsys-pdftex.def 2020/01/08 v3.1.5b (3.1.5b)

(/usr/share/texlive/texmf-dist/tex/generic/pgf/systemlayer/pgfsys-common-pdf.de
f
File: pgfsys-common-pdf.def 2020/01/08 v3.1.5b (3.1.5b)
)))
(/usr/share/texlive/texmf-dist/tex/generic/pgf/systemlayer/pgfsyssoftpath.code.
tex
File: pgfsyssoftpath.code.tex 2020/01/08 v3.1.5b (3.1.5b)
\pgfsyssoftpath@smallbuffer@items=\count319
\pgfsyssoftpath@bigbuffer@items=\count320
)
(/usr/share/texlive/texmf-dist/tex/generic/pgf/systemlayer/pgfsysprotocol.code.
tex
File: pgfsysprotocol.code.tex 2020/01/08 v3.1.5b (3.1.5b)
)) (/usr/share/texlive/texmf-dist/tex/latex/xcolor/xcolor.sty
Package: xcolor 2016/05/11 v2.12 LaTeX color extensions (UK)

(/usr/share/texlive/texmf-dist/tex/latex/graphics-cfg/color.cfg
File: color.cfg 2016/01/02 v1.6 sample color configuration
)
Package xcolor Info: Driver file: pdftex.def on input line 225.
Package xcolor Info: Model `cmy' substituted by `cmy0' on input line 1348.
Package xcolor Info: Model `hsb' substituted by `rgb' on input line 1352.
Package xcolor Info: Model `RGB' extended on input line 1364.
Package xcolor Info: Model `HTML' substituted by `rgb' on input line 1366.
Package xcolor Info: Model `Hsb' substituted by `hsb' on input line 1367.
Package xcolor Info: Model `tHsb' substituted by `hsb' on input line 1368.
Package xcolor Info: Model `HSB' substituted by `hsb' on input line 1369.
Package xcolor Info: Model `Gray' substituted by `gray' on input line 1370.
Package xcolor Info: Model `wave' substituted by `hsb' on input line 1371.
)
(/usr/share/texlive/texmf-dist/tex/generic/pgf/basiclayer/pgfcore.code.tex
Package: pgfcore 2020/01/08 v3.1.5b (3.1.5b)

(/usr/share/texlive/texmf-dist/tex/generic/pgf/math/pgfmath.code.tex
(/usr/share/texlive/texmf-dist/tex/generic/pgf/math/pgfmathcalc.code.tex
(/usr/share/texlive/texmf-dist/tex/generic/pgf/math/pgfmathutil.code.tex)
(/usr/share/texlive/texmf-dist/tex/generic/pgf/math/pgfmathparser.code.tex
\pgfmath@dimen=\dimen171
\pgfmath@count=\count321
\pgfmath@box=\box50
\pgfmath@toks=\toks32
\pgfmath@stack@operand=\toks33
\pgfmath@stack@operation=\toks34
)
(/usr/share/texlive/texmf-dist/tex/generic/pgf/math/pgfmathfunctions.code.tex
(/usr/share/texlive/texmf-dist/tex/generic/pgf/math/pgfmathfunctions.basic.code
.tex)
(/usr/share/texlive/texmf-dist/tex/generic/pgf/math/pgfmathfunctions.trigonomet
ric.code.tex)
(/usr/share/texlive/texmf-dist/tex/generic/pgf/math/pgfmathfunctions.random.cod
e.tex)
(/usr/share/texlive/texmf-dist/tex/generic/pgf/math/pgfmathfunctions.comparison
.code.tex)
(/usr/share/texlive/texmf-dist/tex/generic/pgf/math/pgfmathfunctions.base.code.
tex)
(/usr/share/texlive/texmf-dist/tex/generic/pgf/math/pgfmathfunctions.round.code
.tex)
(/usr/share/texlive/texmf-dist/tex/generic/pgf/math/pgfmathfunctions.misc.code.
tex)
(/usr/share/texlive/texmf-dist/tex/generic/pgf/math/pgfmathfunctions.integerari
thmetics.code.tex)))
(/usr/share/texlive/texmf-dist/tex/generic/pgf/math/pgfmathfloat.code.tex
\c@pgfmathroundto@lastzeros=\count322
))
(/usr/share/texlive/texmf-dist/tex/generic/pgf/math/pgfint.code.tex)
(/usr/share/texlive/texmf-dist/tex/generic/pgf/basiclayer/pgfcorepoints.code.te
x
File: pgfcorepoints.code.tex 2020/01/08 v3.1.5b (3.1.5b)
\pgf@picminx=\dimen172
\pgf@picmaxx=\dimen173
\pgf@picminy=\dimen174
\pgf@picmaxy=\dimen175
\pgf@pathminx=\dimen176
\pgf@pathmaxx=\dimen177
\pgf@pathminy=\dimen178
\pgf@pathmaxy=\dimen179
\pgf@xx=\dimen180
\pgf@xy=\dimen181
\pgf@yx=\dimen182
\pgf@yy=\dimen183
\pgf@zx=\dimen184
\pgf@zy=\dimen185
)
(/usr/share/texlive/texmf-dist/tex/generic/pgf/basiclayer/pgfcorepathconstruct.
code.tex
File: pgfcorepathconstruct.code.tex 2020/01/08 v3.1.5b (3.1.5b)
\pgf@path@lastx=\dimen186
\pgf@path@lasty=\dimen187
)
(/usr/share/texlive/texmf-dist/tex/generic/pgf/basiclayer/pgfcorepathusage.code
.tex
File: pgfcorepathusage.code.tex 2020/01/08 v3.1.5b (3.1.5b)
\pgf@shorten@end@additional=\dimen188
\pgf@shorten@start@additional=\dimen189
)
(/usr/share/texlive/texmf-dist/tex/generic/pgf/basiclayer/pgfcorescopes.code.te
x
File: pgfcorescopes.code.tex 2020/01/08 v3.1.5b (3.1.5b)
\pgfpic=\box51
\pgf@hbox=\box52
\pgf@layerbox@main=\box53
\pgf@picture@serial@count=\count323
)
(/usr/share/texlive/texmf-dist/tex/generic/pgf/basiclayer/pgfcoregraphicstate.c
ode.tex
File: pgfcoregraphicstate.code.tex 2020/01/08 v3.1.5b (3.1.5b)
\pgflinewidth=\dimen190
)
(/usr/share/texlive/texmf-dist/tex/generic/pgf/basiclayer/pgfcoretransformation
s.code.tex
File: pgfcoretransformations.code.tex 2020/01/08 v3.1.5b (3.1.5b)
\pgf@pt@x=\dimen191
\pgf@pt@y=\dimen192
\pgf@pt@temp=\dimen193
)
(/usr/share/texlive/texmf-dist/tex/generic/pgf/basiclayer/pgfcorequick.code.tex
File: pgfcorequick.code.tex 2020/01/08 v3.1.5b (3.1.5b)
)
(/usr/share/texlive/texmf-dist/tex/generic/pgf/basiclayer/pgfcoreobjects.code.t
ex
File: pgfcoreobjects.code.tex 2020/01/08 v3.1.5b (3.1.5b)
)
(/usr/share/texlive/texmf-dist/tex/generic/pgf/basiclayer/pgfcorepathprocessing
.code.tex
File: pgfcorepathprocessing.code.tex 2020/01/08 v3.1.5b (3.1.5b)
)
(/usr/share/texlive/texmf-dist/tex/generic/pgf/basiclayer/pgfcorearrows.code.te
x
File: pgfcorearrows.code.tex 2020/01/08 v3.1.5b (3.1.5b)
\pgfarrowsep=\dimen194
)
(/usr/share/texlive/texmf-dist/tex/generic/pgf/basiclayer/pgfcoreshade.code.tex
File: pgfcoreshade.code.tex 2020/01/08 v3.1.5b (3.1.5b)
\pgf@max=\dimen195
\pgf@sys@shading@range@num=\count324
\pgf@shadingcount=\count325
)
(/usr/share/texlive/texmf-dist/tex/generic/pgf/basiclayer/pgfcoreimage.code.tex
File: pgfcoreimage.code.tex 2020/01/08 v3.1.5b (3.1.5b)

(/usr/share/texlive/texmf-dist/tex/generic/pgf/basiclayer/pgfcoreexternal.code.
tex
File: pgfcoreexternal.code.tex 2020/01/08 v3.1.5b (3.1.5b)
\pgfexternal@startupbox=\box54
))
(/usr/share/texlive/texmf-dist/tex/generic/pgf/basiclayer/pgfcorelayers.code.te
x
File: pgfcorelayers.code.tex 2020/01/08 v3.1.5b (3.1.5b)
)
(/usr/share/texlive/texmf-dist/tex/generic/pgf/basiclayer/pgfcoretransparency.c
ode.tex
File: pgfcoretransparency.code.tex 2020/01/08 v3.1.5b (3.1.5b)
)
(/usr/share/texlive/texmf-dist/tex/generic/pgf/basiclayer/pgfcorepatterns.code.
tex
File: pgfcorepatterns.code.tex 2020/01/08 v3.1.5b (3.1.5b)
)
(/usr/share/texlive/texmf-dist/tex/generic/pgf/basiclayer/pgfcorerdf.code.tex
File: pgfcorerdf.code.tex 2020/01/08 v3.1.5b (3.1.5b)
)))
(/usr/share/texlive/texmf-dist/tex/generic/pgf/modules/pgfmoduleshapes.code.tex
File: pgfmoduleshapes.code.tex 2020/01/08 v3.1.5b (3.1.5b)
\pgfnodeparttextbox=\box55
) (/usr/share/texlive/texmf-dist/tex/generic/pgf/modules/pgfmoduleplot.code.tex
File: pgfmoduleplot.code.tex 2020/01/08 v3.1.5b (3.1.5b)
)
(/usr/share/texlive/texmf-dist/tex/latex/pgf/compatibility/pgfcomp-version-0-65
.sty
Package: pgfcomp-version-0-65 2020/01/08 v3.1.5b (3.1.5b)
\pgf@nodesepstart=\dimen196
\pgf@nodesepend=\dimen197
)
(/usr/share/texlive/texmf-dist/tex/latex/pgf/compatibility/pgfcomp-version-1-18
.sty
Package: pgfcomp-version-1-18 2020/01/08 v3.1.5b (3.1.5b)
)) (/usr/share/texlive/texmf-dist/tex/latex/pgf/utilities/pgffor.sty
(/usr/share/texlive/texmf-dist/tex/latex/pgf/utilities/pgfkeys.sty
(/usr/share/texlive/texmf-dist/tex/generic/pgf/utilities/pgfkeys.code.tex))
(/usr/share/texlive/texmf-dist/tex/latex/pgf/math/pgfmath.sty
(/usr/share/texlive/texmf-dist/tex/generic/pgf/math/pgfmath.code.tex))
(/usr/share/texlive/texmf-dist/tex/generic/pgf/utilities/pgffor.code.tex
Package: pgffor 2020/01/08 v3.1.5b (3.1.5b)

(/usr/share/texlive/texmf-dist/tex/generic/pgf/math/pgfmath.code.tex)
\pgffor@iter=\dimen198
\pgffor@skip=\dimen199
\pgffor@stack=\toks35
\pgffor@toks=\toks36
))
(/usr/share/texlive/texmf-dist/tex/generic/pgf/frontendlayer/tikz/tikz.code.tex
Package: tikz 2020/01/08 v3.1.5b (3.1.5b)

(/usr/share/texlive/texmf-dist/tex/generic/pgf/libraries/pgflibraryplothandlers
.code.tex
File: pgflibraryplothandlers.code.tex 2020/01/08 v3.1.5b (3.1.5b)
\pgf@plot@mark@count=\count326
\pgfplotmarksize=\dimen256
)
\tikz@lastx=\dimen257
\tikz@lasty=\dimen258
\tikz@lastxsaved=\dimen259
\tikz@lastysaved=\dimen260
\tikz@lastmovetox=\dimen261
\tikz@lastmovetoy=\dimen262
\tikzleveldistance=\dimen263
\tikzsiblingdistance=\dimen264
\tikz@figbox=\box56
\tikz@figbox@bg=\box57
\tikz@tempbox=\box58
\tikz@tempbox@bg=\box59
\tikztreelevel=\count327
\tikznumberofchildren=\count328
\tikznumberofcurrentchild=\count329
\tikz@fig@count=\count330

(/usr/share/texlive/texmf-dist/tex/generic/pgf/modules/pgfmodulematrix.code.tex
File: pgfmodulematrix.code.tex 2020/01/08 v3.1.5b (3.1.5b)
\pgfmatrixcurrentrow=\count331
\pgfmatrixcurrentcolumn=\count332
\pgf@matrix@numberofcolumns=\count333
)
\tikz@expandcount=\count334

(/usr/share/texlive/texmf-dist/tex/generic/pgf/frontendlayer/tikz/libraries/tik
zlibrarytopaths.code.tex
File: tikzlibrarytopaths.code.tex 2020/01/08 v3.1.5b (3.1.5b)
)))
(/usr/share/texlive/texmf-dist/tex/latex/mathtools/mathtools.sty
Package: mathtools 2020/01/17 v1.23 mathematical typesetting tools

(/usr/share/texlive/texmf-dist/tex/latex/tools/calc.sty
Package: calc 2017/05/25 v4.3 Infix arithmetic (KKT,FJ)
\calc@Acount=\count335
\calc@Bcount=\count336
\calc@Adimen=\dimen265
\calc@Bdimen=\dimen266
\calc@Askip=\skip84
\calc@Bskip=\skip85
LaTeX Info: Redefining \setlength on input line 80.
LaTeX Info: Redefining \addtolength on input line 81.
\calc@Ccount=\count337
\calc@Cskip=\skip86
)
(/usr/share/texlive/texmf-dist/tex/latex/mathtools/mhsetup.sty
Package: mhsetup 2017/03/31 v1.3 programming setup (MH)
)
LaTeX Info: Thecontrolsequence`\('isalreadyrobust on input line 129.
LaTeX Info: Thecontrolsequence`\)'isalreadyrobust on input line 129.
LaTeX Info: Thecontrolsequence`\['isalreadyrobust on input line 129.
LaTeX Info: Thecontrolsequence`\]'isalreadyrobust on input line 129.
\g_MT_multlinerow_int=\count338
\l_MT_multwidth_dim=\dimen267
\origjot=\skip87
\l_MT_shortvdotswithinadjustabove_dim=\dimen268
\l_MT_shortvdotswithinadjustbelow_dim=\dimen269
\l_MT_above_intertext_sep=\dimen270
\l_MT_below_intertext_sep=\dimen271
\l_MT_above_shortintertext_sep=\dimen272
\l_MT_below_shortintertext_sep=\dimen273
)
(/usr/share/texlive/texmf-dist/tex/latex/jknapltx/mathrsfs.sty
Package: mathrsfs 1996/01/01 Math RSFS package v1.0 (jk)
\symrsfs=\mathgroup9
)
(/usr/share/texlive/texmf-dist/tex/latex/pdfpages/pdfpages.sty
Package: pdfpages 2020/01/28 v0.5q Insert pages of external PDF documents (AM)

(/usr/share/texlive/texmf-dist/tex/latex/eso-pic/eso-pic.sty
Package: eso-pic 2018/04/12 v2.0h eso-pic (RN)

(/usr/share/texlive/texmf-dist/tex/generic/atbegshi/atbegshi.sty
Package: atbegshi 2019/12/05 v1.19 At begin shipout hook (HO)

(/usr/share/texlive/texmf-dist/tex/generic/infwarerr/infwarerr.sty
Package: infwarerr 2019/12/03 v1.5 Providing info/warning/error messages (HO)
)
(/usr/share/texlive/texmf-dist/tex/generic/ltxcmds/ltxcmds.sty
Package: ltxcmds 2019/12/15 v1.24 LaTeX kernel commands for general use (HO)
)
(/usr/share/texlive/texmf-dist/tex/generic/iftex/iftex.sty
Package: iftex 2019/11/07 v1.0c TeX engine tests
)))
\AM@pagewidth=\dimen274
\AM@pageheight=\dimen275

(/usr/share/texlive/texmf-dist/tex/latex/pdfpages/pppdftex.def
File: pppdftex.def 2020/01/28 v0.5q Pdfpages driver for pdfTeX (AM)
)
\AM@pagebox=\box60
\AM@global@opts=\toks37
\AM@pagecnt=\count339
\AM@toc@title=\toks38
\c@AM@survey=\count340
\AM@templatesizebox=\box61
)
(/usr/share/texlive/texmf-dist/tex/generic/pgf/frontendlayer/tikz/libraries/tik
zlibraryshapes.code.tex
File: tikzlibraryshapes.code.tex 2020/01/08 v3.1.5b (3.1.5b)

(/usr/share/texlive/texmf-dist/tex/generic/pgf/frontendlayer/tikz/libraries/tik
zlibraryshapes.geometric.code.tex
File: tikzlibraryshapes.geometric.code.tex 2020/01/08 v3.1.5b (3.1.5b)

(/usr/share/texlive/texmf-dist/tex/generic/pgf/libraries/shapes/pgflibraryshape
s.geometric.code.tex
File: pgflibraryshapes.geometric.code.tex 2020/01/08 v3.1.5b (3.1.5b)
))
(/usr/share/texlive/texmf-dist/tex/generic/pgf/frontendlayer/tikz/libraries/tik
zlibraryshapes.misc.code.tex
File: tikzlibraryshapes.misc.code.tex 2020/01/08 v3.1.5b (3.1.5b)

(/usr/share/texlive/texmf-dist/tex/generic/pgf/libraries/shapes/pgflibraryshape
s.misc.code.tex
File: pgflibraryshapes.misc.code.tex 2020/01/08 v3.1.5b (3.1.5b)
))
(/usr/share/texlive/texmf-dist/tex/generic/pgf/frontendlayer/tikz/libraries/tik
zlibraryshapes.symbols.code.tex
File: tikzlibraryshapes.symbols.code.tex 2020/01/08 v3.1.5b (3.1.5b)

(/usr/share/texlive/texmf-dist/tex/generic/pgf/libraries/shapes/pgflibraryshape
s.symbols.code.tex
File: pgflibraryshapes.symbols.code.tex 2020/01/08 v3.1.5b (3.1.5b)
))
(/usr/share/texlive/texmf-dist/tex/generic/pgf/frontendlayer/tikz/libraries/tik
zlibraryshapes.arrows.code.tex
File: tikzlibraryshapes.arrows.code.tex 2020/01/08 v3.1.5b (3.1.5b)

(/usr/share/texlive/texmf-dist/tex/generic/pgf/libraries/shapes/pgflibraryshape
s.arrows.code.tex
File: pgflibraryshapes.arrows.code.tex 2020/01/08 v3.1.5b (3.1.5b)
))
(/usr/share/texlive/texmf-dist/tex/generic/pgf/frontendlayer/tikz/libraries/tik
zlibraryshapes.callouts.code.tex
(/usr/share/texlive/texmf-dist/tex/generic/pgf/libraries/shapes/pgflibraryshape
s.callouts.code.tex))
(/usr/share/texlive/texmf-dist/tex/generic/pgf/frontendlayer/tikz/libraries/tik
zlibraryshapes.multipart.code.tex
File: tikzlibraryshapes.multipart.code.tex 2020/01/08 v3.1.5b (3.1.5b)

(/usr/share/texlive/texmf-dist/tex/generic/pgf/libraries/shapes/pgflibraryshape
s.multipart.code.tex
File: pgflibraryshapes.multipart.code.tex 2020/01/08 v3.1.5b (3.1.5b)
\pgfnodepartlowerbox=\box62
\pgfnodeparttwobox=\box63
\pgfnodepartthreebox=\box64
\pgfnodepartfourbox=\box65
\pgfnodeparttwentybox=\box66
\pgfnodepartnineteenbox=\box67
\pgfnodeparteighteenbox=\box68
\pgfnodepartseventeenbox=\box69
\pgfnodepartsixteenbox=\box70
\pgfnodepartfifteenbox=\box71
\pgfnodepartfourteenbox=\box72
\pgfnodepartthirteenbox=\box73
\pgfnodeparttwelvebox=\box74
\pgfnodepartelevenbox=\box75
\pgfnodeparttenbox=\box76
\pgfnodepartninebox=\box77
\pgfnodeparteightbox=\box78
\pgfnodepartsevenbox=\box79
\pgfnodepartsixbox=\box80
\pgfnodepartfivebox=\box81
)))
(/usr/share/texlive/texmf-dist/tex/generic/pgf/frontendlayer/tikz/libraries/tik
zlibraryarrows.code.tex
File: tikzlibraryarrows.code.tex 2020/01/08 v3.1.5b (3.1.5b)

(/usr/share/texlive/texmf-dist/tex/generic/pgf/libraries/pgflibraryarrows.code.
tex
File: pgflibraryarrows.code.tex 2020/01/08 v3.1.5b (3.1.5b)
\arrowsize=\dimen276
))
(/usr/share/texlive/texmf-dist/tex/generic/pgf/frontendlayer/tikz/libraries/tik
zlibraryautomata.code.tex
File: tikzlibraryautomata.code.tex 2020/01/08 v3.1.5b (3.1.5b)
)
(/usr/share/texlive/texmf-dist/tex/generic/pgf/frontendlayer/tikz/libraries/tik
zlibrarypositioning.code.tex
File: tikzlibrarypositioning.code.tex 2020/01/08 v3.1.5b (3.1.5b)
)
\@input{definitions.aux}
\openout2 = `definitions.aux'.

(./definitions.tex
\speaker=\box82
)
(/usr/share/texlive/texmf-dist/tex/latex/l3backend/l3backend-pdfmode.def
File: l3backend-pdfmode.def 2020-02-03 L3 backend support: PDF mode
\l__kernel_color_stack_int=\count341
\l__pdf_internal_box=\box83
)
(./thesis.aux (./CH1/introduction.aux) (./CH2/chapter2name.aux)
(./CH3/chapter3name.aux) (./CH4/chapter4name.aux) (./CH7/chapter7name.aux)
(./CH5/chapter5name.aux) (./CH8/chapter8name.aux

LaTeX Warning: Label `section:sect:Test2' multiply defined.

) (./CH6/conclusions.aux) (./BACK/bibliography.aux))
\openout1 = `thesis.aux'.

LaTeX Font Info:    Checking defaults for OML/cmm/m/it on input line 134.
LaTeX Font Info:    ... okay on input line 134.
LaTeX Font Info:    Checking defaults for OMS/cmsy/m/n on input line 134.
LaTeX Font Info:    ... okay on input line 134.
LaTeX Font Info:    Checking defaults for OT1/cmr/m/n on input line 134.
LaTeX Font Info:    ... okay on input line 134.
LaTeX Font Info:    Checking defaults for T1/cmr/m/n on input line 134.
LaTeX Font Info:    ... okay on input line 134.
LaTeX Font Info:    Checking defaults for TS1/cmr/m/n on input line 134.
LaTeX Font Info:    ... okay on input line 134.
LaTeX Font Info:    Checking defaults for OMX/cmex/m/n on input line 134.
LaTeX Font Info:    ... okay on input line 134.
LaTeX Font Info:    Checking defaults for U/cmr/m/n on input line 134.
LaTeX Font Info:    ... okay on input line 134.

(/usr/share/texlive/texmf-dist/tex/context/base/mkii/supp-pdf.mkii
[Loading MPS to PDF converter (version 2006.09.02).]
\scratchcounter=\count342
\scratchdimen=\dimen277
\scratchbox=\box84
\nofMPsegments=\count343
\nofMParguments=\count344
\everyMPshowfont=\toks39
\MPscratchCnt=\count345
\MPscratchDim=\dimen278
\MPnumerator=\count346
\makeMPintoPDFobject=\count347
\everyMPtoPDFconversion=\toks40
) (/usr/share/texlive/texmf-dist/tex/latex/epstopdf-pkg/epstopdf-base.sty
Package: epstopdf-base 2020-01-24 v2.11 Base part for package epstopdf
Package epstopdf-base Info: Redefining graphics rule for `.eps' on input line 4
85.

(/usr/share/texlive/texmf-dist/tex/latex/latexconfig/epstopdf-sys.cfg
File: epstopdf-sys.cfg 2010/07/13 v1.3 Configuration of (r)epstopdf for TeX Liv
e
))

Package layouts Warning: Layout scale set to 0.5 on input line 134.

LaTeX Info: Redefining \celsius on input line 134.
Package gensymb Info: Faking symbols for \degree and \celsius on input line 134
.

Package gensymb Warning: Not defining \perthousand.

LaTeX Info: Redefining \ohm on input line 134.
Package gensymb Info: Using \Omega for \ohm on input line 134.

Package gensymb Warning: Not defining \micro.

ABD: EveryShipout initializing macros
\AtBeginShipoutBox=\box85

(/usr/share/texlive/texmf-dist/tex/latex/pdflscape/pdflscape.sty
Package: pdflscape 2019/12/05 v0.12 Display of landscape pages in PDF (HO)

(/usr/share/texlive/texmf-dist/tex/latex/graphics/lscape.sty
Package: lscape 2000/10/22 v3.01 Landscape Pages (DPC)
)
Package pdflscape Info: Auto-detected driver: pdftex on input line 81.
) [1





{/var/lib/texmf/fonts/map/pdftex/updmap/pdftex.map}]
<../Paperwork/Fowler_Submission_Signature.pdf, id=10, 614.295pt x 794.97pt>
File: ../Paperwork/Fowler_Submission_Signature.pdf Graphic file (type pdf)
<use ../Paperwork/Fowler_Submission_Signature.pdf>
Package pdftex.def Info: ../Paperwork/Fowler_Submission_Signature.pdf  used on 
input line 149.
(pdftex.def)             Requested size: 614.29349pt x 794.96806pt.
File: ../Paperwork/Fowler_Submission_Signature.pdf Graphic file (type pdf)
<use ../Paperwork/Fowler_Submission_Signature.pdf>
Package pdftex.def Info: ../Paperwork/Fowler_Submission_Signature.pdf  used on 
input line 149.
(pdftex.def)             Requested size: 614.29349pt x 794.96806pt.
<../Paperwork/Fowler_Submission_Signature.pdf, id=13, page=1, 614.295pt x 794.9
7pt>
File: ../Paperwork/Fowler_Submission_Signature.pdf Graphic file (type pdf)
<use ../Paperwork/Fowler_Submission_Signature.pdf, page 1>
Package pdftex.def Info: ../Paperwork/Fowler_Submission_Signature.pdf , page1 u
sed on input line 149.
(pdftex.def)             Requested size: 614.29349pt x 794.96806pt.
File: ../Paperwork/Fowler_Submission_Signature.pdf Graphic file (type pdf)
<use ../Paperwork/Fowler_Submission_Signature.pdf, page 1>
Package pdftex.def Info: ../Paperwork/Fowler_Submission_Signature.pdf , page1 u
sed on input line 149.
(pdftex.def)             Requested size: 614.58406pt x 795.3441pt.
File: ../Paperwork/Fowler_Submission_Signature.pdf Graphic file (type pdf)
<use ../Paperwork/Fowler_Submission_Signature.pdf, page 1>
Package pdftex.def Info: ../Paperwork/Fowler_Submission_Signature.pdf , page1 u
sed on input line 149.
(pdftex.def)             Requested size: 614.58406pt x 795.3441pt.
File: ../Paperwork/Fowler_Submission_Signature.pdf Graphic file (type pdf)
<use ../Paperwork/Fowler_Submission_Signature.pdf, page 1>
Package pdftex.def Info: ../Paperwork/Fowler_Submission_Signature.pdf , page1 u
sed on input line 149.
(pdftex.def)             Requested size: 614.58406pt x 795.3441pt.
File: ../Paperwork/Fowler_Submission_Signature.pdf Graphic file (type pdf)
<use ../Paperwork/Fowler_Submission_Signature.pdf, page 1>
Package pdftex.def Info: ../Paperwork/Fowler_Submission_Signature.pdf , page1 u
sed on input line 149.
(pdftex.def)             Requested size: 614.58406pt x 795.3441pt.
 [2

 <../Paperwork/Fowler_Submission_Signature.pdf>]
<../Paperwork/Sarma's student paper signed - CK.pdf, id=20, 614.295pt x 794.97p
t>
File: ../Paperwork/Sarma's student paper signed - CK.pdf Graphic file (type pdf
)
<use ../Paperwork/Sarma's student paper signed - CK.pdf>
Package pdftex.def Info: ../Paperwork/Sarma's student paper signed - CK.pdf  us
ed on input line 152.
(pdftex.def)             Requested size: 614.29349pt x 794.96806pt.
File: ../Paperwork/Sarma's student paper signed - CK.pdf Graphic file (type pdf
)
<use ../Paperwork/Sarma's student paper signed - CK.pdf>
Package pdftex.def Info: ../Paperwork/Sarma's student paper signed - CK.pdf  us
ed on input line 152.
(pdftex.def)             Requested size: 614.29349pt x 794.96806pt.
<../Paperwork/Sarma's student paper signed - CK.pdf, id=23, page=1, 614.295pt x
 794.97pt>
File: ../Paperwork/Sarma's student paper signed - CK.pdf Graphic file (type pdf
)
<use ../Paperwork/Sarma's student paper signed - CK.pdf, page 1>
Package pdftex.def Info: ../Paperwork/Sarma's student paper signed - CK.pdf , p
age1 used on input line 152.
(pdftex.def)             Requested size: 614.29349pt x 794.96806pt.
File: ../Paperwork/Sarma's student paper signed - CK.pdf Graphic file (type pdf
)
<use ../Paperwork/Sarma's student paper signed - CK.pdf, page 1>
Package pdftex.def Info: ../Paperwork/Sarma's student paper signed - CK.pdf , p
age1 used on input line 152.
(pdftex.def)             Requested size: 614.58406pt x 795.3441pt.
File: ../Paperwork/Sarma's student paper signed - CK.pdf Graphic file (type pdf
)
<use ../Paperwork/Sarma's student paper signed - CK.pdf, page 1>
Package pdftex.def Info: ../Paperwork/Sarma's student paper signed - CK.pdf , p
age1 used on input line 152.
(pdftex.def)             Requested size: 614.58406pt x 795.3441pt.
File: ../Paperwork/Sarma's student paper signed - CK.pdf Graphic file (type pdf
)
<use ../Paperwork/Sarma's student paper signed - CK.pdf, page 1>
Package pdftex.def Info: ../Paperwork/Sarma's student paper signed - CK.pdf , p
age1 used on input line 152.
(pdftex.def)             Requested size: 614.58406pt x 795.3441pt.
File: ../Paperwork/Sarma's student paper signed - CK.pdf Graphic file (type pdf
)
<use ../Paperwork/Sarma's student paper signed - CK.pdf, page 1>
Package pdftex.def Info: ../Paperwork/Sarma's student paper signed - CK.pdf , p
age1 used on input line 152.
(pdftex.def)             Requested size: 614.58406pt x 795.3441pt.
 [3 <../Paperwork/Sarma's student paper signed - CK.pdf>]
<../Paperwork/Sarma's student paper signed - CK.pdf, id=81, page=2, 614.295pt x
 794.97pt>
File: ../Paperwork/Sarma's student paper signed - CK.pdf Graphic file (type pdf
)
<use ../Paperwork/Sarma's student paper signed - CK.pdf, page 2>
Package pdftex.def Info: ../Paperwork/Sarma's student paper signed - CK.pdf , p
age2 used on input line 152.
(pdftex.def)             Requested size: 614.58406pt x 795.3441pt.
File: ../Paperwork/Sarma's student paper signed - CK.pdf Graphic file (type pdf
)
<use ../Paperwork/Sarma's student paper signed - CK.pdf, page 2>
Package pdftex.def Info: ../Paperwork/Sarma's student paper signed - CK.pdf , p
age2 used on input line 152.
(pdftex.def)             Requested size: 614.58406pt x 795.3441pt.
File: ../Paperwork/Sarma's student paper signed - CK.pdf Graphic file (type pdf
)
<use ../Paperwork/Sarma's student paper signed - CK.pdf, page 2>
Package pdftex.def Info: ../Paperwork/Sarma's student paper signed - CK.pdf , p
age2 used on input line 152.
(pdftex.def)             Requested size: 614.58406pt x 795.3441pt.
 [4 <../Paperwork/Sarma's student paper signed - CK.pdf>]
<../Paperwork/Sarma's student paper signed - CK.pdf, id=86, page=3, 614.295pt x
 794.97pt>
File: ../Paperwork/Sarma's student paper signed - CK.pdf Graphic file (type pdf
)
<use ../Paperwork/Sarma's student paper signed - CK.pdf, page 3>
Package pdftex.def Info: ../Paperwork/Sarma's student paper signed - CK.pdf , p
age3 used on input line 152.
(pdftex.def)             Requested size: 614.58406pt x 795.3441pt.
File: ../Paperwork/Sarma's student paper signed - CK.pdf Graphic file (type pdf
)
<use ../Paperwork/Sarma's student paper signed - CK.pdf, page 3>
Package pdftex.def Info: ../Paperwork/Sarma's student paper signed - CK.pdf , p
age3 used on input line 152.
(pdftex.def)             Requested size: 614.58406pt x 795.3441pt.
File: ../Paperwork/Sarma's student paper signed - CK.pdf Graphic file (type pdf
)
<use ../Paperwork/Sarma's student paper signed - CK.pdf, page 3>
Package pdftex.def Info: ../Paperwork/Sarma's student paper signed - CK.pdf , p
age3 used on input line 152.
(pdftex.def)             Requested size: 614.58406pt x 795.3441pt.
 [5 <../Paperwork/Sarma's student paper signed - CK.pdf>] (./thesis.toc
LaTeX Font Info:    Trying to load font information for U+msa on input line 5.

(/usr/share/texlive/texmf-dist/tex/latex/amsfonts/umsa.fd
File: umsa.fd 2013/01/14 v3.01 AMS symbols A
)
LaTeX Font Info:    Trying to load font information for U+msb on input line 5.

(/usr/share/texlive/texmf-dist/tex/latex/amsfonts/umsb.fd
File: umsb.fd 2013/01/14 v3.01 AMS symbols B
)
LaTeX Font Info:    Trying to load font information for U+rsfs on input line 5.


(/usr/share/texlive/texmf-dist/tex/latex/jknapltx/ursfs.fd
File: ursfs.fd 1998/03/24 rsfs font definition file (jk)
) [6

] [7] [8])
\tf@toc=\write4
\openout4 = `thesis.toc'.


[9] (./thesis.lof [10


] [11] [12] [13])
\tf@lof=\write5
\openout5 = `thesis.lof'.

 [14] (./thesis.lot)
\tf@lot=\write6
\openout6 = `thesis.lot'.

 [15


]
\openout2 = `./CH1/introduction.aux'.


(./CH1/introduction.tex
CHAPTER 1.
[1





] [2] [3] [4] [5] [6] [7] [8]) [9] [10]
\openout2 = `./CH2/chapter2name.aux'.

 (./CH2/chapter2name.tex
CHAPTER 2.
[11



] [12] [13] [14] [15] [16] [17] [18]) [19]
\openout2 = `./CH3/chapter3name.aux'.

 (./CH3/chapter3name.tex
CHAPTER 3.
[20



] [21] [22] [23] [24] [25] [26] [27] [28] [29] [30] [31] [32] [33] [34]
[35] [36] [37]) [38]
\openout2 = `./CH4/chapter4name.aux'.

 (./CH4/chapter4name.tex
CHAPTER 4.
[39



] [40] [41] [42] [43] [44] [45] [46]) [47]
\openout2 = `./CH7/chapter7name.aux'.

 (./CH7/chapter7name.tex
CHAPTER 5.
[48



] [49] [50]) [51]
\openout2 = `./CH5/chapter5name.aux'.

 (./CH5/chapter5name.tex
CHAPTER 6.
[52



] [53]
Package epstopdf Info: Source file: <./CH5/EPSFDocs/Test1ROEvMUSCLvWENO3vWENO5C
FL1Nodes100RoeDensity.eps>
(epstopdf)                    date: 2021-02-24 09:04:50
(epstopdf)                    size: 71620 bytes
(epstopdf)             Output file: <./CH5/EPSFDocs/Test1ROEvMUSCLvWENO3vWENO5C
FL1Nodes100RoeDensity-eps-converted-to.pdf>
(epstopdf)                    date: 2021-02-24 09:08:49
(epstopdf)                    size: 28365 bytes
(epstopdf)             Command: <repstopdf --outfile=./CH5/EPSFDocs/Test1ROEvMU
SCLvWENO3vWENO5CFL1Nodes100RoeDensity-eps-converted-to.pdf ./CH5/EPSFDocs/Test1
ROEvMUSCLvWENO3vWENO5CFL1Nodes100RoeDensity.eps>
(epstopdf)             \includegraphics on input line 62.
Package epstopdf Info: Output file is already uptodate.
<./CH5/EPSFDocs/Test1ROEvMUSCLvWENO3vWENO5CFL1Nodes100RoeDensity-eps-converted-
to.pdf, id=305, 2438.10875pt x 1347.0325pt>
File: ./CH5/EPSFDocs/Test1ROEvMUSCLvWENO3vWENO5CFL1Nodes100RoeDensity-eps-conve
rted-to.pdf Graphic file (type pdf)
<use ./CH5/EPSFDocs/Test1ROEvMUSCLvWENO3vWENO5CFL1Nodes100RoeDensity-eps-conver
ted-to.pdf>
Package pdftex.def Info: ./CH5/EPSFDocs/Test1ROEvMUSCLvWENO3vWENO5CFL1Nodes100R
oeDensity-eps-converted-to.pdf  used on input line 62.
(pdftex.def)             Requested size: 361.34999pt x 199.64133pt.
Package epstopdf Info: Source file: <./CH5/EPSFDocs/Test1ROEvMUSCLvWENO3vWENO5C
FL1Nodes100RoeVelocity.eps>
(epstopdf)                    date: 2021-02-24 09:04:50
(epstopdf)                    size: 73398 bytes
(epstopdf)             Output file: <./CH5/EPSFDocs/Test1ROEvMUSCLvWENO3vWENO5C
FL1Nodes100RoeVelocity-eps-converted-to.pdf>
(epstopdf)                    date: 2021-02-24 09:08:49
(epstopdf)                    size: 30176 bytes
(epstopdf)             Command: <repstopdf --outfile=./CH5/EPSFDocs/Test1ROEvMU
SCLvWENO3vWENO5CFL1Nodes100RoeVelocity-eps-converted-to.pdf ./CH5/EPSFDocs/Test
1ROEvMUSCLvWENO3vWENO5CFL1Nodes100RoeVelocity.eps>
(epstopdf)             \includegraphics on input line 68.
Package epstopdf Info: Output file is already uptodate.
<./CH5/EPSFDocs/Test1ROEvMUSCLvWENO3vWENO5CFL1Nodes100RoeVelocity-eps-converted
-to.pdf, id=306, 2458.18375pt x 1363.0925pt>
File: ./CH5/EPSFDocs/Test1ROEvMUSCLvWENO3vWENO5CFL1Nodes100RoeVelocity-eps-conv
erted-to.pdf Graphic file (type pdf)
<use ./CH5/EPSFDocs/Test1ROEvMUSCLvWENO3vWENO5CFL1Nodes100RoeVelocity-eps-conve
rted-to.pdf>
Package pdftex.def Info: ./CH5/EPSFDocs/Test1ROEvMUSCLvWENO3vWENO5CFL1Nodes100R
oeVelocity-eps-converted-to.pdf  used on input line 68.
(pdftex.def)             Requested size: 361.34999pt x 200.35764pt.
Package epstopdf Info: Source file: <./CH5/EPSFDocs/Test1ROEvMUSCLvWENO3vWENO5C
FL1Nodes100RoePressure.eps>
(epstopdf)                    date: 2021-02-24 09:04:51
(epstopdf)                    size: 72536 bytes
(epstopdf)             Output file: <./CH5/EPSFDocs/Test1ROEvMUSCLvWENO3vWENO5C
FL1Nodes100RoePressure-eps-converted-to.pdf>
(epstopdf)                    date: 2021-02-24 09:08:49
(epstopdf)                    size: 28683 bytes
(epstopdf)             Command: <repstopdf --outfile=./CH5/EPSFDocs/Test1ROEvMU
SCLvWENO3vWENO5CFL1Nodes100RoePressure-eps-converted-to.pdf ./CH5/EPSFDocs/Test
1ROEvMUSCLvWENO3vWENO5CFL1Nodes100RoePressure.eps>
(epstopdf)             \includegraphics on input line 74.
Package epstopdf Info: Output file is already uptodate.
<./CH5/EPSFDocs/Test1ROEvMUSCLvWENO3vWENO5CFL1Nodes100RoePressure-eps-converted
-to.pdf, id=307, 2438.10875pt x 1347.0325pt>
File: ./CH5/EPSFDocs/Test1ROEvMUSCLvWENO3vWENO5CFL1Nodes100RoePressure-eps-conv
erted-to.pdf Graphic file (type pdf)
<use ./CH5/EPSFDocs/Test1ROEvMUSCLvWENO3vWENO5CFL1Nodes100RoePressure-eps-conve
rted-to.pdf>
Package pdftex.def Info: ./CH5/EPSFDocs/Test1ROEvMUSCLvWENO3vWENO5CFL1Nodes100R
oePressure-eps-converted-to.pdf  used on input line 74.
(pdftex.def)             Requested size: 361.34999pt x 199.64133pt.
Package epstopdf Info: Source file: <./CH5/EPSFDocs/Test1ROEvMUSCLvWENO3vWENO5C
FL1Nodes100RoeInternalEnergy.eps>
(epstopdf)                    date: 2021-02-24 09:04:52
(epstopdf)                    size: 73698 bytes
(epstopdf)             Output file: <./CH5/EPSFDocs/Test1ROEvMUSCLvWENO3vWENO5C
FL1Nodes100RoeInternalEnergy-eps-converted-to.pdf>
(epstopdf)                    date: 2021-02-24 09:08:49
(epstopdf)                    size: 29405 bytes
(epstopdf)             Command: <repstopdf --outfile=./CH5/EPSFDocs/Test1ROEvMU
SCLvWENO3vWENO5CFL1Nodes100RoeInternalEnergy-eps-converted-to.pdf ./CH5/EPSFDoc
s/Test1ROEvMUSCLvWENO3vWENO5CFL1Nodes100RoeInternalEnergy.eps>
(epstopdf)             \includegraphics on input line 80.
Package epstopdf Info: Output file is already uptodate.
<./CH5/EPSFDocs/Test1ROEvMUSCLvWENO3vWENO5CFL1Nodes100RoeInternalEnergy-eps-con
verted-to.pdf, id=308, 2438.10875pt x 1347.0325pt>
File: ./CH5/EPSFDocs/Test1ROEvMUSCLvWENO3vWENO5CFL1Nodes100RoeInternalEnergy-ep
s-converted-to.pdf Graphic file (type pdf)
<use ./CH5/EPSFDocs/Test1ROEvMUSCLvWENO3vWENO5CFL1Nodes100RoeInternalEnergy-eps
-converted-to.pdf>
Package pdftex.def Info: ./CH5/EPSFDocs/Test1ROEvMUSCLvWENO3vWENO5CFL1Nodes100R
oeInternalEnergy-eps-converted-to.pdf  used on input line 80.
(pdftex.def)             Requested size: 361.34999pt x 199.64133pt.
 [54 <./CH5/EPSFDocs/Test1ROEvMUSCLvWENO3vWENO5CFL1Nodes100RoeDensity-eps-conve
rted-to.pdf>] [55 <./CH5/EPSFDocs/Test1ROEvMUSCLvWENO3vWENO5CFL1Nodes100RoeVelo
city-eps-converted-to.pdf> <./CH5/EPSFDocs/Test1ROEvMUSCLvWENO3vWENO5CFL1Nodes1
00RoePressure-eps-converted-to.pdf>] [56 <./CH5/EPSFDocs/Test1ROEvMUSCLvWENO3vW
ENO5CFL1Nodes100RoeInternalEnergy-eps-converted-to.pdf>]
Package epstopdf Info: Source file: <./CH5/EPSFDocs/Test3ROEvMUSCLvWENO3vWENO5C
FL1Nodes100RoeDensity.eps>
(epstopdf)                    date: 2021-02-24 09:05:04
(epstopdf)                    size: 71520 bytes
(epstopdf)             Output file: <./CH5/EPSFDocs/Test3ROEvMUSCLvWENO3vWENO5C
FL1Nodes100RoeDensity-eps-converted-to.pdf>
(epstopdf)                    date: 2021-02-24 09:08:52
(epstopdf)                    size: 30561 bytes
(epstopdf)             Command: <repstopdf --outfile=./CH5/EPSFDocs/Test3ROEvMU
SCLvWENO3vWENO5CFL1Nodes100RoeDensity-eps-converted-to.pdf ./CH5/EPSFDocs/Test3
ROEvMUSCLvWENO3vWENO5CFL1Nodes100RoeDensity.eps>
(epstopdf)             \includegraphics on input line 96.
Package epstopdf Info: Output file is already uptodate.
<./CH5/EPSFDocs/Test3ROEvMUSCLvWENO3vWENO5CFL1Nodes100RoeDensity-eps-converted-
to.pdf, id=338, 2385.91376pt x 1363.0925pt>
File: ./CH5/EPSFDocs/Test3ROEvMUSCLvWENO3vWENO5CFL1Nodes100RoeDensity-eps-conve
rted-to.pdf Graphic file (type pdf)
<use ./CH5/EPSFDocs/Test3ROEvMUSCLvWENO3vWENO5CFL1Nodes100RoeDensity-eps-conver
ted-to.pdf>
Package pdftex.def Info: ./CH5/EPSFDocs/Test3ROEvMUSCLvWENO3vWENO5CFL1Nodes100R
oeDensity-eps-converted-to.pdf  used on input line 96.
(pdftex.def)             Requested size: 361.34999pt x 206.43097pt.
Package epstopdf Info: Source file: <./CH5/EPSFDocs/Test3ROEvMUSCLvWENO3vWENO5C
FL1Nodes100RoeVelocity.eps>
(epstopdf)                    date: 2021-02-24 09:05:05
(epstopdf)                    size: 71862 bytes
(epstopdf)             Output file: <./CH5/EPSFDocs/Test3ROEvMUSCLvWENO3vWENO5C
FL1Nodes100RoeVelocity-eps-converted-to.pdf>
(epstopdf)                    date: 2021-02-24 09:08:52
(epstopdf)                    size: 30892 bytes
(epstopdf)             Command: <repstopdf --outfile=./CH5/EPSFDocs/Test3ROEvMU
SCLvWENO3vWENO5CFL1Nodes100RoeVelocity-eps-converted-to.pdf ./CH5/EPSFDocs/Test
3ROEvMUSCLvWENO3vWENO5CFL1Nodes100RoeVelocity.eps>
(epstopdf)             \includegraphics on input line 102.
Package epstopdf Info: Output file is already uptodate.
<./CH5/EPSFDocs/Test3ROEvMUSCLvWENO3vWENO5CFL1Nodes100RoeVelocity-eps-converted
-to.pdf, id=339, 2421.045pt x 1347.0325pt>
File: ./CH5/EPSFDocs/Test3ROEvMUSCLvWENO3vWENO5CFL1Nodes100RoeVelocity-eps-conv
erted-to.pdf Graphic file (type pdf)
<use ./CH5/EPSFDocs/Test3ROEvMUSCLvWENO3vWENO5CFL1Nodes100RoeVelocity-eps-conve
rted-to.pdf>
Package pdftex.def Info: ./CH5/EPSFDocs/Test3ROEvMUSCLvWENO3vWENO5CFL1Nodes100R
oeVelocity-eps-converted-to.pdf  used on input line 102.
(pdftex.def)             Requested size: 361.34999pt x 201.039pt.
Package epstopdf Info: Source file: <./CH5/EPSFDocs/Test3ROEvMUSCLvWENO3vWENO5C
FL1Nodes100RoePressure.eps>
(epstopdf)                    date: 2021-02-24 09:05:06
(epstopdf)                    size: 71948 bytes
(epstopdf)             Output file: <./CH5/EPSFDocs/Test3ROEvMUSCLvWENO3vWENO5C
FL1Nodes100RoePressure-eps-converted-to.pdf>
(epstopdf)                    date: 2021-02-24 09:08:52
(epstopdf)                    size: 30196 bytes
(epstopdf)             Command: <repstopdf --outfile=./CH5/EPSFDocs/Test3ROEvMU
SCLvWENO3vWENO5CFL1Nodes100RoePressure-eps-converted-to.pdf ./CH5/EPSFDocs/Test
3ROEvMUSCLvWENO3vWENO5CFL1Nodes100RoePressure.eps>
(epstopdf)             \includegraphics on input line 108.
Package epstopdf Info: Output file is already uptodate.
<./CH5/EPSFDocs/Test3ROEvMUSCLvWENO3vWENO5CFL1Nodes100RoePressure-eps-converted
-to.pdf, id=340, 2491.3075pt x 1347.0325pt>
File: ./CH5/EPSFDocs/Test3ROEvMUSCLvWENO3vWENO5CFL1Nodes100RoePressure-eps-conv
erted-to.pdf Graphic file (type pdf)
<use ./CH5/EPSFDocs/Test3ROEvMUSCLvWENO3vWENO5CFL1Nodes100RoePressure-eps-conve
rted-to.pdf>
Package pdftex.def Info: ./CH5/EPSFDocs/Test3ROEvMUSCLvWENO3vWENO5CFL1Nodes100R
oePressure-eps-converted-to.pdf  used on input line 108.
(pdftex.def)             Requested size: 361.34999pt x 195.36609pt.
Package epstopdf Info: Source file: <./CH5/EPSFDocs/Test3ROEvMUSCLvWENO3vWENO5C
FL1Nodes100RoeInternalEnergy.eps>
(epstopdf)                    date: 2021-02-24 09:05:07
(epstopdf)                    size: 71543 bytes
(epstopdf)             Output file: <./CH5/EPSFDocs/Test3ROEvMUSCLvWENO3vWENO5C
FL1Nodes100RoeInternalEnergy-eps-converted-to.pdf>
(epstopdf)                    date: 2021-02-24 09:08:53
(epstopdf)                    size: 30943 bytes
(epstopdf)             Command: <repstopdf --outfile=./CH5/EPSFDocs/Test3ROEvMU
SCLvWENO3vWENO5CFL1Nodes100RoeInternalEnergy-eps-converted-to.pdf ./CH5/EPSFDoc
s/Test3ROEvMUSCLvWENO3vWENO5CFL1Nodes100RoeInternalEnergy.eps>
(epstopdf)             \includegraphics on input line 114.
Package epstopdf Info: Output file is already uptodate.
<./CH5/EPSFDocs/Test3ROEvMUSCLvWENO3vWENO5CFL1Nodes100RoeInternalEnergy-eps-con
verted-to.pdf, id=341, 2491.3075pt x 1347.0325pt>
File: ./CH5/EPSFDocs/Test3ROEvMUSCLvWENO3vWENO5CFL1Nodes100RoeInternalEnergy-ep
s-converted-to.pdf Graphic file (type pdf)
<use ./CH5/EPSFDocs/Test3ROEvMUSCLvWENO3vWENO5CFL1Nodes100RoeInternalEnergy-eps
-converted-to.pdf>
Package pdftex.def Info: ./CH5/EPSFDocs/Test3ROEvMUSCLvWENO3vWENO5CFL1Nodes100R
oeInternalEnergy-eps-converted-to.pdf  used on input line 114.
(pdftex.def)             Requested size: 361.34999pt x 195.36609pt.
 [57] [58 <./CH5/EPSFDocs/Test3ROEvMUSCLvWENO3vWENO5CFL1Nodes100RoeDensity-eps-
converted-to.pdf> <./CH5/EPSFDocs/Test3ROEvMUSCLvWENO3vWENO5CFL1Nodes100RoeVelo
city-eps-converted-to.pdf>] [59 <./CH5/EPSFDocs/Test3ROEvMUSCLvWENO3vWENO5CFL1N
odes100RoePressure-eps-converted-to.pdf> <./CH5/EPSFDocs/Test3ROEvMUSCLvWENO3vW
ENO5CFL1Nodes100RoeInternalEnergy-eps-converted-to.pdf>]
Package epstopdf Info: Source file: <./CH5/EPSFDocs/Test4ROEvMUSCLvWENO3vWENO5C
FL1Nodes100RoeDensity.eps>
(epstopdf)                    date: 2021-02-24 09:05:19
(epstopdf)                    size: 72588 bytes
(epstopdf)             Output file: <./CH5/EPSFDocs/Test4ROEvMUSCLvWENO3vWENO5C
FL1Nodes100RoeDensity-eps-converted-to.pdf>
(epstopdf)                    date: 2021-02-24 09:08:53
(epstopdf)                    size: 25931 bytes
(epstopdf)             Command: <repstopdf --outfile=./CH5/EPSFDocs/Test4ROEvMU
SCLvWENO3vWENO5CFL1Nodes100RoeDensity-eps-converted-to.pdf ./CH5/EPSFDocs/Test4
ROEvMUSCLvWENO3vWENO5CFL1Nodes100RoeDensity.eps>
(epstopdf)             \includegraphics on input line 127.
Package epstopdf Info: Output file is already uptodate.
<./CH5/EPSFDocs/Test4ROEvMUSCLvWENO3vWENO5CFL1Nodes100RoeDensity-eps-converted-
to.pdf, id=373, 2421.045pt x 1363.0925pt>
File: ./CH5/EPSFDocs/Test4ROEvMUSCLvWENO3vWENO5CFL1Nodes100RoeDensity-eps-conve
rted-to.pdf Graphic file (type pdf)
<use ./CH5/EPSFDocs/Test4ROEvMUSCLvWENO3vWENO5CFL1Nodes100RoeDensity-eps-conver
ted-to.pdf>
Package pdftex.def Info: ./CH5/EPSFDocs/Test4ROEvMUSCLvWENO3vWENO5CFL1Nodes100R
oeDensity-eps-converted-to.pdf  used on input line 127.
(pdftex.def)             Requested size: 361.34999pt x 203.4359pt.
Package epstopdf Info: Source file: <./CH5/EPSFDocs/Test4ROEvMUSCLvWENO3vWENO5C
FL1Nodes100RoeVelocity.eps>
(epstopdf)                    date: 2021-02-24 09:05:20
(epstopdf)                    size: 72461 bytes
(epstopdf)             Output file: <./CH5/EPSFDocs/Test4ROEvMUSCLvWENO3vWENO5C
FL1Nodes100RoeVelocity-eps-converted-to.pdf>
(epstopdf)                    date: 2021-02-24 09:08:53
(epstopdf)                    size: 26255 bytes
(epstopdf)             Command: <repstopdf --outfile=./CH5/EPSFDocs/Test4ROEvMU
SCLvWENO3vWENO5CFL1Nodes100RoeVelocity-eps-converted-to.pdf ./CH5/EPSFDocs/Test
4ROEvMUSCLvWENO3vWENO5CFL1Nodes100RoeVelocity.eps>
(epstopdf)             \includegraphics on input line 133.
Package epstopdf Info: Output file is already uptodate.
<./CH5/EPSFDocs/Test4ROEvMUSCLvWENO3vWENO5CFL1Nodes100RoeVelocity-eps-converted
-to.pdf, id=374, 2440.11626pt x 1363.0925pt>
File: ./CH5/EPSFDocs/Test4ROEvMUSCLvWENO3vWENO5CFL1Nodes100RoeVelocity-eps-conv
erted-to.pdf Graphic file (type pdf)
<use ./CH5/EPSFDocs/Test4ROEvMUSCLvWENO3vWENO5CFL1Nodes100RoeVelocity-eps-conve
rted-to.pdf>
Package pdftex.def Info: ./CH5/EPSFDocs/Test4ROEvMUSCLvWENO3vWENO5CFL1Nodes100R
oeVelocity-eps-converted-to.pdf  used on input line 133.
(pdftex.def)             Requested size: 361.34999pt x 201.85516pt.
Package epstopdf Info: Source file: <./CH5/EPSFDocs/Test4ROEvMUSCLvWENO3vWENO5C
FL1Nodes100RoePressure.eps>
(epstopdf)                    date: 2021-02-24 09:05:21
(epstopdf)                    size: 73468 bytes
(epstopdf)             Output file: <./CH5/EPSFDocs/Test4ROEvMUSCLvWENO3vWENO5C
FL1Nodes100RoePressure-eps-converted-to.pdf>
(epstopdf)                    date: 2021-02-24 09:08:53
(epstopdf)                    size: 25658 bytes
(epstopdf)             Command: <repstopdf --outfile=./CH5/EPSFDocs/Test4ROEvMU
SCLvWENO3vWENO5CFL1Nodes100RoePressure-eps-converted-to.pdf ./CH5/EPSFDocs/Test
4ROEvMUSCLvWENO3vWENO5CFL1Nodes100RoePressure.eps>
(epstopdf)             \includegraphics on input line 139.
Package epstopdf Info: Output file is already uptodate.
<./CH5/EPSFDocs/Test4ROEvMUSCLvWENO3vWENO5CFL1Nodes100RoePressure-eps-converted
-to.pdf, id=375, 2491.3075pt x 1347.0325pt>
File: ./CH5/EPSFDocs/Test4ROEvMUSCLvWENO3vWENO5CFL1Nodes100RoePressure-eps-conv
erted-to.pdf Graphic file (type pdf)
<use ./CH5/EPSFDocs/Test4ROEvMUSCLvWENO3vWENO5CFL1Nodes100RoePressure-eps-conve
rted-to.pdf>
Package pdftex.def Info: ./CH5/EPSFDocs/Test4ROEvMUSCLvWENO3vWENO5CFL1Nodes100R
oePressure-eps-converted-to.pdf  used on input line 139.
(pdftex.def)             Requested size: 361.34999pt x 195.36609pt.
Package epstopdf Info: Source file: <./CH5/EPSFDocs/Test4ROEvMUSCLvWENO3vWENO5C
FL1Nodes100RoeInternalEnergy.eps>
(epstopdf)                    date: 2021-02-24 09:05:22
(epstopdf)                    size: 71945 bytes
(epstopdf)             Output file: <./CH5/EPSFDocs/Test4ROEvMUSCLvWENO3vWENO5C
FL1Nodes100RoeInternalEnergy-eps-converted-to.pdf>
(epstopdf)                    date: 2021-02-24 09:08:53
(epstopdf)                    size: 26559 bytes
(epstopdf)             Command: <repstopdf --outfile=./CH5/EPSFDocs/Test4ROEvMU
SCLvWENO3vWENO5CFL1Nodes100RoeInternalEnergy-eps-converted-to.pdf ./CH5/EPSFDoc
s/Test4ROEvMUSCLvWENO3vWENO5CFL1Nodes100RoeInternalEnergy.eps>
(epstopdf)             \includegraphics on input line 145.
Package epstopdf Info: Output file is already uptodate.
<./CH5/EPSFDocs/Test4ROEvMUSCLvWENO3vWENO5CFL1Nodes100RoeInternalEnergy-eps-con
verted-to.pdf, id=376, 2455.1725pt x 1347.0325pt>
File: ./CH5/EPSFDocs/Test4ROEvMUSCLvWENO3vWENO5CFL1Nodes100RoeInternalEnergy-ep
s-converted-to.pdf Graphic file (type pdf)
<use ./CH5/EPSFDocs/Test4ROEvMUSCLvWENO3vWENO5CFL1Nodes100RoeInternalEnergy-eps
-converted-to.pdf>
Package pdftex.def Info: ./CH5/EPSFDocs/Test4ROEvMUSCLvWENO3vWENO5CFL1Nodes100R
oeInternalEnergy-eps-converted-to.pdf  used on input line 145.
(pdftex.def)             Requested size: 361.34999pt x 198.24365pt.
 [60] [61 <./CH5/EPSFDocs/Test4ROEvMUSCLvWENO3vWENO5CFL1Nodes100RoeDensity-eps-
converted-to.pdf> <./CH5/EPSFDocs/Test4ROEvMUSCLvWENO3vWENO5CFL1Nodes100RoeVelo
city-eps-converted-to.pdf>] [62 <./CH5/EPSFDocs/Test4ROEvMUSCLvWENO3vWENO5CFL1N
odes100RoePressure-eps-converted-to.pdf> <./CH5/EPSFDocs/Test4ROEvMUSCLvWENO3vW
ENO5CFL1Nodes100RoeInternalEnergy-eps-converted-to.pdf>]
Package epstopdf Info: Source file: <./CH5/EPSFDocs/Test5ROEvMUSCLvWENO3vWENO5C
FL1Nodes100RoeDensity.eps>
(epstopdf)                    date: 2021-02-24 09:04:32
(epstopdf)                    size: 71582 bytes
(epstopdf)             Output file: <./CH5/EPSFDocs/Test5ROEvMUSCLvWENO3vWENO5C
FL1Nodes100RoeDensity-eps-converted-to.pdf>
(epstopdf)                    date: 2021-02-24 09:08:56
(epstopdf)                    size: 30258 bytes
(epstopdf)             Command: <repstopdf --outfile=./CH5/EPSFDocs/Test5ROEvMU
SCLvWENO3vWENO5CFL1Nodes100RoeDensity-eps-converted-to.pdf ./CH5/EPSFDocs/Test5
ROEvMUSCLvWENO3vWENO5CFL1Nodes100RoeDensity.eps>
(epstopdf)             \includegraphics on input line 158.
Package epstopdf Info: Output file is already uptodate.
<./CH5/EPSFDocs/Test5ROEvMUSCLvWENO3vWENO5CFL1Nodes100RoeDensity-eps-converted-
to.pdf, id=406, 2385.91376pt x 1363.0925pt>
File: ./CH5/EPSFDocs/Test5ROEvMUSCLvWENO3vWENO5CFL1Nodes100RoeDensity-eps-conve
rted-to.pdf Graphic file (type pdf)
<use ./CH5/EPSFDocs/Test5ROEvMUSCLvWENO3vWENO5CFL1Nodes100RoeDensity-eps-conver
ted-to.pdf>
Package pdftex.def Info: ./CH5/EPSFDocs/Test5ROEvMUSCLvWENO3vWENO5CFL1Nodes100R
oeDensity-eps-converted-to.pdf  used on input line 158.
(pdftex.def)             Requested size: 361.34999pt x 206.43097pt.
Package epstopdf Info: Source file: <./CH5/EPSFDocs/Test5ROEvMUSCLvWENO3vWENO5C
FL1Nodes100RoeVelocity.eps>
(epstopdf)                    date: 2021-02-24 09:04:33
(epstopdf)                    size: 70022 bytes
(epstopdf)             Output file: <./CH5/EPSFDocs/Test5ROEvMUSCLvWENO3vWENO5C
FL1Nodes100RoeVelocity-eps-converted-to.pdf>
(epstopdf)                    date: 2021-02-24 09:08:56
(epstopdf)                    size: 30685 bytes
(epstopdf)             Command: <repstopdf --outfile=./CH5/EPSFDocs/Test5ROEvMU
SCLvWENO3vWENO5CFL1Nodes100RoeVelocity-eps-converted-to.pdf ./CH5/EPSFDocs/Test
5ROEvMUSCLvWENO3vWENO5CFL1Nodes100RoeVelocity.eps>
(epstopdf)             \includegraphics on input line 164.
Package epstopdf Info: Output file is already uptodate.
<./CH5/EPSFDocs/Test5ROEvMUSCLvWENO3vWENO5CFL1Nodes100RoeVelocity-eps-converted
-to.pdf, id=407, 2440.11626pt x 1347.0325pt>
File: ./CH5/EPSFDocs/Test5ROEvMUSCLvWENO3vWENO5CFL1Nodes100RoeVelocity-eps-conv
erted-to.pdf Graphic file (type pdf)
<use ./CH5/EPSFDocs/Test5ROEvMUSCLvWENO3vWENO5CFL1Nodes100RoeVelocity-eps-conve
rted-to.pdf>
Package pdftex.def Info: ./CH5/EPSFDocs/Test5ROEvMUSCLvWENO3vWENO5CFL1Nodes100R
oeVelocity-eps-converted-to.pdf  used on input line 164.
(pdftex.def)             Requested size: 361.34999pt x 199.4769pt.
Package epstopdf Info: Source file: <./CH5/EPSFDocs/Test5ROEvMUSCLvWENO3vWENO5C
FL1Nodes100RoePressure.eps>
(epstopdf)                    date: 2021-02-24 09:04:34
(epstopdf)                    size: 71856 bytes
(epstopdf)             Output file: <./CH5/EPSFDocs/Test5ROEvMUSCLvWENO3vWENO5C
FL1Nodes100RoePressure-eps-converted-to.pdf>
(epstopdf)                    date: 2021-02-24 09:08:57
(epstopdf)                    size: 31246 bytes
(epstopdf)             Command: <repstopdf --outfile=./CH5/EPSFDocs/Test5ROEvMU
SCLvWENO3vWENO5CFL1Nodes100RoePressure-eps-converted-to.pdf ./CH5/EPSFDocs/Test
5ROEvMUSCLvWENO3vWENO5CFL1Nodes100RoePressure.eps>
(epstopdf)             \includegraphics on input line 170.
Package epstopdf Info: Output file is already uptodate.
<./CH5/EPSFDocs/Test5ROEvMUSCLvWENO3vWENO5CFL1Nodes100RoePressure-eps-converted
-to.pdf, id=408, 2491.3075pt x 1347.0325pt>
File: ./CH5/EPSFDocs/Test5ROEvMUSCLvWENO3vWENO5CFL1Nodes100RoePressure-eps-conv
erted-to.pdf Graphic file (type pdf)
<use ./CH5/EPSFDocs/Test5ROEvMUSCLvWENO3vWENO5CFL1Nodes100RoePressure-eps-conve
rted-to.pdf>
Package pdftex.def Info: ./CH5/EPSFDocs/Test5ROEvMUSCLvWENO3vWENO5CFL1Nodes100R
oePressure-eps-converted-to.pdf  used on input line 170.
(pdftex.def)             Requested size: 361.34999pt x 195.36609pt.
Package epstopdf Info: Source file: <./CH5/EPSFDocs/Test5ROEvMUSCLvWENO3vWENO5C
FL1Nodes100RoeInternalEnergy.eps>
(epstopdf)                    date: 2021-02-24 09:04:34
(epstopdf)                    size: 71420 bytes
(epstopdf)             Output file: <./CH5/EPSFDocs/Test5ROEvMUSCLvWENO3vWENO5C
FL1Nodes100RoeInternalEnergy-eps-converted-to.pdf>
(epstopdf)                    date: 2021-02-24 09:08:57
(epstopdf)                    size: 30697 bytes
(epstopdf)             Command: <repstopdf --outfile=./CH5/EPSFDocs/Test5ROEvMU
SCLvWENO3vWENO5CFL1Nodes100RoeInternalEnergy-eps-converted-to.pdf ./CH5/EPSFDoc
s/Test5ROEvMUSCLvWENO3vWENO5CFL1Nodes100RoeInternalEnergy.eps>
(epstopdf)             \includegraphics on input line 176.
Package epstopdf Info: Output file is already uptodate.
<./CH5/EPSFDocs/Test5ROEvMUSCLvWENO3vWENO5CFL1Nodes100RoeInternalEnergy-eps-con
verted-to.pdf, id=409, 2491.3075pt x 1347.0325pt>
File: ./CH5/EPSFDocs/Test5ROEvMUSCLvWENO3vWENO5CFL1Nodes100RoeInternalEnergy-ep
s-converted-to.pdf Graphic file (type pdf)
<use ./CH5/EPSFDocs/Test5ROEvMUSCLvWENO3vWENO5CFL1Nodes100RoeInternalEnergy-eps
-converted-to.pdf>
Package pdftex.def Info: ./CH5/EPSFDocs/Test5ROEvMUSCLvWENO3vWENO5CFL1Nodes100R
oeInternalEnergy-eps-converted-to.pdf  used on input line 176.
(pdftex.def)             Requested size: 361.34999pt x 195.36609pt.
 [63] [64 <./CH5/EPSFDocs/Test5ROEvMUSCLvWENO3vWENO5CFL1Nodes100RoeDensity-eps-
converted-to.pdf> <./CH5/EPSFDocs/Test5ROEvMUSCLvWENO3vWENO5CFL1Nodes100RoeVelo
city-eps-converted-to.pdf>] [65 <./CH5/EPSFDocs/Test5ROEvMUSCLvWENO3vWENO5CFL1N
odes100RoePressure-eps-converted-to.pdf> <./CH5/EPSFDocs/Test5ROEvMUSCLvWENO3vW
ENO5CFL1Nodes100RoeInternalEnergy-eps-converted-to.pdf>])
[66]
\openout2 = `./CH8/chapter8name.aux'.

 (./CH8/chapter8name.tex
CHAPTER 7.
[67



] [68]
Package epstopdf Info: Source file: <./CH5/EPSFDocs/Test1CD2ROEvMUSCLvWENO3vWEN
O5CFL1Nodes100RoeDensity.eps>
(epstopdf)                    date: 2021-02-24 09:06:00
(epstopdf)                    size: 79716 bytes
(epstopdf)             Output file: <./CH5/EPSFDocs/Test1CD2ROEvMUSCLvWENO3vWEN
O5CFL1Nodes100RoeDensity-eps-converted-to.pdf>
(epstopdf)                    date: 2021-02-24 09:08:49
(epstopdf)                    size: 34934 bytes
(epstopdf)             Command: <repstopdf --outfile=./CH5/EPSFDocs/Test1CD2ROE
vMUSCLvWENO3vWENO5CFL1Nodes100RoeDensity-eps-converted-to.pdf ./CH5/EPSFDocs/Te
st1CD2ROEvMUSCLvWENO3vWENO5CFL1Nodes100RoeDensity.eps>
(epstopdf)             \includegraphics on input line 28.
Package epstopdf Info: Output file is already uptodate.
<./CH5/EPSFDocs/Test1CD2ROEvMUSCLvWENO3vWENO5CFL1Nodes100RoeDensity-eps-convert
ed-to.pdf, id=449, 2438.10875pt x 1347.0325pt>
File: ./CH5/EPSFDocs/Test1CD2ROEvMUSCLvWENO3vWENO5CFL1Nodes100RoeDensity-eps-co
nverted-to.pdf Graphic file (type pdf)
<use ./CH5/EPSFDocs/Test1CD2ROEvMUSCLvWENO3vWENO5CFL1Nodes100RoeDensity-eps-con
verted-to.pdf>
Package pdftex.def Info: ./CH5/EPSFDocs/Test1CD2ROEvMUSCLvWENO3vWENO5CFL1Nodes1
00RoeDensity-eps-converted-to.pdf  used on input line 28.
(pdftex.def)             Requested size: 361.34999pt x 199.64133pt.
Package epstopdf Info: Source file: <./CH5/EPSFDocs/Test1CD2ROEvMUSCLvWENO3vWEN
O5CFL1Nodes100RoeVelocity.eps>
(epstopdf)                    date: 2021-02-24 09:06:01
(epstopdf)                    size: 81471 bytes
(epstopdf)             Output file: <./CH5/EPSFDocs/Test1CD2ROEvMUSCLvWENO3vWEN
O5CFL1Nodes100RoeVelocity-eps-converted-to.pdf>
(epstopdf)                    date: 2021-02-24 09:08:50
(epstopdf)                    size: 37097 bytes
(epstopdf)             Command: <repstopdf --outfile=./CH5/EPSFDocs/Test1CD2ROE
vMUSCLvWENO3vWENO5CFL1Nodes100RoeVelocity-eps-converted-to.pdf ./CH5/EPSFDocs/T
est1CD2ROEvMUSCLvWENO3vWENO5CFL1Nodes100RoeVelocity.eps>
(epstopdf)             \includegraphics on input line 34.
Package epstopdf Info: Output file is already uptodate.
<./CH5/EPSFDocs/Test1CD2ROEvMUSCLvWENO3vWENO5CFL1Nodes100RoeVelocity-eps-conver
ted-to.pdf, id=450, 2458.18375pt x 1363.0925pt>
File: ./CH5/EPSFDocs/Test1CD2ROEvMUSCLvWENO3vWENO5CFL1Nodes100RoeVelocity-eps-c
onverted-to.pdf Graphic file (type pdf)
<use ./CH5/EPSFDocs/Test1CD2ROEvMUSCLvWENO3vWENO5CFL1Nodes100RoeVelocity-eps-co
nverted-to.pdf>
Package pdftex.def Info: ./CH5/EPSFDocs/Test1CD2ROEvMUSCLvWENO3vWENO5CFL1Nodes1
00RoeVelocity-eps-converted-to.pdf  used on input line 34.
(pdftex.def)             Requested size: 361.34999pt x 200.35764pt.
Package epstopdf Info: Source file: <./CH5/EPSFDocs/Test1CD2ROEvMUSCLvWENO3vWEN
O5CFL1Nodes100RoePressure.eps>
(epstopdf)                    date: 2021-02-24 09:06:02
(epstopdf)                    size: 80621 bytes
(epstopdf)             Output file: <./CH5/EPSFDocs/Test1CD2ROEvMUSCLvWENO3vWEN
O5CFL1Nodes100RoePressure-eps-converted-to.pdf>
(epstopdf)                    date: 2021-02-24 09:08:50
(epstopdf)                    size: 35243 bytes
(epstopdf)             Command: <repstopdf --outfile=./CH5/EPSFDocs/Test1CD2ROE
vMUSCLvWENO3vWENO5CFL1Nodes100RoePressure-eps-converted-to.pdf ./CH5/EPSFDocs/T
est1CD2ROEvMUSCLvWENO3vWENO5CFL1Nodes100RoePressure.eps>
(epstopdf)             \includegraphics on input line 40.
Package epstopdf Info: Output file is already uptodate.
<./CH5/EPSFDocs/Test1CD2ROEvMUSCLvWENO3vWENO5CFL1Nodes100RoePressure-eps-conver
ted-to.pdf, id=451, 2438.10875pt x 1347.0325pt>
File: ./CH5/EPSFDocs/Test1CD2ROEvMUSCLvWENO3vWENO5CFL1Nodes100RoePressure-eps-c
onverted-to.pdf Graphic file (type pdf)
<use ./CH5/EPSFDocs/Test1CD2ROEvMUSCLvWENO3vWENO5CFL1Nodes100RoePressure-eps-co
nverted-to.pdf>
Package pdftex.def Info: ./CH5/EPSFDocs/Test1CD2ROEvMUSCLvWENO3vWENO5CFL1Nodes1
00RoePressure-eps-converted-to.pdf  used on input line 40.
(pdftex.def)             Requested size: 361.34999pt x 199.64133pt.
Package epstopdf Info: Source file: <./CH5/EPSFDocs/Test1CD2ROEvMUSCLvWENO3vWEN
O5CFL1Nodes100RoeInternalEnergy.eps>
(epstopdf)                    date: 2021-02-24 09:06:04
(epstopdf)                    size: 81757 bytes
(epstopdf)             Output file: <./CH5/EPSFDocs/Test1CD2ROEvMUSCLvWENO3vWEN
O5CFL1Nodes100RoeInternalEnergy-eps-converted-to.pdf>
(epstopdf)                    date: 2021-02-24 09:08:50
(epstopdf)                    size: 36140 bytes
(epstopdf)             Command: <repstopdf --outfile=./CH5/EPSFDocs/Test1CD2ROE
vMUSCLvWENO3vWENO5CFL1Nodes100RoeInternalEnergy-eps-converted-to.pdf ./CH5/EPSF
Docs/Test1CD2ROEvMUSCLvWENO3vWENO5CFL1Nodes100RoeInternalEnergy.eps>
(epstopdf)             \includegraphics on input line 46.
Package epstopdf Info: Output file is already uptodate.
<./CH5/EPSFDocs/Test1CD2ROEvMUSCLvWENO3vWENO5CFL1Nodes100RoeInternalEnergy-eps-
converted-to.pdf, id=452, 2438.10875pt x 1347.0325pt>
File: ./CH5/EPSFDocs/Test1CD2ROEvMUSCLvWENO3vWENO5CFL1Nodes100RoeInternalEnergy
-eps-converted-to.pdf Graphic file (type pdf)
<use ./CH5/EPSFDocs/Test1CD2ROEvMUSCLvWENO3vWENO5CFL1Nodes100RoeInternalEnergy-
eps-converted-to.pdf>
Package pdftex.def Info: ./CH5/EPSFDocs/Test1CD2ROEvMUSCLvWENO3vWENO5CFL1Nodes1
00RoeInternalEnergy-eps-converted-to.pdf  used on input line 46.
(pdftex.def)             Requested size: 361.34999pt x 199.64133pt.
 [69 <./CH5/EPSFDocs/Test1CD2ROEvMUSCLvWENO3vWENO5CFL1Nodes100RoeDensity-eps-co
nverted-to.pdf>] [70 <./CH5/EPSFDocs/Test1CD2ROEvMUSCLvWENO3vWENO5CFL1Nodes100R
oeVelocity-eps-converted-to.pdf> <./CH5/EPSFDocs/Test1CD2ROEvMUSCLvWENO3vWENO5C
FL1Nodes100RoePressure-eps-converted-to.pdf>] [71 <./CH5/EPSFDocs/Test1CD2ROEvM
USCLvWENO3vWENO5CFL1Nodes100RoeInternalEnergy-eps-converted-to.pdf>]
Package epstopdf Info: Source file: <./CH5/EPSFDocs/Test1CD4ROEvMUSCLvWENO3vWEN
O5CFL1Nodes100RoeDensity.eps>
(epstopdf)                    date: 2021-02-24 09:06:17
(epstopdf)                    size: 78333 bytes
(epstopdf)             Output file: <./CH5/EPSFDocs/Test1CD4ROEvMUSCLvWENO3vWEN
O5CFL1Nodes100RoeDensity-eps-converted-to.pdf>
(epstopdf)                    date: 2021-02-24 09:08:50
(epstopdf)                    size: 33149 bytes
(epstopdf)             Command: <repstopdf --outfile=./CH5/EPSFDocs/Test1CD4ROE
vMUSCLvWENO3vWENO5CFL1Nodes100RoeDensity-eps-converted-to.pdf ./CH5/EPSFDocs/Te
st1CD4ROEvMUSCLvWENO3vWENO5CFL1Nodes100RoeDensity.eps>
(epstopdf)             \includegraphics on input line 57.
Package epstopdf Info: Output file is already uptodate.
<./CH5/EPSFDocs/Test1CD4ROEvMUSCLvWENO3vWENO5CFL1Nodes100RoeDensity-eps-convert
ed-to.pdf, id=483, 2438.10875pt x 1347.0325pt>
File: ./CH5/EPSFDocs/Test1CD4ROEvMUSCLvWENO3vWENO5CFL1Nodes100RoeDensity-eps-co
nverted-to.pdf Graphic file (type pdf)
<use ./CH5/EPSFDocs/Test1CD4ROEvMUSCLvWENO3vWENO5CFL1Nodes100RoeDensity-eps-con
verted-to.pdf>
Package pdftex.def Info: ./CH5/EPSFDocs/Test1CD4ROEvMUSCLvWENO3vWENO5CFL1Nodes1
00RoeDensity-eps-converted-to.pdf  used on input line 57.
(pdftex.def)             Requested size: 361.34999pt x 199.64133pt.
Package epstopdf Info: Source file: <./CH5/EPSFDocs/Test1CD4ROEvMUSCLvWENO3vWEN
O5CFL1Nodes100RoeVelocity.eps>
(epstopdf)                    date: 2021-02-24 09:06:18
(epstopdf)                    size: 80099 bytes
(epstopdf)             Output file: <./CH5/EPSFDocs/Test1CD4ROEvMUSCLvWENO3vWEN
O5CFL1Nodes100RoeVelocity-eps-converted-to.pdf>
(epstopdf)                    date: 2021-02-24 09:08:51
(epstopdf)                    size: 35211 bytes
(epstopdf)             Command: <repstopdf --outfile=./CH5/EPSFDocs/Test1CD4ROE
vMUSCLvWENO3vWENO5CFL1Nodes100RoeVelocity-eps-converted-to.pdf ./CH5/EPSFDocs/T
est1CD4ROEvMUSCLvWENO3vWENO5CFL1Nodes100RoeVelocity.eps>
(epstopdf)             \includegraphics on input line 63.
Package epstopdf Info: Output file is already uptodate.
<./CH5/EPSFDocs/Test1CD4ROEvMUSCLvWENO3vWENO5CFL1Nodes100RoeVelocity-eps-conver
ted-to.pdf, id=484, 2458.18375pt x 1363.0925pt>
File: ./CH5/EPSFDocs/Test1CD4ROEvMUSCLvWENO3vWENO5CFL1Nodes100RoeVelocity-eps-c
onverted-to.pdf Graphic file (type pdf)
<use ./CH5/EPSFDocs/Test1CD4ROEvMUSCLvWENO3vWENO5CFL1Nodes100RoeVelocity-eps-co
nverted-to.pdf>
Package pdftex.def Info: ./CH5/EPSFDocs/Test1CD4ROEvMUSCLvWENO3vWENO5CFL1Nodes1
00RoeVelocity-eps-converted-to.pdf  used on input line 63.
(pdftex.def)             Requested size: 361.34999pt x 200.35764pt.
Package epstopdf Info: Source file: <./CH5/EPSFDocs/Test1CD4ROEvMUSCLvWENO3vWEN
O5CFL1Nodes100RoePressure.eps>
(epstopdf)                    date: 2021-02-24 09:06:19
(epstopdf)                    size: 79256 bytes
(epstopdf)             Output file: <./CH5/EPSFDocs/Test1CD4ROEvMUSCLvWENO3vWEN
O5CFL1Nodes100RoePressure-eps-converted-to.pdf>
(epstopdf)                    date: 2021-02-24 09:08:51
(epstopdf)                    size: 33430 bytes
(epstopdf)             Command: <repstopdf --outfile=./CH5/EPSFDocs/Test1CD4ROE
vMUSCLvWENO3vWENO5CFL1Nodes100RoePressure-eps-converted-to.pdf ./CH5/EPSFDocs/T
est1CD4ROEvMUSCLvWENO3vWENO5CFL1Nodes100RoePressure.eps>
(epstopdf)             \includegraphics on input line 69.
Package epstopdf Info: Output file is already uptodate.
<./CH5/EPSFDocs/Test1CD4ROEvMUSCLvWENO3vWENO5CFL1Nodes100RoePressure-eps-conver
ted-to.pdf, id=485, 2438.10875pt x 1347.0325pt>
File: ./CH5/EPSFDocs/Test1CD4ROEvMUSCLvWENO3vWENO5CFL1Nodes100RoePressure-eps-c
onverted-to.pdf Graphic file (type pdf)
<use ./CH5/EPSFDocs/Test1CD4ROEvMUSCLvWENO3vWENO5CFL1Nodes100RoePressure-eps-co
nverted-to.pdf>
Package pdftex.def Info: ./CH5/EPSFDocs/Test1CD4ROEvMUSCLvWENO3vWENO5CFL1Nodes1
00RoePressure-eps-converted-to.pdf  used on input line 69.
(pdftex.def)             Requested size: 361.34999pt x 199.64133pt.
Package epstopdf Info: Source file: <./CH5/EPSFDocs/Test1CD4ROEvMUSCLvWENO3vWEN
O5CFL1Nodes100RoeInternalEnergy.eps>
(epstopdf)                    date: 2021-02-24 09:06:20
(epstopdf)                    size: 80384 bytes
(epstopdf)             Output file: <./CH5/EPSFDocs/Test1CD4ROEvMUSCLvWENO3vWEN
O5CFL1Nodes100RoeInternalEnergy-eps-converted-to.pdf>
(epstopdf)                    date: 2021-02-24 09:08:51
(epstopdf)                    size: 34387 bytes
(epstopdf)             Command: <repstopdf --outfile=./CH5/EPSFDocs/Test1CD4ROE
vMUSCLvWENO3vWENO5CFL1Nodes100RoeInternalEnergy-eps-converted-to.pdf ./CH5/EPSF
Docs/Test1CD4ROEvMUSCLvWENO3vWENO5CFL1Nodes100RoeInternalEnergy.eps>
(epstopdf)             \includegraphics on input line 75.
Package epstopdf Info: Output file is already uptodate.
<./CH5/EPSFDocs/Test1CD4ROEvMUSCLvWENO3vWENO5CFL1Nodes100RoeInternalEnergy-eps-
converted-to.pdf, id=486, 2438.10875pt x 1347.0325pt>
File: ./CH5/EPSFDocs/Test1CD4ROEvMUSCLvWENO3vWENO5CFL1Nodes100RoeInternalEnergy
-eps-converted-to.pdf Graphic file (type pdf)
<use ./CH5/EPSFDocs/Test1CD4ROEvMUSCLvWENO3vWENO5CFL1Nodes100RoeInternalEnergy-
eps-converted-to.pdf>
Package pdftex.def Info: ./CH5/EPSFDocs/Test1CD4ROEvMUSCLvWENO3vWENO5CFL1Nodes1
00RoeInternalEnergy-eps-converted-to.pdf  used on input line 75.
(pdftex.def)             Requested size: 361.34999pt x 199.64133pt.

[72 <./CH5/EPSFDocs/Test1CD4ROEvMUSCLvWENO3vWENO5CFL1Nodes100RoeDensity-eps-con
verted-to.pdf>] [73 <./CH5/EPSFDocs/Test1CD4ROEvMUSCLvWENO3vWENO5CFL1Nodes100Ro
eVelocity-eps-converted-to.pdf> <./CH5/EPSFDocs/Test1CD4ROEvMUSCLvWENO3vWENO5CF
L1Nodes100RoePressure-eps-converted-to.pdf>] [74 <./CH5/EPSFDocs/Test1CD4ROEvMU
SCLvWENO3vWENO5CFL1Nodes100RoeInternalEnergy-eps-converted-to.pdf>]
Package epstopdf Info: Source file: <./CH5/EPSFDocs/Test1CD6ROEvMUSCLvWENO3vWEN
O5CFL1Nodes100RoeDensity.eps>
(epstopdf)                    date: 2021-02-24 09:06:33
(epstopdf)                    size: 80709 bytes
(epstopdf)             Output file: <./CH5/EPSFDocs/Test1CD6ROEvMUSCLvWENO3vWEN
O5CFL1Nodes100RoeDensity-eps-converted-to.pdf>
(epstopdf)                    date: 2021-02-24 09:08:51
(epstopdf)                    size: 35987 bytes
(epstopdf)             Command: <repstopdf --outfile=./CH5/EPSFDocs/Test1CD6ROE
vMUSCLvWENO3vWENO5CFL1Nodes100RoeDensity-eps-converted-to.pdf ./CH5/EPSFDocs/Te
st1CD6ROEvMUSCLvWENO3vWENO5CFL1Nodes100RoeDensity.eps>
(epstopdf)             \includegraphics on input line 85.
Package epstopdf Info: Output file is already uptodate.
<./CH5/EPSFDocs/Test1CD6ROEvMUSCLvWENO3vWENO5CFL1Nodes100RoeDensity-eps-convert
ed-to.pdf, id=517, 2438.10875pt x 1347.0325pt>
File: ./CH5/EPSFDocs/Test1CD6ROEvMUSCLvWENO3vWENO5CFL1Nodes100RoeDensity-eps-co
nverted-to.pdf Graphic file (type pdf)
<use ./CH5/EPSFDocs/Test1CD6ROEvMUSCLvWENO3vWENO5CFL1Nodes100RoeDensity-eps-con
verted-to.pdf>
Package pdftex.def Info: ./CH5/EPSFDocs/Test1CD6ROEvMUSCLvWENO3vWENO5CFL1Nodes1
00RoeDensity-eps-converted-to.pdf  used on input line 85.
(pdftex.def)             Requested size: 361.34999pt x 199.64133pt.
Package epstopdf Info: Source file: <./CH5/EPSFDocs/Test1CD6ROEvMUSCLvWENO3vWEN
O5CFL1Nodes100RoeVelocity.eps>
(epstopdf)                    date: 2021-02-24 09:06:34
(epstopdf)                    size: 82464 bytes
(epstopdf)             Output file: <./CH5/EPSFDocs/Test1CD6ROEvMUSCLvWENO3vWEN
O5CFL1Nodes100RoeVelocity-eps-converted-to.pdf>
(epstopdf)                    date: 2021-02-24 09:08:51
(epstopdf)                    size: 38122 bytes
(epstopdf)             Command: <repstopdf --outfile=./CH5/EPSFDocs/Test1CD6ROE
vMUSCLvWENO3vWENO5CFL1Nodes100RoeVelocity-eps-converted-to.pdf ./CH5/EPSFDocs/T
est1CD6ROEvMUSCLvWENO3vWENO5CFL1Nodes100RoeVelocity.eps>
(epstopdf)             \includegraphics on input line 91.
Package epstopdf Info: Output file is already uptodate.
<./CH5/EPSFDocs/Test1CD6ROEvMUSCLvWENO3vWENO5CFL1Nodes100RoeVelocity-eps-conver
ted-to.pdf, id=518, 2458.18375pt x 1363.0925pt>
File: ./CH5/EPSFDocs/Test1CD6ROEvMUSCLvWENO3vWENO5CFL1Nodes100RoeVelocity-eps-c
onverted-to.pdf Graphic file (type pdf)
<use ./CH5/EPSFDocs/Test1CD6ROEvMUSCLvWENO3vWENO5CFL1Nodes100RoeVelocity-eps-co
nverted-to.pdf>
Package pdftex.def Info: ./CH5/EPSFDocs/Test1CD6ROEvMUSCLvWENO3vWENO5CFL1Nodes1
00RoeVelocity-eps-converted-to.pdf  used on input line 91.
(pdftex.def)             Requested size: 361.34999pt x 200.35764pt.
Package epstopdf Info: Source file: <./CH5/EPSFDocs/Test1CD6ROEvMUSCLvWENO3vWEN
O5CFL1Nodes100RoePressure.eps>
(epstopdf)                    date: 2021-02-24 09:06:35
(epstopdf)                    size: 81626 bytes
(epstopdf)             Output file: <./CH5/EPSFDocs/Test1CD6ROEvMUSCLvWENO3vWEN
O5CFL1Nodes100RoePressure-eps-converted-to.pdf>
(epstopdf)                    date: 2021-02-24 09:08:52
(epstopdf)                    size: 36274 bytes
(epstopdf)             Command: <repstopdf --outfile=./CH5/EPSFDocs/Test1CD6ROE
vMUSCLvWENO3vWENO5CFL1Nodes100RoePressure-eps-converted-to.pdf ./CH5/EPSFDocs/T
est1CD6ROEvMUSCLvWENO3vWENO5CFL1Nodes100RoePressure.eps>
(epstopdf)             \includegraphics on input line 97.
Package epstopdf Info: Output file is already uptodate.
<./CH5/EPSFDocs/Test1CD6ROEvMUSCLvWENO3vWENO5CFL1Nodes100RoePressure-eps-conver
ted-to.pdf, id=519, 2438.10875pt x 1347.0325pt>
File: ./CH5/EPSFDocs/Test1CD6ROEvMUSCLvWENO3vWENO5CFL1Nodes100RoePressure-eps-c
onverted-to.pdf Graphic file (type pdf)
<use ./CH5/EPSFDocs/Test1CD6ROEvMUSCLvWENO3vWENO5CFL1Nodes100RoePressure-eps-co
nverted-to.pdf>
Package pdftex.def Info: ./CH5/EPSFDocs/Test1CD6ROEvMUSCLvWENO3vWENO5CFL1Nodes1
00RoePressure-eps-converted-to.pdf  used on input line 97.
(pdftex.def)             Requested size: 361.34999pt x 199.64133pt.
Package epstopdf Info: Source file: <./CH5/EPSFDocs/Test1CD6ROEvMUSCLvWENO3vWEN
O5CFL1Nodes100RoeInternalEnergy.eps>
(epstopdf)                    date: 2021-02-24 09:06:36
(epstopdf)                    size: 82762 bytes
(epstopdf)             Output file: <./CH5/EPSFDocs/Test1CD6ROEvMUSCLvWENO3vWEN
O5CFL1Nodes100RoeInternalEnergy-eps-converted-to.pdf>
(epstopdf)                    date: 2021-02-24 09:08:52
(epstopdf)                    size: 37125 bytes
(epstopdf)             Command: <repstopdf --outfile=./CH5/EPSFDocs/Test1CD6ROE
vMUSCLvWENO3vWENO5CFL1Nodes100RoeInternalEnergy-eps-converted-to.pdf ./CH5/EPSF
Docs/Test1CD6ROEvMUSCLvWENO3vWENO5CFL1Nodes100RoeInternalEnergy.eps>
(epstopdf)             \includegraphics on input line 103.
Package epstopdf Info: Output file is already uptodate.
<./CH5/EPSFDocs/Test1CD6ROEvMUSCLvWENO3vWENO5CFL1Nodes100RoeInternalEnergy-eps-
converted-to.pdf, id=520, 2438.10875pt x 1347.0325pt>
File: ./CH5/EPSFDocs/Test1CD6ROEvMUSCLvWENO3vWENO5CFL1Nodes100RoeInternalEnergy
-eps-converted-to.pdf Graphic file (type pdf)
<use ./CH5/EPSFDocs/Test1CD6ROEvMUSCLvWENO3vWENO5CFL1Nodes100RoeInternalEnergy-
eps-converted-to.pdf>
Package pdftex.def Info: ./CH5/EPSFDocs/Test1CD6ROEvMUSCLvWENO3vWENO5CFL1Nodes1
00RoeInternalEnergy-eps-converted-to.pdf  used on input line 103.
(pdftex.def)             Requested size: 361.34999pt x 199.64133pt.
 [75 <./CH5/EPSFDocs/Test1CD6ROEvMUSCLvWENO3vWENO5CFL1Nodes100RoeDensity-eps-co
nverted-to.pdf>] [76 <./CH5/EPSFDocs/Test1CD6ROEvMUSCLvWENO3vWENO5CFL1Nodes100R
oeVelocity-eps-converted-to.pdf> <./CH5/EPSFDocs/Test1CD6ROEvMUSCLvWENO3vWENO5C
FL1Nodes100RoePressure-eps-converted-to.pdf>] [77 <./CH5/EPSFDocs/Test1CD6ROEvM
USCLvWENO3vWENO5CFL1Nodes100RoeInternalEnergy-eps-converted-to.pdf>]
Package epstopdf Info: Source file: <./CH5/EPSFDocs/Test3CD2ROECFL1Nodes100RoeD
ensity.eps>
(epstopdf)                    date: 2021-03-16 17:00:09
(epstopdf)                    size: 53846 bytes
(epstopdf)             Output file: <./CH5/EPSFDocs/Test3CD2ROECFL1Nodes100RoeD
ensity-eps-converted-to.pdf>
(epstopdf)                    date: 2021-03-16 17:06:24
(epstopdf)                    size: 19413 bytes
(epstopdf)             Command: <repstopdf --outfile=./CH5/EPSFDocs/Test3CD2ROE
CFL1Nodes100RoeDensity-eps-converted-to.pdf ./CH5/EPSFDocs/Test3CD2ROECFL1Nodes
100RoeDensity.eps>
(epstopdf)             \includegraphics on input line 118.
Package epstopdf Info: Output file is already uptodate.
<./CH5/EPSFDocs/Test3CD2ROECFL1Nodes100RoeDensity-eps-converted-to.pdf, id=551,
 2385.91376pt x 1328.965pt>
File: ./CH5/EPSFDocs/Test3CD2ROECFL1Nodes100RoeDensity-eps-converted-to.pdf Gra
phic file (type pdf)
<use ./CH5/EPSFDocs/Test3CD2ROECFL1Nodes100RoeDensity-eps-converted-to.pdf>
Package pdftex.def Info: ./CH5/EPSFDocs/Test3CD2ROECFL1Nodes100RoeDensity-eps-c
onverted-to.pdf  used on input line 118.
(pdftex.def)             Requested size: 361.34999pt x 201.26259pt.
Package epstopdf Info: Source file: <./CH5/EPSFDocs/Test3CD2ROECFL1Nodes100RoeV
elocity.eps>
(epstopdf)                    date: 2021-03-16 17:00:10
(epstopdf)                    size: 52808 bytes
(epstopdf)             Output file: <./CH5/EPSFDocs/Test3CD2ROECFL1Nodes100RoeV
elocity-eps-converted-to.pdf>
(epstopdf)                    date: 2021-03-16 17:13:47
(epstopdf)                    size: 19881 bytes
(epstopdf)             Command: <repstopdf --outfile=./CH5/EPSFDocs/Test3CD2ROE
CFL1Nodes100RoeVelocity-eps-converted-to.pdf ./CH5/EPSFDocs/Test3CD2ROECFL1Node
s100RoeVelocity.eps>
(epstopdf)             \includegraphics on input line 124.
Package epstopdf Info: Output file is already uptodate.
<./CH5/EPSFDocs/Test3CD2ROECFL1Nodes100RoeVelocity-eps-converted-to.pdf, id=552
, 2421.045pt x 1313.90875pt>
File: ./CH5/EPSFDocs/Test3CD2ROECFL1Nodes100RoeVelocity-eps-converted-to.pdf Gr
aphic file (type pdf)
<use ./CH5/EPSFDocs/Test3CD2ROECFL1Nodes100RoeVelocity-eps-converted-to.pdf>
Package pdftex.def Info: ./CH5/EPSFDocs/Test3CD2ROECFL1Nodes100RoeVelocity-eps-
converted-to.pdf  used on input line 124.
(pdftex.def)             Requested size: 361.34999pt x 196.09543pt.
Package epstopdf Info: Source file: <./CH5/EPSFDocs/Test3CD2ROECFL1Nodes100RoeP
ressure.eps>
(epstopdf)                    date: 2021-03-16 17:00:11
(epstopdf)                    size: 52872 bytes
(epstopdf)             Output file: <./CH5/EPSFDocs/Test3CD2ROECFL1Nodes100RoeP
ressure-eps-converted-to.pdf>
(epstopdf)                    date: 2021-03-16 17:13:47
(epstopdf)                    size: 19281 bytes
(epstopdf)             Command: <repstopdf --outfile=./CH5/EPSFDocs/Test3CD2ROE
CFL1Nodes100RoePressure-eps-converted-to.pdf ./CH5/EPSFDocs/Test3CD2ROECFL1Node
s100RoePressure.eps>
(epstopdf)             \includegraphics on input line 130.
Package epstopdf Info: Output file is already uptodate.
<./CH5/EPSFDocs/Test3CD2ROECFL1Nodes100RoePressure-eps-converted-to.pdf, id=553
, 2491.3075pt x 1313.90875pt>
File: ./CH5/EPSFDocs/Test3CD2ROECFL1Nodes100RoePressure-eps-converted-to.pdf Gr
aphic file (type pdf)
<use ./CH5/EPSFDocs/Test3CD2ROECFL1Nodes100RoePressure-eps-converted-to.pdf>
Package pdftex.def Info: ./CH5/EPSFDocs/Test3CD2ROECFL1Nodes100RoePressure-eps-
converted-to.pdf  used on input line 130.
(pdftex.def)             Requested size: 361.34999pt x 190.56201pt.
Package epstopdf Info: Source file: <./CH5/EPSFDocs/Test3CD2ROECFL1Nodes100RoeI
nternalEnergy.eps>
(epstopdf)                    date: 2021-03-16 17:00:12
(epstopdf)                    size: 52511 bytes
(epstopdf)             Output file: <./CH5/EPSFDocs/Test3CD2ROECFL1Nodes100RoeI
nternalEnergy-eps-converted-to.pdf>
(epstopdf)                    date: 2021-03-16 17:13:47
(epstopdf)                    size: 19654 bytes
(epstopdf)             Command: <repstopdf --outfile=./CH5/EPSFDocs/Test3CD2ROE
CFL1Nodes100RoeInternalEnergy-eps-converted-to.pdf ./CH5/EPSFDocs/Test3CD2ROECF
L1Nodes100RoeInternalEnergy.eps>
(epstopdf)             \includegraphics on input line 136.
Package epstopdf Info: Output file is already uptodate.
<./CH5/EPSFDocs/Test3CD2ROECFL1Nodes100RoeInternalEnergy-eps-converted-to.pdf, 
id=554, 2491.3075pt x 1313.90875pt>
File: ./CH5/EPSFDocs/Test3CD2ROECFL1Nodes100RoeInternalEnergy-eps-converted-to.
pdf Graphic file (type pdf)
<use ./CH5/EPSFDocs/Test3CD2ROECFL1Nodes100RoeInternalEnergy-eps-converted-to.p
df>
Package pdftex.def Info: ./CH5/EPSFDocs/Test3CD2ROECFL1Nodes100RoeInternalEnerg
y-eps-converted-to.pdf  used on input line 136.
(pdftex.def)             Requested size: 361.34999pt x 190.56201pt.
 [78] [79 <./CH5/EPSFDocs/Test3CD2ROECFL1Nodes100RoeDensity-eps-converted-to.pd
f> <./CH5/EPSFDocs/Test3CD2ROECFL1Nodes100RoeVelocity-eps-converted-to.pdf>] [8
0 <./CH5/EPSFDocs/Test3CD2ROECFL1Nodes100RoePressure-eps-converted-to.pdf> <./C
H5/EPSFDocs/Test3CD2ROECFL1Nodes100RoeInternalEnergy-eps-converted-to.pdf>]
Package epstopdf Info: Source file: <./CH5/EPSFDocs/Test4CD2ROEvMUSCLvWENO3vWEN
O5CFL1Nodes100RoeDensity.eps>
(epstopdf)                    date: 2021-02-24 09:07:30
(epstopdf)                    size: 80646 bytes
(epstopdf)             Output file: <./CH5/EPSFDocs/Test4CD2ROEvMUSCLvWENO3vWEN
O5CFL1Nodes100RoeDensity-eps-converted-to.pdf>
(epstopdf)                    date: 2021-02-24 09:08:54
(epstopdf)                    size: 32908 bytes
(epstopdf)             Command: <repstopdf --outfile=./CH5/EPSFDocs/Test4CD2ROE
vMUSCLvWENO3vWENO5CFL1Nodes100RoeDensity-eps-converted-to.pdf ./CH5/EPSFDocs/Te
st4CD2ROEvMUSCLvWENO3vWENO5CFL1Nodes100RoeDensity.eps>
(epstopdf)             \includegraphics on input line 146.
Package epstopdf Info: Output file is already uptodate.
<./CH5/EPSFDocs/Test4CD2ROEvMUSCLvWENO3vWENO5CFL1Nodes100RoeDensity-eps-convert
ed-to.pdf, id=584, 2421.045pt x 1363.0925pt>
File: ./CH5/EPSFDocs/Test4CD2ROEvMUSCLvWENO3vWENO5CFL1Nodes100RoeDensity-eps-co
nverted-to.pdf Graphic file (type pdf)
<use ./CH5/EPSFDocs/Test4CD2ROEvMUSCLvWENO3vWENO5CFL1Nodes100RoeDensity-eps-con
verted-to.pdf>
Package pdftex.def Info: ./CH5/EPSFDocs/Test4CD2ROEvMUSCLvWENO3vWENO5CFL1Nodes1
00RoeDensity-eps-converted-to.pdf  used on input line 146.
(pdftex.def)             Requested size: 361.34999pt x 203.4359pt.
Package epstopdf Info: Source file: <./CH5/EPSFDocs/Test4CD2ROEvMUSCLvWENO3vWEN
O5CFL1Nodes100RoeVelocity.eps>
(epstopdf)                    date: 2021-02-24 09:07:31
(epstopdf)                    size: 80529 bytes
(epstopdf)             Output file: <./CH5/EPSFDocs/Test4CD2ROEvMUSCLvWENO3vWEN
O5CFL1Nodes100RoeVelocity-eps-converted-to.pdf>
(epstopdf)                    date: 2021-02-24 09:08:54
(epstopdf)                    size: 33496 bytes
(epstopdf)             Command: <repstopdf --outfile=./CH5/EPSFDocs/Test4CD2ROE
vMUSCLvWENO3vWENO5CFL1Nodes100RoeVelocity-eps-converted-to.pdf ./CH5/EPSFDocs/T
est4CD2ROEvMUSCLvWENO3vWENO5CFL1Nodes100RoeVelocity.eps>
(epstopdf)             \includegraphics on input line 152.
Package epstopdf Info: Output file is already uptodate.
<./CH5/EPSFDocs/Test4CD2ROEvMUSCLvWENO3vWENO5CFL1Nodes100RoeVelocity-eps-conver
ted-to.pdf, id=585, 2440.11626pt x 1363.0925pt>
File: ./CH5/EPSFDocs/Test4CD2ROEvMUSCLvWENO3vWENO5CFL1Nodes100RoeVelocity-eps-c
onverted-to.pdf Graphic file (type pdf)
<use ./CH5/EPSFDocs/Test4CD2ROEvMUSCLvWENO3vWENO5CFL1Nodes100RoeVelocity-eps-co
nverted-to.pdf>
Package pdftex.def Info: ./CH5/EPSFDocs/Test4CD2ROEvMUSCLvWENO3vWENO5CFL1Nodes1
00RoeVelocity-eps-converted-to.pdf  used on input line 152.
(pdftex.def)             Requested size: 361.34999pt x 201.85516pt.
Package epstopdf Info: Source file: <./CH5/EPSFDocs/Test4CD2ROEvMUSCLvWENO3vWEN
O5CFL1Nodes100RoePressure.eps>
(epstopdf)                    date: 2021-02-24 09:07:32
(epstopdf)                    size: 80815 bytes
(epstopdf)             Output file: <./CH5/EPSFDocs/Test4CD2ROEvMUSCLvWENO3vWEN
O5CFL1Nodes100RoePressure-eps-converted-to.pdf>
(epstopdf)                    date: 2021-02-24 09:08:54
(epstopdf)                    size: 32544 bytes
(epstopdf)             Command: <repstopdf --outfile=./CH5/EPSFDocs/Test4CD2ROE
vMUSCLvWENO3vWENO5CFL1Nodes100RoePressure-eps-converted-to.pdf ./CH5/EPSFDocs/T
est4CD2ROEvMUSCLvWENO3vWENO5CFL1Nodes100RoePressure.eps>
(epstopdf)             \includegraphics on input line 158.
Package epstopdf Info: Output file is already uptodate.
<./CH5/EPSFDocs/Test4CD2ROEvMUSCLvWENO3vWENO5CFL1Nodes100RoePressure-eps-conver
ted-to.pdf, id=586, 2491.3075pt x 1347.0325pt>
File: ./CH5/EPSFDocs/Test4CD2ROEvMUSCLvWENO3vWENO5CFL1Nodes100RoePressure-eps-c
onverted-to.pdf Graphic file (type pdf)
<use ./CH5/EPSFDocs/Test4CD2ROEvMUSCLvWENO3vWENO5CFL1Nodes100RoePressure-eps-co
nverted-to.pdf>
Package pdftex.def Info: ./CH5/EPSFDocs/Test4CD2ROEvMUSCLvWENO3vWENO5CFL1Nodes1
00RoePressure-eps-converted-to.pdf  used on input line 158.
(pdftex.def)             Requested size: 361.34999pt x 195.36609pt.
Package epstopdf Info: Source file: <./CH5/EPSFDocs/Test4CD2ROEvMUSCLvWENO3vWEN
O5CFL1Nodes100RoeInternalEnergy.eps>
(epstopdf)                    date: 2021-02-24 09:07:33
(epstopdf)                    size: 80681 bytes
(epstopdf)             Output file: <./CH5/EPSFDocs/Test4CD2ROEvMUSCLvWENO3vWEN
O5CFL1Nodes100RoeInternalEnergy-eps-converted-to.pdf>
(epstopdf)                    date: 2021-02-24 09:08:54
(epstopdf)                    size: 33737 bytes
(epstopdf)             Command: <repstopdf --outfile=./CH5/EPSFDocs/Test4CD2ROE
vMUSCLvWENO3vWENO5CFL1Nodes100RoeInternalEnergy-eps-converted-to.pdf ./CH5/EPSF
Docs/Test4CD2ROEvMUSCLvWENO3vWENO5CFL1Nodes100RoeInternalEnergy.eps>
(epstopdf)             \includegraphics on input line 164.
Package epstopdf Info: Output file is already uptodate.
<./CH5/EPSFDocs/Test4CD2ROEvMUSCLvWENO3vWENO5CFL1Nodes100RoeInternalEnergy-eps-
converted-to.pdf, id=587, 2455.1725pt x 1363.0925pt>
File: ./CH5/EPSFDocs/Test4CD2ROEvMUSCLvWENO3vWENO5CFL1Nodes100RoeInternalEnergy
-eps-converted-to.pdf Graphic file (type pdf)
<use ./CH5/EPSFDocs/Test4CD2ROEvMUSCLvWENO3vWENO5CFL1Nodes100RoeInternalEnergy-
eps-converted-to.pdf>
Package pdftex.def Info: ./CH5/EPSFDocs/Test4CD2ROEvMUSCLvWENO3vWENO5CFL1Nodes1
00RoeInternalEnergy-eps-converted-to.pdf  used on input line 164.
(pdftex.def)             Requested size: 361.34999pt x 200.60722pt.
 [81 <./CH5/EPSFDocs/Test4CD2ROEvMUSCLvWENO3vWENO5CFL1Nodes100RoeDensity-eps-co
nverted-to.pdf>] [82 <./CH5/EPSFDocs/Test4CD2ROEvMUSCLvWENO3vWENO5CFL1Nodes100R
oeVelocity-eps-converted-to.pdf> <./CH5/EPSFDocs/Test4CD2ROEvMUSCLvWENO3vWENO5C
FL1Nodes100RoePressure-eps-converted-to.pdf>]
Package epstopdf Info: Source file: <./CH5/EPSFDocs/Test4CD4ROEvMUSCLvWENO3vWEN
O5CFL1Nodes100RoeDensity.eps>
(epstopdf)                    date: 2021-02-24 09:07:14
(epstopdf)                    size: 79284 bytes
(epstopdf)             Output file: <./CH5/EPSFDocs/Test4CD4ROEvMUSCLvWENO3vWEN
O5CFL1Nodes100RoeDensity-eps-converted-to.pdf>
(epstopdf)                    date: 2021-02-24 09:08:54
(epstopdf)                    size: 31254 bytes
(epstopdf)             Command: <repstopdf --outfile=./CH5/EPSFDocs/Test4CD4ROE
vMUSCLvWENO3vWENO5CFL1Nodes100RoeDensity-eps-converted-to.pdf ./CH5/EPSFDocs/Te
st4CD4ROEvMUSCLvWENO3vWENO5CFL1Nodes100RoeDensity.eps>
(epstopdf)             \includegraphics on input line 174.
Package epstopdf Info: Output file is already uptodate.
<./CH5/EPSFDocs/Test4CD4ROEvMUSCLvWENO3vWENO5CFL1Nodes100RoeDensity-eps-convert
ed-to.pdf, id=610, 2421.045pt x 1363.0925pt>
File: ./CH5/EPSFDocs/Test4CD4ROEvMUSCLvWENO3vWENO5CFL1Nodes100RoeDensity-eps-co
nverted-to.pdf Graphic file (type pdf)
<use ./CH5/EPSFDocs/Test4CD4ROEvMUSCLvWENO3vWENO5CFL1Nodes100RoeDensity-eps-con
verted-to.pdf>
Package pdftex.def Info: ./CH5/EPSFDocs/Test4CD4ROEvMUSCLvWENO3vWENO5CFL1Nodes1
00RoeDensity-eps-converted-to.pdf  used on input line 174.
(pdftex.def)             Requested size: 361.34999pt x 203.4359pt.
 [83 <./CH5/EPSFDocs/Test4CD2ROEvMUSCLvWENO3vWENO5CFL1Nodes100RoeInternalEnergy
-eps-converted-to.pdf>]
Package epstopdf Info: Source file: <./CH5/EPSFDocs/Test4CD4ROEvMUSCLvWENO3vWEN
O5CFL1Nodes100RoeVelocity.eps>
(epstopdf)                    date: 2021-02-24 09:07:15
(epstopdf)                    size: 79152 bytes
(epstopdf)             Output file: <./CH5/EPSFDocs/Test4CD4ROEvMUSCLvWENO3vWEN
O5CFL1Nodes100RoeVelocity-eps-converted-to.pdf>
(epstopdf)                    date: 2021-02-24 09:08:55
(epstopdf)                    size: 31716 bytes
(epstopdf)             Command: <repstopdf --outfile=./CH5/EPSFDocs/Test4CD4ROE
vMUSCLvWENO3vWENO5CFL1Nodes100RoeVelocity-eps-converted-to.pdf ./CH5/EPSFDocs/T
est4CD4ROEvMUSCLvWENO3vWENO5CFL1Nodes100RoeVelocity.eps>
(epstopdf)             \includegraphics on input line 180.
Package epstopdf Info: Output file is already uptodate.
<./CH5/EPSFDocs/Test4CD4ROEvMUSCLvWENO3vWENO5CFL1Nodes100RoeVelocity-eps-conver
ted-to.pdf, id=619, 2440.11626pt x 1363.0925pt>
File: ./CH5/EPSFDocs/Test4CD4ROEvMUSCLvWENO3vWENO5CFL1Nodes100RoeVelocity-eps-c
onverted-to.pdf Graphic file (type pdf)
<use ./CH5/EPSFDocs/Test4CD4ROEvMUSCLvWENO3vWENO5CFL1Nodes100RoeVelocity-eps-co
nverted-to.pdf>
Package pdftex.def Info: ./CH5/EPSFDocs/Test4CD4ROEvMUSCLvWENO3vWENO5CFL1Nodes1
00RoeVelocity-eps-converted-to.pdf  used on input line 180.
(pdftex.def)             Requested size: 361.34999pt x 201.85516pt.
Package epstopdf Info: Source file: <./CH5/EPSFDocs/Test4CD4ROEvMUSCLvWENO3vWEN
O5CFL1Nodes100RoePressure.eps>
(epstopdf)                    date: 2021-02-24 09:07:16
(epstopdf)                    size: 80139 bytes
(epstopdf)             Output file: <./CH5/EPSFDocs/Test4CD4ROEvMUSCLvWENO3vWEN
O5CFL1Nodes100RoePressure-eps-converted-to.pdf>
(epstopdf)                    date: 2021-02-24 09:08:55
(epstopdf)                    size: 30892 bytes
(epstopdf)             Command: <repstopdf --outfile=./CH5/EPSFDocs/Test4CD4ROE
vMUSCLvWENO3vWENO5CFL1Nodes100RoePressure-eps-converted-to.pdf ./CH5/EPSFDocs/T
est4CD4ROEvMUSCLvWENO3vWENO5CFL1Nodes100RoePressure.eps>
(epstopdf)             \includegraphics on input line 186.
Package epstopdf Info: Output file is already uptodate.
<./CH5/EPSFDocs/Test4CD4ROEvMUSCLvWENO3vWENO5CFL1Nodes100RoePressure-eps-conver
ted-to.pdf, id=620, 2491.3075pt x 1347.0325pt>
File: ./CH5/EPSFDocs/Test4CD4ROEvMUSCLvWENO3vWENO5CFL1Nodes100RoePressure-eps-c
onverted-to.pdf Graphic file (type pdf)
<use ./CH5/EPSFDocs/Test4CD4ROEvMUSCLvWENO3vWENO5CFL1Nodes100RoePressure-eps-co
nverted-to.pdf>
Package pdftex.def Info: ./CH5/EPSFDocs/Test4CD4ROEvMUSCLvWENO3vWENO5CFL1Nodes1
00RoePressure-eps-converted-to.pdf  used on input line 186.
(pdftex.def)             Requested size: 361.34999pt x 195.36609pt.
Package epstopdf Info: Source file: <./CH5/EPSFDocs/Test4CD4ROEvMUSCLvWENO3vWEN
O5CFL1Nodes100RoeInternalEnergy.eps>
(epstopdf)                    date: 2021-02-24 09:07:17
(epstopdf)                    size: 78635 bytes
(epstopdf)             Output file: <./CH5/EPSFDocs/Test4CD4ROEvMUSCLvWENO3vWEN
O5CFL1Nodes100RoeInternalEnergy-eps-converted-to.pdf>
(epstopdf)                    date: 2021-02-24 09:08:55
(epstopdf)                    size: 31969 bytes
(epstopdf)             Command: <repstopdf --outfile=./CH5/EPSFDocs/Test4CD4ROE
vMUSCLvWENO3vWENO5CFL1Nodes100RoeInternalEnergy-eps-converted-to.pdf ./CH5/EPSF
Docs/Test4CD4ROEvMUSCLvWENO3vWENO5CFL1Nodes100RoeInternalEnergy.eps>
(epstopdf)             \includegraphics on input line 192.
Package epstopdf Info: Output file is already uptodate.
<./CH5/EPSFDocs/Test4CD4ROEvMUSCLvWENO3vWENO5CFL1Nodes100RoeInternalEnergy-eps-
converted-to.pdf, id=621, 2455.1725pt x 1347.0325pt>
File: ./CH5/EPSFDocs/Test4CD4ROEvMUSCLvWENO3vWENO5CFL1Nodes100RoeInternalEnergy
-eps-converted-to.pdf Graphic file (type pdf)
<use ./CH5/EPSFDocs/Test4CD4ROEvMUSCLvWENO3vWENO5CFL1Nodes100RoeInternalEnergy-
eps-converted-to.pdf>
Package pdftex.def Info: ./CH5/EPSFDocs/Test4CD4ROEvMUSCLvWENO3vWENO5CFL1Nodes1
00RoeInternalEnergy-eps-converted-to.pdf  used on input line 192.
(pdftex.def)             Requested size: 361.34999pt x 198.24365pt.
 [84 <./CH5/EPSFDocs/Test4CD4ROEvMUSCLvWENO3vWENO5CFL1Nodes100RoeDensity-eps-co
nverted-to.pdf>] [85 <./CH5/EPSFDocs/Test4CD4ROEvMUSCLvWENO3vWENO5CFL1Nodes100R
oeVelocity-eps-converted-to.pdf> <./CH5/EPSFDocs/Test4CD4ROEvMUSCLvWENO3vWENO5C
FL1Nodes100RoePressure-eps-converted-to.pdf>]
Package epstopdf Info: Source file: <./CH5/EPSFDocs/Test4CD6ROEvMUSCLvWENO3vWEN
O5CFL1Nodes100RoeDensity.eps>
(epstopdf)                    date: 2021-02-24 09:06:56
(epstopdf)                    size: 81651 bytes
(epstopdf)             Output file: <./CH5/EPSFDocs/Test4CD6ROEvMUSCLvWENO3vWEN
O5CFL1Nodes100RoeDensity-eps-converted-to.pdf>
(epstopdf)                    date: 2021-02-24 09:08:55
(epstopdf)                    size: 34197 bytes
(epstopdf)             Command: <repstopdf --outfile=./CH5/EPSFDocs/Test4CD6ROE
vMUSCLvWENO3vWENO5CFL1Nodes100RoeDensity-eps-converted-to.pdf ./CH5/EPSFDocs/Te
st4CD6ROEvMUSCLvWENO3vWENO5CFL1Nodes100RoeDensity.eps>
(epstopdf)             \includegraphics on input line 202.
Package epstopdf Info: Output file is already uptodate.
<./CH5/EPSFDocs/Test4CD6ROEvMUSCLvWENO3vWENO5CFL1Nodes100RoeDensity-eps-convert
ed-to.pdf, id=643, 2421.045pt x 1363.0925pt>
File: ./CH5/EPSFDocs/Test4CD6ROEvMUSCLvWENO3vWENO5CFL1Nodes100RoeDensity-eps-co
nverted-to.pdf Graphic file (type pdf)
<use ./CH5/EPSFDocs/Test4CD6ROEvMUSCLvWENO3vWENO5CFL1Nodes100RoeDensity-eps-con
verted-to.pdf>
Package pdftex.def Info: ./CH5/EPSFDocs/Test4CD6ROEvMUSCLvWENO3vWENO5CFL1Nodes1
00RoeDensity-eps-converted-to.pdf  used on input line 202.
(pdftex.def)             Requested size: 361.34999pt x 203.4359pt.
Package epstopdf Info: Source file: <./CH5/EPSFDocs/Test4CD6ROEvMUSCLvWENO3vWEN
O5CFL1Nodes100RoeVelocity.eps>
(epstopdf)                    date: 2021-02-24 09:06:57
(epstopdf)                    size: 81514 bytes
(epstopdf)             Output file: <./CH5/EPSFDocs/Test4CD6ROEvMUSCLvWENO3vWEN
O5CFL1Nodes100RoeVelocity-eps-converted-to.pdf>
(epstopdf)                    date: 2021-02-24 09:08:56
(epstopdf)                    size: 34834 bytes
(epstopdf)             Command: <repstopdf --outfile=./CH5/EPSFDocs/Test4CD6ROE
vMUSCLvWENO3vWENO5CFL1Nodes100RoeVelocity-eps-converted-to.pdf ./CH5/EPSFDocs/T
est4CD6ROEvMUSCLvWENO3vWENO5CFL1Nodes100RoeVelocity.eps>
(epstopdf)             \includegraphics on input line 208.
Package epstopdf Info: Output file is already uptodate.
<./CH5/EPSFDocs/Test4CD6ROEvMUSCLvWENO3vWENO5CFL1Nodes100RoeVelocity-eps-conver
ted-to.pdf, id=644, 2440.11626pt x 1363.0925pt>
File: ./CH5/EPSFDocs/Test4CD6ROEvMUSCLvWENO3vWENO5CFL1Nodes100RoeVelocity-eps-c
onverted-to.pdf Graphic file (type pdf)
<use ./CH5/EPSFDocs/Test4CD6ROEvMUSCLvWENO3vWENO5CFL1Nodes100RoeVelocity-eps-co
nverted-to.pdf>
Package pdftex.def Info: ./CH5/EPSFDocs/Test4CD6ROEvMUSCLvWENO3vWENO5CFL1Nodes1
00RoeVelocity-eps-converted-to.pdf  used on input line 208.
(pdftex.def)             Requested size: 361.34999pt x 201.85516pt.
Package epstopdf Info: Source file: <./CH5/EPSFDocs/Test4CD6ROEvMUSCLvWENO3vWEN
O5CFL1Nodes100RoePressure.eps>
(epstopdf)                    date: 2021-02-24 09:06:58
(epstopdf)                    size: 82527 bytes
(epstopdf)             Output file: <./CH5/EPSFDocs/Test4CD6ROEvMUSCLvWENO3vWEN
O5CFL1Nodes100RoePressure-eps-converted-to.pdf>
(epstopdf)                    date: 2021-02-24 09:08:56
(epstopdf)                    size: 33876 bytes
(epstopdf)             Command: <repstopdf --outfile=./CH5/EPSFDocs/Test4CD6ROE
vMUSCLvWENO3vWENO5CFL1Nodes100RoePressure-eps-converted-to.pdf ./CH5/EPSFDocs/T
est4CD6ROEvMUSCLvWENO3vWENO5CFL1Nodes100RoePressure.eps>
(epstopdf)             \includegraphics on input line 214.
Package epstopdf Info: Output file is already uptodate.
<./CH5/EPSFDocs/Test4CD6ROEvMUSCLvWENO3vWENO5CFL1Nodes100RoePressure-eps-conver
ted-to.pdf, id=645, 2491.3075pt x 1347.0325pt>
File: ./CH5/EPSFDocs/Test4CD6ROEvMUSCLvWENO3vWENO5CFL1Nodes100RoePressure-eps-c
onverted-to.pdf Graphic file (type pdf)
<use ./CH5/EPSFDocs/Test4CD6ROEvMUSCLvWENO3vWENO5CFL1Nodes100RoePressure-eps-co
nverted-to.pdf>
Package pdftex.def Info: ./CH5/EPSFDocs/Test4CD6ROEvMUSCLvWENO3vWENO5CFL1Nodes1
00RoePressure-eps-converted-to.pdf  used on input line 214.
(pdftex.def)             Requested size: 361.34999pt x 195.36609pt.
Package epstopdf Info: Source file: <./CH5/EPSFDocs/Test4CD6ROEvMUSCLvWENO3vWEN
O5CFL1Nodes100RoeInternalEnergy.eps>
(epstopdf)                    date: 2021-02-24 09:06:59
(epstopdf)                    size: 81010 bytes
(epstopdf)             Output file: <./CH5/EPSFDocs/Test4CD6ROEvMUSCLvWENO3vWEN
O5CFL1Nodes100RoeInternalEnergy-eps-converted-to.pdf>
(epstopdf)                    date: 2021-02-24 09:08:56
(epstopdf)                    size: 35071 bytes
(epstopdf)             Command: <repstopdf --outfile=./CH5/EPSFDocs/Test4CD6ROE
vMUSCLvWENO3vWENO5CFL1Nodes100RoeInternalEnergy-eps-converted-to.pdf ./CH5/EPSF
Docs/Test4CD6ROEvMUSCLvWENO3vWENO5CFL1Nodes100RoeInternalEnergy.eps>
(epstopdf)             \includegraphics on input line 220.
Package epstopdf Info: Output file is already uptodate.
<./CH5/EPSFDocs/Test4CD6ROEvMUSCLvWENO3vWENO5CFL1Nodes100RoeInternalEnergy-eps-
converted-to.pdf, id=646, 2455.1725pt x 1347.0325pt>
File: ./CH5/EPSFDocs/Test4CD6ROEvMUSCLvWENO3vWENO5CFL1Nodes100RoeInternalEnergy
-eps-converted-to.pdf Graphic file (type pdf)
<use ./CH5/EPSFDocs/Test4CD6ROEvMUSCLvWENO3vWENO5CFL1Nodes100RoeInternalEnergy-
eps-converted-to.pdf>
Package pdftex.def Info: ./CH5/EPSFDocs/Test4CD6ROEvMUSCLvWENO3vWENO5CFL1Nodes1
00RoeInternalEnergy-eps-converted-to.pdf  used on input line 220.
(pdftex.def)             Requested size: 361.34999pt x 198.24365pt.
 [86 <./CH5/EPSFDocs/Test4CD4ROEvMUSCLvWENO3vWENO5CFL1Nodes100RoeInternalEnergy
-eps-converted-to.pdf>] [87 <./CH5/EPSFDocs/Test4CD6ROEvMUSCLvWENO3vWENO5CFL1No
des100RoeDensity-eps-converted-to.pdf> <./CH5/EPSFDocs/Test4CD6ROEvMUSCLvWENO3v
WENO5CFL1Nodes100RoeVelocity-eps-converted-to.pdf>] [88 <./CH5/EPSFDocs/Test4CD
6ROEvMUSCLvWENO3vWENO5CFL1Nodes100RoePressure-eps-converted-to.pdf> <./CH5/EPSF
Docs/Test4CD6ROEvMUSCLvWENO3vWENO5CFL1Nodes100RoeInternalEnergy-eps-converted-t
o.pdf>]
Package epstopdf Info: Source file: <./CH5/EPSFDocs/Test5CD2ROECFL1Nodes100RoeD
ensity.eps>
(epstopdf)                    date: 2021-03-16 17:00:33
(epstopdf)                    size: 53853 bytes
(epstopdf)             Output file: <./CH5/EPSFDocs/Test5CD2ROECFL1Nodes100RoeD
ensity-eps-converted-to.pdf>
(epstopdf)                    date: 2021-03-16 17:13:47
(epstopdf)                    size: 19409 bytes
(epstopdf)             Command: <repstopdf --outfile=./CH5/EPSFDocs/Test5CD2ROE
CFL1Nodes100RoeDensity-eps-converted-to.pdf ./CH5/EPSFDocs/Test5CD2ROECFL1Nodes
100RoeDensity.eps>
(epstopdf)             \includegraphics on input line 236.
Package epstopdf Info: Output file is already uptodate.
<./CH5/EPSFDocs/Test5CD2ROECFL1Nodes100RoeDensity-eps-converted-to.pdf, id=683,
 2385.91376pt x 1328.965pt>
File: ./CH5/EPSFDocs/Test5CD2ROECFL1Nodes100RoeDensity-eps-converted-to.pdf Gra
phic file (type pdf)
<use ./CH5/EPSFDocs/Test5CD2ROECFL1Nodes100RoeDensity-eps-converted-to.pdf>
Package pdftex.def Info: ./CH5/EPSFDocs/Test5CD2ROECFL1Nodes100RoeDensity-eps-c
onverted-to.pdf  used on input line 236.
(pdftex.def)             Requested size: 361.34999pt x 201.26259pt.
 [89]
Package epstopdf Info: Source file: <./CH5/EPSFDocs/Test5CD2ROECFL1Nodes100RoeV
elocity.eps>
(epstopdf)                    date: 2021-03-16 17:00:34
(epstopdf)                    size: 52808 bytes
(epstopdf)             Output file: <./CH5/EPSFDocs/Test5CD2ROECFL1Nodes100RoeV
elocity-eps-converted-to.pdf>
(epstopdf)                    date: 2021-03-16 17:13:48
(epstopdf)                    size: 19843 bytes
(epstopdf)             Command: <repstopdf --outfile=./CH5/EPSFDocs/Test5CD2ROE
CFL1Nodes100RoeVelocity-eps-converted-to.pdf ./CH5/EPSFDocs/Test5CD2ROECFL1Node
s100RoeVelocity.eps>
(epstopdf)             \includegraphics on input line 242.
Package epstopdf Info: Output file is already uptodate.
<./CH5/EPSFDocs/Test5CD2ROECFL1Nodes100RoeVelocity-eps-converted-to.pdf, id=687
, 2440.11626pt x 1313.90875pt>
File: ./CH5/EPSFDocs/Test5CD2ROECFL1Nodes100RoeVelocity-eps-converted-to.pdf Gr
aphic file (type pdf)
<use ./CH5/EPSFDocs/Test5CD2ROECFL1Nodes100RoeVelocity-eps-converted-to.pdf>
Package pdftex.def Info: ./CH5/EPSFDocs/Test5CD2ROECFL1Nodes100RoeVelocity-eps-
converted-to.pdf  used on input line 242.
(pdftex.def)             Requested size: 361.34999pt x 194.57173pt.
Package epstopdf Info: Source file: <./CH5/EPSFDocs/Test5CD2ROECFL1Nodes100RoeP
ressure.eps>
(epstopdf)                    date: 2021-03-16 17:00:35
(epstopdf)                    size: 52659 bytes
(epstopdf)             Output file: <./CH5/EPSFDocs/Test5CD2ROECFL1Nodes100RoeP
ressure-eps-converted-to.pdf>
(epstopdf)                    date: 2021-03-16 17:13:48
(epstopdf)                    size: 20218 bytes
(epstopdf)             Command: <repstopdf --outfile=./CH5/EPSFDocs/Test5CD2ROE
CFL1Nodes100RoePressure-eps-converted-to.pdf ./CH5/EPSFDocs/Test5CD2ROECFL1Node
s100RoePressure.eps>
(epstopdf)             \includegraphics on input line 248.
Package epstopdf Info: Output file is already uptodate.
<./CH5/EPSFDocs/Test5CD2ROECFL1Nodes100RoePressure-eps-converted-to.pdf, id=688
, 2491.3075pt x 1313.90875pt>
File: ./CH5/EPSFDocs/Test5CD2ROECFL1Nodes100RoePressure-eps-converted-to.pdf Gr
aphic file (type pdf)
<use ./CH5/EPSFDocs/Test5CD2ROECFL1Nodes100RoePressure-eps-converted-to.pdf>
Package pdftex.def Info: ./CH5/EPSFDocs/Test5CD2ROECFL1Nodes100RoePressure-eps-
converted-to.pdf  used on input line 248.
(pdftex.def)             Requested size: 361.34999pt x 190.56201pt.
Package epstopdf Info: Source file: <./CH5/EPSFDocs/Test5CD2ROECFL1Nodes100RoeI
nternalEnergy.eps>
(epstopdf)                    date: 2021-03-16 17:00:35
(epstopdf)                    size: 52483 bytes
(epstopdf)             Output file: <./CH5/EPSFDocs/Test5CD2ROECFL1Nodes100RoeI
nternalEnergy-eps-converted-to.pdf>
(epstopdf)                    date: 2021-03-16 17:13:48
(epstopdf)                    size: 19724 bytes
(epstopdf)             Command: <repstopdf --outfile=./CH5/EPSFDocs/Test5CD2ROE
CFL1Nodes100RoeInternalEnergy-eps-converted-to.pdf ./CH5/EPSFDocs/Test5CD2ROECF
L1Nodes100RoeInternalEnergy.eps>
(epstopdf)             \includegraphics on input line 254.
Package epstopdf Info: Output file is already uptodate.
<./CH5/EPSFDocs/Test5CD2ROECFL1Nodes100RoeInternalEnergy-eps-converted-to.pdf, 
id=689, 2491.3075pt x 1313.90875pt>
File: ./CH5/EPSFDocs/Test5CD2ROECFL1Nodes100RoeInternalEnergy-eps-converted-to.
pdf Graphic file (type pdf)
<use ./CH5/EPSFDocs/Test5CD2ROECFL1Nodes100RoeInternalEnergy-eps-converted-to.p
df>
Package pdftex.def Info: ./CH5/EPSFDocs/Test5CD2ROECFL1Nodes100RoeInternalEnerg
y-eps-converted-to.pdf  used on input line 254.
(pdftex.def)             Requested size: 361.34999pt x 190.56201pt.
) [90 <./CH5/EPSFDocs/Test5CD2ROECFL1Nodes100RoeDensity-eps-converted-to.pdf>] 
[91 <./CH5/EPSFDocs/Test5CD2ROECFL1Nodes100RoeVelocity-eps-converted-to.pdf> <.
/CH5/EPSFDocs/Test5CD2ROECFL1Nodes100RoePressure-eps-converted-to.pdf>] [92 <./
CH5/EPSFDocs/Test5CD2ROECFL1Nodes100RoeInternalEnergy-eps-converted-to.pdf>]
\openout2 = `./CH6/conclusions.aux'.

 (./CH6/conclusions.tex
CHAPTER 8.
[93



] [94] [95]
Overfull \hbox (9.68654pt too wide) in paragraph at lines 21--22
\OT1/cmr/m/n/12 WENO5 scheme cap-tures con-tact dis-con-ti-nu-ities more ac-cu-
rately than the Roe-WENO3
 []

) [96]
\openout2 = `./BACK/bibliography.aux'.

 (./BACK/bibliography.tex (./thesis.bbl [97




]
Underfull \hbox (badness 1097) in paragraph at lines 129--133
[]\OT1/cmr/m/n/12 Paul Wood-ward and Phillip Colella.  The nu-mer-i-cal sim-u-l
a-tion of two-
 []

[98] [99])) [100] (./thesis.aux (./CH1/introduction.aux)
(./CH2/chapter2name.aux) (./CH3/chapter3name.aux) (./CH4/chapter4name.aux)
(./CH7/chapter7name.aux) (./CH5/chapter5name.aux) (./CH8/chapter8name.aux)
(./CH6/conclusions.aux) (./BACK/bibliography.aux))

LaTeX Warning: There were multiply-defined labels.

 ) 
Here is how much of TeX's memory you used:
 18663 strings out of 483183
 399784 string characters out of 5966291
 640394 words of memory out of 5000000
 33153 multiletter control sequences out of 15000+600000
 540900 words of font info for 56 fonts, out of 8000000 for 9000
 14 hyphenation exceptions out of 8191
 60i,18n,67p,1882b,807s stack positions out of 5000i,500n,10000p,200000b,80000s
</usr/share/texlive/texmf-dist/fonts/type1/public/amsfonts/cm/cmbsy10.pfb></u
sr/share/texlive/texmf-dist/fonts/type1/public/amsfonts/cm/cmbx12.pfb></usr/sha
re/texlive/texmf-dist/fonts/type1/public/amsfonts/cm/cmex10.pfb></usr/share/tex
live/texmf-dist/fonts/type1/public/amsfonts/cm/cmmi12.pfb></usr/share/texlive/t
exmf-dist/fonts/type1/public/amsfonts/cm/cmmi6.pfb></usr/share/texlive/texmf-di
st/fonts/type1/public/amsfonts/cm/cmmi8.pfb></usr/share/texlive/texmf-dist/font
s/type1/public/amsfonts/cm/cmmib10.pfb></usr/share/texlive/texmf-dist/fonts/typ
e1/public/amsfonts/cmextra/cmmib8.pfb></usr/share/texlive/texmf-dist/fonts/type
1/public/amsfonts/cm/cmr12.pfb></usr/share/texlive/texmf-dist/fonts/type1/publi
c/amsfonts/cm/cmr6.pfb></usr/share/texlive/texmf-dist/fonts/type1/public/amsfon
ts/cm/cmr8.pfb></usr/share/texlive/texmf-dist/fonts/type1/public/amsfonts/cm/cm
sy10.pfb></usr/share/texlive/texmf-dist/fonts/type1/public/amsfonts/cm/cmsy6.pf
b></usr/share/texlive/texmf-dist/fonts/type1/public/amsfonts/cm/cmsy8.pfb></usr
/share/texlive/texmf-dist/fonts/type1/public/amsfonts/cm/cmti12.pfb>
Output written on thesis.pdf (115 pages, 1972498 bytes).
PDF statistics:
 799 PDF objects out of 1000 (max. 8388607)
 536 compressed objects within 6 object streams
 0 named destinations out of 1000 (max. 500000)
 303 words of extra memory for PDF output out of 10000 (max. 10000000)

