This is pdfTeX, Version 3.14159265-2.6-1.40.20 (TeX Live 2019/Debian) (preloaded format=pdflatex 2020.10.21)  29 APR 2021 13:25
entering extended mode
 restricted \write18 enabled.
 %&-line parsing enabled.
**document.tex
(./document.tex
LaTeX2e <2020-02-02> patch level 2
L3 programming layer <2020-02-14>
(/usr/share/texlive/texmf-dist/tex/latex/base/article.cls
Document Class: article 2019/12/20 v1.4l Standard LaTeX document class
(/usr/share/texlive/texmf-dist/tex/latex/base/size10.clo
File: size10.clo 2019/12/20 v1.4l Standard LaTeX file (size option)
)
\c@part=\count167
\c@section=\count168
\c@subsection=\count169
\c@subsubsection=\count170
\c@paragraph=\count171
\c@subparagraph=\count172
\c@figure=\count173
\c@table=\count174
\abovecaptionskip=\skip47
\belowcaptionskip=\skip48
\bibindent=\dimen134
)
(/usr/share/texlive/texmf-dist/tex/latex/graphics/graphicx.sty
Package: graphicx 2019/11/30 v1.2a Enhanced LaTeX Graphics (DPC,SPQR)

(/usr/share/texlive/texmf-dist/tex/latex/graphics/keyval.sty
Package: keyval 2014/10/28 v1.15 key=value parser (DPC)
\KV@toks@=\toks14
)
(/usr/share/texlive/texmf-dist/tex/latex/graphics/graphics.sty
Package: graphics 2019/11/30 v1.4a Standard LaTeX Graphics (DPC,SPQR)

(/usr/share/texlive/texmf-dist/tex/latex/graphics/trig.sty
Package: trig 2016/01/03 v1.10 sin cos tan (DPC)
)
(/usr/share/texlive/texmf-dist/tex/latex/graphics-cfg/graphics.cfg
File: graphics.cfg 2016/06/04 v1.11 sample graphics configuration
)
Package graphics Info: Driver file: pdftex.def on input line 105.

(/usr/share/texlive/texmf-dist/tex/latex/graphics-def/pdftex.def
File: pdftex.def 2018/01/08 v1.0l Graphics/color driver for pdftex
))
\Gin@req@height=\dimen135
\Gin@req@width=\dimen136
)
(/usr/share/texlive/texmf-dist/tex/latex/booktabs/booktabs.sty
Package: booktabs 2020/01/12 v1.61803398 Publication quality tables
\heavyrulewidth=\dimen137
\lightrulewidth=\dimen138
\cmidrulewidth=\dimen139
\belowrulesep=\dimen140
\belowbottomsep=\dimen141
\aboverulesep=\dimen142
\abovetopsep=\dimen143
\cmidrulesep=\dimen144
\cmidrulekern=\dimen145
\defaultaddspace=\dimen146
\@cmidla=\count175
\@cmidlb=\count176
\@aboverulesep=\dimen147
\@belowrulesep=\dimen148
\@thisruleclass=\count177
\@lastruleclass=\count178
\@thisrulewidth=\dimen149
)
(/usr/share/texlive/texmf-dist/tex/latex/l3backend/l3backend-pdfmode.def
File: l3backend-pdfmode.def 2020-02-03 L3 backend support: PDF mode
\l__kernel_color_stack_int=\count179
\l__pdf_internal_box=\box45
)
(./document.aux

LaTeX Warning: Label `' multiply defined.


LaTeX Warning: Label `' multiply defined.


LaTeX Warning: Label `' multiply defined.


LaTeX Warning: Label `' multiply defined.


LaTeX Warning: Label `' multiply defined.


LaTeX Warning: Label `' multiply defined.


LaTeX Warning: Label `' multiply defined.


LaTeX Warning: Label `' multiply defined.


LaTeX Warning: Label `' multiply defined.


LaTeX Warning: Label `' multiply defined.


LaTeX Warning: Label `' multiply defined.


LaTeX Warning: Label `' multiply defined.


LaTeX Warning: Label `' multiply defined.


LaTeX Warning: Label `' multiply defined.


LaTeX Warning: Label `' multiply defined.


LaTeX Warning: Label `' multiply defined.


LaTeX Warning: Label `' multiply defined.


LaTeX Warning: Label `' multiply defined.


LaTeX Warning: Label `' multiply defined.


LaTeX Warning: Label `' multiply defined.


LaTeX Warning: Label `' multiply defined.


LaTeX Warning: Label `' multiply defined.


LaTeX Warning: Label `' multiply defined.


LaTeX Warning: Label `' multiply defined.


LaTeX Warning: Label `' multiply defined.


LaTeX Warning: Label `' multiply defined.


LaTeX Warning: Label `' multiply defined.


LaTeX Warning: Label `' multiply defined.


LaTeX Warning: Label `' multiply defined.


LaTeX Warning: Label `' multiply defined.


LaTeX Warning: Label `' multiply defined.


LaTeX Warning: Label `' multiply defined.


LaTeX Warning: Label `' multiply defined.


LaTeX Warning: Label `' multiply defined.


LaTeX Warning: Label `' multiply defined.


LaTeX Warning: Label `' multiply defined.


LaTeX Warning: Label `' multiply defined.


LaTeX Warning: Label `' multiply defined.


LaTeX Warning: Label `' multiply defined.


LaTeX Warning: Label `' multiply defined.


LaTeX Warning: Label `' multiply defined.


LaTeX Warning: Label `' multiply defined.


LaTeX Warning: Label `' multiply defined.


LaTeX Warning: Label `' multiply defined.


LaTeX Warning: Label `' multiply defined.


LaTeX Warning: Label `' multiply defined.


LaTeX Warning: Label `' multiply defined.


LaTeX Warning: Label `' multiply defined.


LaTeX Warning: Label `' multiply defined.


LaTeX Warning: Label `' multiply defined.


LaTeX Warning: Label `' multiply defined.


LaTeX Warning: Label `' multiply defined.


LaTeX Warning: Label `' multiply defined.


LaTeX Warning: Label `' multiply defined.


LaTeX Warning: Label `' multiply defined.


LaTeX Warning: Label `' multiply defined.


LaTeX Warning: Label `' multiply defined.


LaTeX Warning: Label `' multiply defined.


LaTeX Warning: Label `' multiply defined.


LaTeX Warning: Label `' multiply defined.


LaTeX Warning: Label `' multiply defined.


LaTeX Warning: Label `' multiply defined.


LaTeX Warning: Label `' multiply defined.


LaTeX Warning: Label `' multiply defined.


LaTeX Warning: Label `' multiply defined.


LaTeX Warning: Label `' multiply defined.


LaTeX Warning: Label `' multiply defined.


LaTeX Warning: Label `' multiply defined.


LaTeX Warning: Label `' multiply defined.


LaTeX Warning: Label `' multiply defined.


LaTeX Warning: Label `' multiply defined.


LaTeX Warning: Label `' multiply defined.


LaTeX Warning: Label `' multiply defined.


LaTeX Warning: Label `' multiply defined.


LaTeX Warning: Label `' multiply defined.


LaTeX Warning: Label `' multiply defined.


LaTeX Warning: Label `' multiply defined.


LaTeX Warning: Label `' multiply defined.


LaTeX Warning: Label `' multiply defined.


LaTeX Warning: Label `' multiply defined.


LaTeX Warning: Label `' multiply defined.


LaTeX Warning: Label `' multiply defined.


LaTeX Warning: Label `' multiply defined.


LaTeX Warning: Label `' multiply defined.


LaTeX Warning: Label `' multiply defined.


LaTeX Warning: Label `' multiply defined.


LaTeX Warning: Label `' multiply defined.


LaTeX Warning: Label `' multiply defined.


LaTeX Warning: Label `' multiply defined.


LaTeX Warning: Label `' multiply defined.


LaTeX Warning: Label `' multiply defined.


LaTeX Warning: Label `' multiply defined.


LaTeX Warning: Label `' multiply defined.


LaTeX Warning: Label `' multiply defined.


LaTeX Warning: Label `' multiply defined.


LaTeX Warning: Label `' multiply defined.


LaTeX Warning: Label `' multiply defined.


LaTeX Warning: Label `' multiply defined.


LaTeX Warning: Label `' multiply defined.


LaTeX Warning: Label `' multiply defined.


LaTeX Warning: Label `' multiply defined.


LaTeX Warning: Label `' multiply defined.


LaTeX Warning: Label `' multiply defined.


LaTeX Warning: Label `' multiply defined.


LaTeX Warning: Label `' multiply defined.


LaTeX Warning: Label `' multiply defined.


LaTeX Warning: Label `' multiply defined.


LaTeX Warning: Label `' multiply defined.


LaTeX Warning: Label `' multiply defined.


LaTeX Warning: Label `' multiply defined.


LaTeX Warning: Label `' multiply defined.


LaTeX Warning: Label `' multiply defined.


LaTeX Warning: Label `' multiply defined.


LaTeX Warning: Label `' multiply defined.


LaTeX Warning: Label `' multiply defined.


LaTeX Warning: Label `' multiply defined.


LaTeX Warning: Label `' multiply defined.


LaTeX Warning: Label `' multiply defined.


LaTeX Warning: Label `' multiply defined.


LaTeX Warning: Label `' multiply defined.


LaTeX Warning: Label `' multiply defined.


LaTeX Warning: Label `' multiply defined.


LaTeX Warning: Label `' multiply defined.


LaTeX Warning: Label `' multiply defined.


LaTeX Warning: Label `' multiply defined.


LaTeX Warning: Label `' multiply defined.


LaTeX Warning: Label `' multiply defined.


LaTeX Warning: Label `' multiply defined.


LaTeX Warning: Label `' multiply defined.


LaTeX Warning: Label `' multiply defined.


LaTeX Warning: Label `' multiply defined.


LaTeX Warning: Label `' multiply defined.


LaTeX Warning: Label `' multiply defined.


LaTeX Warning: Label `' multiply defined.


LaTeX Warning: Label `' multiply defined.


LaTeX Warning: Label `' multiply defined.


LaTeX Warning: Label `' multiply defined.


LaTeX Warning: Label `' multiply defined.


LaTeX Warning: Label `' multiply defined.


LaTeX Warning: Label `' multiply defined.


LaTeX Warning: Label `' multiply defined.


LaTeX Warning: Label `' multiply defined.


LaTeX Warning: Label `' multiply defined.


LaTeX Warning: Label `' multiply defined.


LaTeX Warning: Label `' multiply defined.


LaTeX Warning: Label `' multiply defined.


LaTeX Warning: Label `' multiply defined.


LaTeX Warning: Label `' multiply defined.


LaTeX Warning: Label `' multiply defined.


LaTeX Warning: Label `' multiply defined.


LaTeX Warning: Label `' multiply defined.


LaTeX Warning: Label `' multiply defined.


LaTeX Warning: Label `' multiply defined.


LaTeX Warning: Label `' multiply defined.


LaTeX Warning: Label `' multiply defined.


LaTeX Warning: Label `' multiply defined.


LaTeX Warning: Label `' multiply defined.


LaTeX Warning: Label `' multiply defined.


LaTeX Warning: Label `' multiply defined.


LaTeX Warning: Label `' multiply defined.


LaTeX Warning: Label `' multiply defined.


LaTeX Warning: Label `' multiply defined.


LaTeX Warning: Label `' multiply defined.


LaTeX Warning: Label `' multiply defined.


LaTeX Warning: Label `' multiply defined.


LaTeX Warning: Label `' multiply defined.


LaTeX Warning: Label `' multiply defined.


LaTeX Warning: Label `' multiply defined.


LaTeX Warning: Label `' multiply defined.


LaTeX Warning: Label `' multiply defined.


LaTeX Warning: Label `' multiply defined.


LaTeX Warning: Label `' multiply defined.


LaTeX Warning: Label `' multiply defined.


LaTeX Warning: Label `' multiply defined.


LaTeX Warning: Label `' multiply defined.

)
\openout1 = `document.aux'.

LaTeX Font Info:    Checking defaults for OML/cmm/m/it on input line 8.
LaTeX Font Info:    ... okay on input line 8.
LaTeX Font Info:    Checking defaults for OMS/cmsy/m/n on input line 8.
LaTeX Font Info:    ... okay on input line 8.
LaTeX Font Info:    Checking defaults for OT1/cmr/m/n on input line 8.
LaTeX Font Info:    ... okay on input line 8.
LaTeX Font Info:    Checking defaults for T1/cmr/m/n on input line 8.
LaTeX Font Info:    ... okay on input line 8.
LaTeX Font Info:    Checking defaults for TS1/cmr/m/n on input line 8.
LaTeX Font Info:    ... okay on input line 8.
LaTeX Font Info:    Checking defaults for OMX/cmex/m/n on input line 8.
LaTeX Font Info:    ... okay on input line 8.
LaTeX Font Info:    Checking defaults for U/cmr/m/n on input line 8.
LaTeX Font Info:    ... okay on input line 8.
 (/usr/share/texlive/texmf-dist/tex/context/base/mkii/supp-pdf.mkii
[Loading MPS to PDF converter (version 2006.09.02).]
\scratchcounter=\count180
\scratchdimen=\dimen150
\scratchbox=\box46
\nofMPsegments=\count181
\nofMParguments=\count182
\everyMPshowfont=\toks15
\MPscratchCnt=\count183
\MPscratchDim=\dimen151
\MPnumerator=\count184
\makeMPintoPDFobject=\count185
\everyMPtoPDFconversion=\toks16
) (/usr/share/texlive/texmf-dist/tex/latex/epstopdf-pkg/epstopdf-base.sty
Package: epstopdf-base 2020-01-24 v2.11 Base part for package epstopdf
Package epstopdf-base Info: Redefining graphics rule for `.eps' on input line 4
85.

(/usr/share/texlive/texmf-dist/tex/latex/latexconfig/epstopdf-sys.cfg
File: epstopdf-sys.cfg 2010/07/13 v1.3 Configuration of (r)epstopdf for TeX Liv
e
))
Underfull \hbox (badness 10000) in paragraph at lines 12--13

 []


Underfull \hbox (badness 10000) in paragraph at lines 14--15

 []


Underfull \hbox (badness 10000) in paragraph at lines 18--19

 []

LaTeX Font Info:    External font `cmex10' loaded for size
(Font)              <7> on input line 20.
LaTeX Font Info:    External font `cmex10' loaded for size
(Font)              <5> on input line 20.

Underfull \hbox (badness 10000) in paragraph at lines 20--21

 []


Underfull \hbox (badness 10000) in paragraph at lines 22--23

 []

[1

{/var/lib/texmf/fonts/map/pdftex/updmap/pdftex.map}]
Package epstopdf Info: Source file: <Test4ROEvMUSCLvWENO3vWENO5CFL1Nodes50RoeDe
nsity.eps>
(epstopdf)                    date: 2021-04-29 12:03:07
(epstopdf)                    size: 69003 bytes
(epstopdf)             Output file: <Test4ROEvMUSCLvWENO3vWENO5CFL1Nodes50RoeDe
nsity-eps-converted-to.pdf>
(epstopdf)                    date: 2021-04-29 12:40:02
(epstopdf)                    size: 28965 bytes
(epstopdf)             Command: <repstopdf --outfile=Test4ROEvMUSCLvWENO3vWENO5
CFL1Nodes50RoeDensity-eps-converted-to.pdf Test4ROEvMUSCLvWENO3vWENO5CFL1Nodes5
0RoeDensity.eps>
(epstopdf)             \includegraphics on input line 28.
Package epstopdf Info: Output file is already uptodate.
<Test4ROEvMUSCLvWENO3vWENO5CFL1Nodes50RoeDensity-eps-converted-to.pdf, id=9, 24
21.045pt x 1329.96875pt>
File: Test4ROEvMUSCLvWENO3vWENO5CFL1Nodes50RoeDensity-eps-converted-to.pdf Grap
hic file (type pdf)
<use Test4ROEvMUSCLvWENO3vWENO5CFL1Nodes50RoeDensity-eps-converted-to.pdf>
Package pdftex.def Info: Test4ROEvMUSCLvWENO3vWENO5CFL1Nodes50RoeDensity-eps-co
nverted-to.pdf  used on input line 28.
(pdftex.def)             Requested size: 345.0pt x 189.50221pt.
Package epstopdf Info: Source file: <Test4ROEvMUSCLvWENO3vWENO5CFL1Nodes50RoeVe
locity.eps>
(epstopdf)                    date: 2021-04-29 12:03:08
(epstopdf)                    size: 69156 bytes
(epstopdf)             Output file: <Test4ROEvMUSCLvWENO3vWENO5CFL1Nodes50RoeVe
locity-eps-converted-to.pdf>
(epstopdf)                    date: 2021-04-29 12:40:49
(epstopdf)                    size: 30184 bytes
(epstopdf)             Command: <repstopdf --outfile=Test4ROEvMUSCLvWENO3vWENO5
CFL1Nodes50RoeVelocity-eps-converted-to.pdf Test4ROEvMUSCLvWENO3vWENO5CFL1Nodes
50RoeVelocity.eps>
(epstopdf)             \includegraphics on input line 34.
Package epstopdf Info: Output file is already uptodate.
<Test4ROEvMUSCLvWENO3vWENO5CFL1Nodes50RoeVelocity-eps-converted-to.pdf, id=10, 
2440.11626pt x 1329.96875pt>
File: Test4ROEvMUSCLvWENO3vWENO5CFL1Nodes50RoeVelocity-eps-converted-to.pdf Gra
phic file (type pdf)
<use Test4ROEvMUSCLvWENO3vWENO5CFL1Nodes50RoeVelocity-eps-converted-to.pdf>
Package pdftex.def Info: Test4ROEvMUSCLvWENO3vWENO5CFL1Nodes50RoeVelocity-eps-c
onverted-to.pdf  used on input line 34.
(pdftex.def)             Requested size: 345.0pt x 188.04108pt.
Package epstopdf Info: Source file: <Test4ROEvMUSCLvWENO3vWENO5CFL1Nodes50RoePr
essure.eps>
(epstopdf)                    date: 2021-04-29 12:03:10
(epstopdf)                    size: 69906 bytes
(epstopdf)             Output file: <Test4ROEvMUSCLvWENO3vWENO5CFL1Nodes50RoePr
essure-eps-converted-to.pdf>
(epstopdf)                    date: 2021-04-29 12:40:49
(epstopdf)                    size: 29278 bytes
(epstopdf)             Command: <repstopdf --outfile=Test4ROEvMUSCLvWENO3vWENO5
CFL1Nodes50RoePressure-eps-converted-to.pdf Test4ROEvMUSCLvWENO3vWENO5CFL1Nodes
50RoePressure.eps>
(epstopdf)             \includegraphics on input line 40.
Package epstopdf Info: Output file is already uptodate.
<Test4ROEvMUSCLvWENO3vWENO5CFL1Nodes50RoePressure-eps-converted-to.pdf, id=11, 
2491.3075pt x 1313.90875pt>
File: Test4ROEvMUSCLvWENO3vWENO5CFL1Nodes50RoePressure-eps-converted-to.pdf Gra
phic file (type pdf)
<use Test4ROEvMUSCLvWENO3vWENO5CFL1Nodes50RoePressure-eps-converted-to.pdf>
Package pdftex.def Info: Test4ROEvMUSCLvWENO3vWENO5CFL1Nodes50RoePressure-eps-c
onverted-to.pdf  used on input line 40.
(pdftex.def)             Requested size: 345.0pt x 181.9411pt.
Package epstopdf Info: Source file: <Test4ROEvMUSCLvWENO3vWENO5CFL1Nodes50RoeIn
ternalEnergy.eps>
(epstopdf)                    date: 2021-04-29 12:03:11
(epstopdf)                    size: 68459 bytes
(epstopdf)             Output file: <Test4ROEvMUSCLvWENO3vWENO5CFL1Nodes50RoeIn
ternalEnergy-eps-converted-to.pdf>
(epstopdf)                    date: 2021-04-29 12:40:50
(epstopdf)                    size: 29841 bytes
(epstopdf)             Command: <repstopdf --outfile=Test4ROEvMUSCLvWENO3vWENO5
CFL1Nodes50RoeInternalEnergy-eps-converted-to.pdf Test4ROEvMUSCLvWENO3vWENO5CFL
1Nodes50RoeInternalEnergy.eps>
(epstopdf)             \includegraphics on input line 46.
Package epstopdf Info: Output file is already uptodate.
<Test4ROEvMUSCLvWENO3vWENO5CFL1Nodes50RoeInternalEnergy-eps-converted-to.pdf, i
d=12, 2455.1725pt x 1313.90875pt>
File: Test4ROEvMUSCLvWENO3vWENO5CFL1Nodes50RoeInternalEnergy-eps-converted-to.p
df Graphic file (type pdf)
<use Test4ROEvMUSCLvWENO3vWENO5CFL1Nodes50RoeInternalEnergy-eps-converted-to.pd
f>
Package pdftex.def Info: Test4ROEvMUSCLvWENO3vWENO5CFL1Nodes50RoeInternalEnergy
-eps-converted-to.pdf  used on input line 46.
(pdftex.def)             Requested size: 345.0pt x 184.62762pt.
Package epstopdf Info: Source file: <Test4CD2ROEvMUSCLvWENO3vWENO5CFL1Nodes50Ro
eDensity.eps>
(epstopdf)                    date: 2021-04-29 12:09:06
(epstopdf)                    size: 77142 bytes
(epstopdf)             Output file: <Test4CD2ROEvMUSCLvWENO3vWENO5CFL1Nodes50Ro
eDensity-eps-converted-to.pdf>
(epstopdf)                    date: 2021-04-29 12:41:42
(epstopdf)                    size: 35791 bytes
(epstopdf)             Command: <repstopdf --outfile=Test4CD2ROEvMUSCLvWENO3vWE
NO5CFL1Nodes50RoeDensity-eps-converted-to.pdf Test4CD2ROEvMUSCLvWENO3vWENO5CFL1
Nodes50RoeDensity.eps>
(epstopdf)             \includegraphics on input line 51.
Package epstopdf Info: Output file is already uptodate.
<Test4CD2ROEvMUSCLvWENO3vWENO5CFL1Nodes50RoeDensity-eps-converted-to.pdf, id=13
, 2421.045pt x 1329.96875pt>
File: Test4CD2ROEvMUSCLvWENO3vWENO5CFL1Nodes50RoeDensity-eps-converted-to.pdf G
raphic file (type pdf)
<use Test4CD2ROEvMUSCLvWENO3vWENO5CFL1Nodes50RoeDensity-eps-converted-to.pdf>
Package pdftex.def Info: Test4CD2ROEvMUSCLvWENO3vWENO5CFL1Nodes50RoeDensity-eps
-converted-to.pdf  used on input line 51.
(pdftex.def)             Requested size: 345.0pt x 189.50221pt.
Package epstopdf Info: Source file: <Test4CD2ROEvMUSCLvWENO3vWENO5CFL1Nodes50Ro
eVelocity.eps>
(epstopdf)                    date: 2021-04-29 12:09:07
(epstopdf)                    size: 77318 bytes
(epstopdf)             Output file: <Test4CD2ROEvMUSCLvWENO3vWENO5CFL1Nodes50Ro
eVelocity-eps-converted-to.pdf>
(epstopdf)                    date: 2021-04-29 12:41:42
(epstopdf)                    size: 37274 bytes
(epstopdf)             Command: <repstopdf --outfile=Test4CD2ROEvMUSCLvWENO3vWE
NO5CFL1Nodes50RoeVelocity-eps-converted-to.pdf Test4CD2ROEvMUSCLvWENO3vWENO5CFL
1Nodes50RoeVelocity.eps>
(epstopdf)             \includegraphics on input line 57.
Package epstopdf Info: Output file is already uptodate.
<Test4CD2ROEvMUSCLvWENO3vWENO5CFL1Nodes50RoeVelocity-eps-converted-to.pdf, id=1
4, 2440.11626pt x 1329.96875pt>
File: Test4CD2ROEvMUSCLvWENO3vWENO5CFL1Nodes50RoeVelocity-eps-converted-to.pdf 
Graphic file (type pdf)
<use Test4CD2ROEvMUSCLvWENO3vWENO5CFL1Nodes50RoeVelocity-eps-converted-to.pdf>
Package pdftex.def Info: Test4CD2ROEvMUSCLvWENO3vWENO5CFL1Nodes50RoeVelocity-ep
s-converted-to.pdf  used on input line 57.
(pdftex.def)             Requested size: 345.0pt x 188.04108pt.
Package epstopdf Info: Source file: <Test4CD2ROEvMUSCLvWENO3vWENO5CFL1Nodes50Ro
ePressure.eps>
(epstopdf)                    date: 2021-04-29 12:09:07
(epstopdf)                    size: 78525 bytes
(epstopdf)             Output file: <Test4CD2ROEvMUSCLvWENO3vWENO5CFL1Nodes50Ro
ePressure-eps-converted-to.pdf>
(epstopdf)                    date: 2021-04-29 12:41:42
(epstopdf)                    size: 36111 bytes
(epstopdf)             Command: <repstopdf --outfile=Test4CD2ROEvMUSCLvWENO3vWE
NO5CFL1Nodes50RoePressure-eps-converted-to.pdf Test4CD2ROEvMUSCLvWENO3vWENO5CFL
1Nodes50RoePressure.eps>
(epstopdf)             \includegraphics on input line 63.
Package epstopdf Info: Output file is already uptodate.
<Test4CD2ROEvMUSCLvWENO3vWENO5CFL1Nodes50RoePressure-eps-converted-to.pdf, id=1
5, 2491.3075pt x 1313.90875pt>
File: Test4CD2ROEvMUSCLvWENO3vWENO5CFL1Nodes50RoePressure-eps-converted-to.pdf 
Graphic file (type pdf)
<use Test4CD2ROEvMUSCLvWENO3vWENO5CFL1Nodes50RoePressure-eps-converted-to.pdf>
Package pdftex.def Info: Test4CD2ROEvMUSCLvWENO3vWENO5CFL1Nodes50RoePressure-ep
s-converted-to.pdf  used on input line 63.
(pdftex.def)             Requested size: 345.0pt x 181.9411pt.
Package epstopdf Info: Source file: <Test4CD2ROEvMUSCLvWENO3vWENO5CFL1Nodes50Ro
eInternalEnergy.eps>
(epstopdf)                    date: 2021-04-29 12:09:09
(epstopdf)                    size: 77157 bytes
(epstopdf)             Output file: <Test4CD2ROEvMUSCLvWENO3vWENO5CFL1Nodes50Ro
eInternalEnergy-eps-converted-to.pdf>
(epstopdf)                    date: 2021-04-29 12:41:42
(epstopdf)                    size: 36978 bytes
(epstopdf)             Command: <repstopdf --outfile=Test4CD2ROEvMUSCLvWENO3vWE
NO5CFL1Nodes50RoeInternalEnergy-eps-converted-to.pdf Test4CD2ROEvMUSCLvWENO3vWE
NO5CFL1Nodes50RoeInternalEnergy.eps>
(epstopdf)             \includegraphics on input line 69.
Package epstopdf Info: Output file is already uptodate.
<Test4CD2ROEvMUSCLvWENO3vWENO5CFL1Nodes50RoeInternalEnergy-eps-converted-to.pdf
, id=16, 2455.1725pt x 1329.96875pt>
File: Test4CD2ROEvMUSCLvWENO3vWENO5CFL1Nodes50RoeInternalEnergy-eps-converted-t
o.pdf Graphic file (type pdf)
<use Test4CD2ROEvMUSCLvWENO3vWENO5CFL1Nodes50RoeInternalEnergy-eps-converted-to
.pdf>
Package pdftex.def Info: Test4CD2ROEvMUSCLvWENO3vWENO5CFL1Nodes50RoeInternalEne
rgy-eps-converted-to.pdf  used on input line 69.
(pdftex.def)             Requested size: 345.0pt x 186.88434pt.
Package epstopdf Info: Source file: <Test4CD4ROEvMUSCLvWENO3vWENO5CFL1Nodes50Ro
eDensity.eps>
(epstopdf)                    date: 2021-04-29 12:21:50
(epstopdf)                    size: 75770 bytes
(epstopdf)             Output file: <Test4CD4ROEvMUSCLvWENO3vWENO5CFL1Nodes50Ro
eDensity-eps-converted-to.pdf>
(epstopdf)                    date: 2021-04-29 12:42:46
(epstopdf)                    size: 34180 bytes
(epstopdf)             Command: <repstopdf --outfile=Test4CD4ROEvMUSCLvWENO3vWE
NO5CFL1Nodes50RoeDensity-eps-converted-to.pdf Test4CD4ROEvMUSCLvWENO3vWENO5CFL1
Nodes50RoeDensity.eps>
(epstopdf)             \includegraphics on input line 74.
Package epstopdf Info: Output file is already uptodate.
<Test4CD4ROEvMUSCLvWENO3vWENO5CFL1Nodes50RoeDensity-eps-converted-to.pdf, id=17
, 2421.045pt x 1329.96875pt>
File: Test4CD4ROEvMUSCLvWENO3vWENO5CFL1Nodes50RoeDensity-eps-converted-to.pdf G
raphic file (type pdf)
<use Test4CD4ROEvMUSCLvWENO3vWENO5CFL1Nodes50RoeDensity-eps-converted-to.pdf>
Package pdftex.def Info: Test4CD4ROEvMUSCLvWENO3vWENO5CFL1Nodes50RoeDensity-eps
-converted-to.pdf  used on input line 74.
(pdftex.def)             Requested size: 345.0pt x 189.50221pt.
Package epstopdf Info: Source file: <Test4CD4ROEvMUSCLvWENO3vWENO5CFL1Nodes50Ro
eVelocity.eps>
(epstopdf)                    date: 2021-04-29 12:21:51
(epstopdf)                    size: 75944 bytes
(epstopdf)             Output file: <Test4CD4ROEvMUSCLvWENO3vWENO5CFL1Nodes50Ro
eVelocity-eps-converted-to.pdf>
(epstopdf)                    date: 2021-04-29 12:42:46
(epstopdf)                    size: 35558 bytes
(epstopdf)             Command: <repstopdf --outfile=Test4CD4ROEvMUSCLvWENO3vWE
NO5CFL1Nodes50RoeVelocity-eps-converted-to.pdf Test4CD4ROEvMUSCLvWENO3vWENO5CFL
1Nodes50RoeVelocity.eps>
(epstopdf)             \includegraphics on input line 80.
Package epstopdf Info: Output file is already uptodate.
<Test4CD4ROEvMUSCLvWENO3vWENO5CFL1Nodes50RoeVelocity-eps-converted-to.pdf, id=1
8, 2440.11626pt x 1329.96875pt>
File: Test4CD4ROEvMUSCLvWENO3vWENO5CFL1Nodes50RoeVelocity-eps-converted-to.pdf 
Graphic file (type pdf)
<use Test4CD4ROEvMUSCLvWENO3vWENO5CFL1Nodes50RoeVelocity-eps-converted-to.pdf>
Package pdftex.def Info: Test4CD4ROEvMUSCLvWENO3vWENO5CFL1Nodes50RoeVelocity-ep
s-converted-to.pdf  used on input line 80.
(pdftex.def)             Requested size: 345.0pt x 188.04108pt.
Package epstopdf Info: Source file: <Test4CD4ROEvMUSCLvWENO3vWENO5CFL1Nodes50Ro
ePressure.eps>
(epstopdf)                    date: 2021-04-29 12:21:52
(epstopdf)                    size: 76678 bytes
(epstopdf)             Output file: <Test4CD4ROEvMUSCLvWENO3vWENO5CFL1Nodes50Ro
ePressure-eps-converted-to.pdf>
(epstopdf)                    date: 2021-04-29 12:42:46
(epstopdf)                    size: 34530 bytes
(epstopdf)             Command: <repstopdf --outfile=Test4CD4ROEvMUSCLvWENO3vWE
NO5CFL1Nodes50RoePressure-eps-converted-to.pdf Test4CD4ROEvMUSCLvWENO3vWENO5CFL
1Nodes50RoePressure.eps>
(epstopdf)             \includegraphics on input line 86.
Package epstopdf Info: Output file is already uptodate.
<Test4CD4ROEvMUSCLvWENO3vWENO5CFL1Nodes50RoePressure-eps-converted-to.pdf, id=1
9, 2491.3075pt x 1313.90875pt>
File: Test4CD4ROEvMUSCLvWENO3vWENO5CFL1Nodes50RoePressure-eps-converted-to.pdf 
Graphic file (type pdf)
<use Test4CD4ROEvMUSCLvWENO3vWENO5CFL1Nodes50RoePressure-eps-converted-to.pdf>
Package pdftex.def Info: Test4CD4ROEvMUSCLvWENO3vWENO5CFL1Nodes50RoePressure-ep
s-converted-to.pdf  used on input line 86.
(pdftex.def)             Requested size: 345.0pt x 181.9411pt.
Package epstopdf Info: Source file: <Test4CD4ROEvMUSCLvWENO3vWENO5CFL1Nodes50Ro
eInternalEnergy.eps>
(epstopdf)                    date: 2021-04-29 12:21:52
(epstopdf)                    size: 75247 bytes
(epstopdf)             Output file: <Test4CD4ROEvMUSCLvWENO3vWENO5CFL1Nodes50Ro
eInternalEnergy-eps-converted-to.pdf>
(epstopdf)                    date: 2021-04-29 12:42:46
(epstopdf)                    size: 35240 bytes
(epstopdf)             Command: <repstopdf --outfile=Test4CD4ROEvMUSCLvWENO3vWE
NO5CFL1Nodes50RoeInternalEnergy-eps-converted-to.pdf Test4CD4ROEvMUSCLvWENO3vWE
NO5CFL1Nodes50RoeInternalEnergy.eps>
(epstopdf)             \includegraphics on input line 92.
Package epstopdf Info: Output file is already uptodate.
<Test4CD4ROEvMUSCLvWENO3vWENO5CFL1Nodes50RoeInternalEnergy-eps-converted-to.pdf
, id=20, 2455.1725pt x 1313.90875pt>
File: Test4CD4ROEvMUSCLvWENO3vWENO5CFL1Nodes50RoeInternalEnergy-eps-converted-t
o.pdf Graphic file (type pdf)
<use Test4CD4ROEvMUSCLvWENO3vWENO5CFL1Nodes50RoeInternalEnergy-eps-converted-to
.pdf>
Package pdftex.def Info: Test4CD4ROEvMUSCLvWENO3vWENO5CFL1Nodes50RoeInternalEne
rgy-eps-converted-to.pdf  used on input line 92.
(pdftex.def)             Requested size: 345.0pt x 184.62762pt.
Package epstopdf Info: Source file: <Test4CD6ROEvMUSCLvWENO3vWENO5CFL1Nodes50Ro
eDensity.eps>
(epstopdf)                    date: 2021-04-29 12:22:10
(epstopdf)                    size: 78148 bytes
(epstopdf)             Output file: <Test4CD6ROEvMUSCLvWENO3vWENO5CFL1Nodes50Ro
eDensity-eps-converted-to.pdf>
(epstopdf)                    date: 2021-04-29 12:42:46
(epstopdf)                    size: 37039 bytes
(epstopdf)             Command: <repstopdf --outfile=Test4CD6ROEvMUSCLvWENO3vWE
NO5CFL1Nodes50RoeDensity-eps-converted-to.pdf Test4CD6ROEvMUSCLvWENO3vWENO5CFL1
Nodes50RoeDensity.eps>
(epstopdf)             \includegraphics on input line 97.
Package epstopdf Info: Output file is already uptodate.
<Test4CD6ROEvMUSCLvWENO3vWENO5CFL1Nodes50RoeDensity-eps-converted-to.pdf, id=21
, 2421.045pt x 1329.96875pt>
File: Test4CD6ROEvMUSCLvWENO3vWENO5CFL1Nodes50RoeDensity-eps-converted-to.pdf G
raphic file (type pdf)
<use Test4CD6ROEvMUSCLvWENO3vWENO5CFL1Nodes50RoeDensity-eps-converted-to.pdf>
Package pdftex.def Info: Test4CD6ROEvMUSCLvWENO3vWENO5CFL1Nodes50RoeDensity-eps
-converted-to.pdf  used on input line 97.
(pdftex.def)             Requested size: 345.0pt x 189.50221pt.
Package epstopdf Info: Source file: <Test4CD6ROEvMUSCLvWENO3vWENO5CFL1Nodes50Ro
eVelocity.eps>
(epstopdf)                    date: 2021-04-29 12:22:11
(epstopdf)                    size: 78324 bytes
(epstopdf)             Output file: <Test4CD6ROEvMUSCLvWENO3vWENO5CFL1Nodes50Ro
eVelocity-eps-converted-to.pdf>
(epstopdf)                    date: 2021-04-29 12:42:47
(epstopdf)                    size: 38556 bytes
(epstopdf)             Command: <repstopdf --outfile=Test4CD6ROEvMUSCLvWENO3vWE
NO5CFL1Nodes50RoeVelocity-eps-converted-to.pdf Test4CD6ROEvMUSCLvWENO3vWENO5CFL
1Nodes50RoeVelocity.eps>
(epstopdf)             \includegraphics on input line 103.
Package epstopdf Info: Output file is already uptodate.
<Test4CD6ROEvMUSCLvWENO3vWENO5CFL1Nodes50RoeVelocity-eps-converted-to.pdf, id=2
2, 2440.11626pt x 1329.96875pt>
File: Test4CD6ROEvMUSCLvWENO3vWENO5CFL1Nodes50RoeVelocity-eps-converted-to.pdf 
Graphic file (type pdf)
<use Test4CD6ROEvMUSCLvWENO3vWENO5CFL1Nodes50RoeVelocity-eps-converted-to.pdf>
Package pdftex.def Info: Test4CD6ROEvMUSCLvWENO3vWENO5CFL1Nodes50RoeVelocity-ep
s-converted-to.pdf  used on input line 103.
(pdftex.def)             Requested size: 345.0pt x 188.04108pt.
Package epstopdf Info: Source file: <Test4CD6ROEvMUSCLvWENO3vWENO5CFL1Nodes50Ro
ePressure.eps>
(epstopdf)                    date: 2021-04-29 12:22:11
(epstopdf)                    size: 79059 bytes
(epstopdf)             Output file: <Test4CD6ROEvMUSCLvWENO3vWENO5CFL1Nodes50Ro
ePressure-eps-converted-to.pdf>
(epstopdf)                    date: 2021-04-29 12:42:47
(epstopdf)                    size: 37355 bytes
(epstopdf)             Command: <repstopdf --outfile=Test4CD6ROEvMUSCLvWENO3vWE
NO5CFL1Nodes50RoePressure-eps-converted-to.pdf Test4CD6ROEvMUSCLvWENO3vWENO5CFL
1Nodes50RoePressure.eps>
(epstopdf)             \includegraphics on input line 109.
Package epstopdf Info: Output file is already uptodate.
<Test4CD6ROEvMUSCLvWENO3vWENO5CFL1Nodes50RoePressure-eps-converted-to.pdf, id=2
3, 2491.3075pt x 1313.90875pt>
File: Test4CD6ROEvMUSCLvWENO3vWENO5CFL1Nodes50RoePressure-eps-converted-to.pdf 
Graphic file (type pdf)
<use Test4CD6ROEvMUSCLvWENO3vWENO5CFL1Nodes50RoePressure-eps-converted-to.pdf>
Package pdftex.def Info: Test4CD6ROEvMUSCLvWENO3vWENO5CFL1Nodes50RoePressure-ep
s-converted-to.pdf  used on input line 109.
(pdftex.def)             Requested size: 345.0pt x 181.9411pt.
Package epstopdf Info: Source file: <Test4CD6ROEvMUSCLvWENO3vWENO5CFL1Nodes50Ro
eInternalEnergy.eps>
(epstopdf)                    date: 2021-04-29 12:22:12
(epstopdf)                    size: 77631 bytes
(epstopdf)             Output file: <Test4CD6ROEvMUSCLvWENO3vWENO5CFL1Nodes50Ro
eInternalEnergy-eps-converted-to.pdf>
(epstopdf)                    date: 2021-04-29 12:42:47
(epstopdf)                    size: 38258 bytes
(epstopdf)             Command: <repstopdf --outfile=Test4CD6ROEvMUSCLvWENO3vWE
NO5CFL1Nodes50RoeInternalEnergy-eps-converted-to.pdf Test4CD6ROEvMUSCLvWENO3vWE
NO5CFL1Nodes50RoeInternalEnergy.eps>
(epstopdf)             \includegraphics on input line 115.
Package epstopdf Info: Output file is already uptodate.
<Test4CD6ROEvMUSCLvWENO3vWENO5CFL1Nodes50RoeInternalEnergy-eps-converted-to.pdf
, id=24, 2455.1725pt x 1313.90875pt>
File: Test4CD6ROEvMUSCLvWENO3vWENO5CFL1Nodes50RoeInternalEnergy-eps-converted-t
o.pdf Graphic file (type pdf)
<use Test4CD6ROEvMUSCLvWENO3vWENO5CFL1Nodes50RoeInternalEnergy-eps-converted-to
.pdf>
Package pdftex.def Info: Test4CD6ROEvMUSCLvWENO3vWENO5CFL1Nodes50RoeInternalEne
rgy-eps-converted-to.pdf  used on input line 115.
(pdftex.def)             Requested size: 345.0pt x 184.62762pt.
Package epstopdf Info: Source file: <Test4ROEvMUSCLvWENO3vWENO5CFL1Nodes100RoeD
ensity.eps>
(epstopdf)                    date: 2021-04-29 12:03:32
(epstopdf)                    size: 72897 bytes
(epstopdf)             Output file: <Test4ROEvMUSCLvWENO3vWENO5CFL1Nodes100RoeD
ensity-eps-converted-to.pdf>
(epstopdf)                    date: 2021-04-29 12:44:05
(epstopdf)                    size: 29613 bytes
(epstopdf)             Command: <repstopdf --outfile=Test4ROEvMUSCLvWENO3vWENO5
CFL1Nodes100RoeDensity-eps-converted-to.pdf Test4ROEvMUSCLvWENO3vWENO5CFL1Nodes
100RoeDensity.eps>
(epstopdf)             \includegraphics on input line 124.
Package epstopdf Info: Output file is already uptodate.
<Test4ROEvMUSCLvWENO3vWENO5CFL1Nodes100RoeDensity-eps-converted-to.pdf, id=25, 
2421.045pt x 1329.96875pt>
File: Test4ROEvMUSCLvWENO3vWENO5CFL1Nodes100RoeDensity-eps-converted-to.pdf Gra
phic file (type pdf)
<use Test4ROEvMUSCLvWENO3vWENO5CFL1Nodes100RoeDensity-eps-converted-to.pdf>
Package pdftex.def Info: Test4ROEvMUSCLvWENO3vWENO5CFL1Nodes100RoeDensity-eps-c
onverted-to.pdf  used on input line 124.
(pdftex.def)             Requested size: 345.0pt x 189.50221pt.
Package epstopdf Info: Source file: <Test4ROEvMUSCLvWENO3vWENO5CFL1Nodes100RoeV
elocity.eps>
(epstopdf)                    date: 2021-04-29 12:03:33
(epstopdf)                    size: 72910 bytes
(epstopdf)             Output file: <Test4ROEvMUSCLvWENO3vWENO5CFL1Nodes100RoeV
elocity-eps-converted-to.pdf>
(epstopdf)                    date: 2021-04-29 12:44:06
(epstopdf)                    size: 30748 bytes
(epstopdf)             Command: <repstopdf --outfile=Test4ROEvMUSCLvWENO3vWENO5
CFL1Nodes100RoeVelocity-eps-converted-to.pdf Test4ROEvMUSCLvWENO3vWENO5CFL1Node
s100RoeVelocity.eps>
(epstopdf)             \includegraphics on input line 130.
Package epstopdf Info: Output file is already uptodate.
<Test4ROEvMUSCLvWENO3vWENO5CFL1Nodes100RoeVelocity-eps-converted-to.pdf, id=26,
 2440.11626pt x 1329.96875pt>
File: Test4ROEvMUSCLvWENO3vWENO5CFL1Nodes100RoeVelocity-eps-converted-to.pdf Gr
aphic file (type pdf)
<use Test4ROEvMUSCLvWENO3vWENO5CFL1Nodes100RoeVelocity-eps-converted-to.pdf>
Package pdftex.def Info: Test4ROEvMUSCLvWENO3vWENO5CFL1Nodes100RoeVelocity-eps-
converted-to.pdf  used on input line 130.
(pdftex.def)             Requested size: 345.0pt x 188.04108pt.
Package epstopdf Info: Source file: <Test4ROEvMUSCLvWENO3vWENO5CFL1Nodes100RoeP
ressure.eps>
(epstopdf)                    date: 2021-04-29 12:03:34
(epstopdf)                    size: 73746 bytes
(epstopdf)             Output file: <Test4ROEvMUSCLvWENO3vWENO5CFL1Nodes100RoeP
ressure-eps-converted-to.pdf>
(epstopdf)                    date: 2021-04-29 12:44:06
(epstopdf)                    size: 29849 bytes
(epstopdf)             Command: <repstopdf --outfile=Test4ROEvMUSCLvWENO3vWENO5
CFL1Nodes100RoePressure-eps-converted-to.pdf Test4ROEvMUSCLvWENO3vWENO5CFL1Node
s100RoePressure.eps>
(epstopdf)             \includegraphics on input line 136.
Package epstopdf Info: Output file is already uptodate.
<Test4ROEvMUSCLvWENO3vWENO5CFL1Nodes100RoePressure-eps-converted-to.pdf, id=27,
 2491.3075pt x 1313.90875pt>
File: Test4ROEvMUSCLvWENO3vWENO5CFL1Nodes100RoePressure-eps-converted-to.pdf Gr
aphic file (type pdf)
<use Test4ROEvMUSCLvWENO3vWENO5CFL1Nodes100RoePressure-eps-converted-to.pdf>
Package pdftex.def Info: Test4ROEvMUSCLvWENO3vWENO5CFL1Nodes100RoePressure-eps-
converted-to.pdf  used on input line 136.
(pdftex.def)             Requested size: 345.0pt x 181.9411pt.
Package epstopdf Info: Source file: <Test4ROEvMUSCLvWENO3vWENO5CFL1Nodes100RoeI
nternalEnergy.eps>
(epstopdf)                    date: 2021-04-29 12:03:35
(epstopdf)                    size: 72237 bytes
(epstopdf)             Output file: <Test4ROEvMUSCLvWENO3vWENO5CFL1Nodes100RoeI
nternalEnergy-eps-converted-to.pdf>
(epstopdf)                    date: 2021-04-29 12:44:06
(epstopdf)                    size: 30464 bytes
(epstopdf)             Command: <repstopdf --outfile=Test4ROEvMUSCLvWENO3vWENO5
CFL1Nodes100RoeInternalEnergy-eps-converted-to.pdf Test4ROEvMUSCLvWENO3vWENO5CF
L1Nodes100RoeInternalEnergy.eps>
(epstopdf)             \includegraphics on input line 142.
Package epstopdf Info: Output file is already uptodate.
<Test4ROEvMUSCLvWENO3vWENO5CFL1Nodes100RoeInternalEnergy-eps-converted-to.pdf, 
id=28, 2455.1725pt x 1313.90875pt>
File: Test4ROEvMUSCLvWENO3vWENO5CFL1Nodes100RoeInternalEnergy-eps-converted-to.
pdf Graphic file (type pdf)
<use Test4ROEvMUSCLvWENO3vWENO5CFL1Nodes100RoeInternalEnergy-eps-converted-to.p
df>
Package pdftex.def Info: Test4ROEvMUSCLvWENO3vWENO5CFL1Nodes100RoeInternalEnerg
y-eps-converted-to.pdf  used on input line 142.
(pdftex.def)             Requested size: 345.0pt x 184.62762pt.
Package epstopdf Info: Source file: <Test4CD2ROEvMUSCLvWENO3vWENO5CFL1Nodes100R
oeDensity.eps>
(epstopdf)                    date: 2021-04-29 12:09:23
(epstopdf)                    size: 81045 bytes
(epstopdf)             Output file: <Test4CD2ROEvMUSCLvWENO3vWENO5CFL1Nodes100R
oeDensity-eps-converted-to.pdf>
(epstopdf)                    date: 2021-04-29 12:44:06
(epstopdf)                    size: 36437 bytes
(epstopdf)             Command: <repstopdf --outfile=Test4CD2ROEvMUSCLvWENO3vWE
NO5CFL1Nodes100RoeDensity-eps-converted-to.pdf Test4CD2ROEvMUSCLvWENO3vWENO5CFL
1Nodes100RoeDensity.eps>
(epstopdf)             \includegraphics on input line 147.
Package epstopdf Info: Output file is already uptodate.
<Test4CD2ROEvMUSCLvWENO3vWENO5CFL1Nodes100RoeDensity-eps-converted-to.pdf, id=2
9, 2421.045pt x 1329.96875pt>
File: Test4CD2ROEvMUSCLvWENO3vWENO5CFL1Nodes100RoeDensity-eps-converted-to.pdf 
Graphic file (type pdf)
<use Test4CD2ROEvMUSCLvWENO3vWENO5CFL1Nodes100RoeDensity-eps-converted-to.pdf>
Package pdftex.def Info: Test4CD2ROEvMUSCLvWENO3vWENO5CFL1Nodes100RoeDensity-ep
s-converted-to.pdf  used on input line 147.
(pdftex.def)             Requested size: 345.0pt x 189.50221pt.
Package epstopdf Info: Source file: <Test4CD2ROEvMUSCLvWENO3vWENO5CFL1Nodes100R
oeVelocity.eps>
(epstopdf)                    date: 2021-04-29 12:09:24
(epstopdf)                    size: 81064 bytes
(epstopdf)             Output file: <Test4CD2ROEvMUSCLvWENO3vWENO5CFL1Nodes100R
oeVelocity-eps-converted-to.pdf>
(epstopdf)                    date: 2021-04-29 12:44:07
(epstopdf)                    size: 37859 bytes
(epstopdf)             Command: <repstopdf --outfile=Test4CD2ROEvMUSCLvWENO3vWE
NO5CFL1Nodes100RoeVelocity-eps-converted-to.pdf Test4CD2ROEvMUSCLvWENO3vWENO5CF
L1Nodes100RoeVelocity.eps>
(epstopdf)             \includegraphics on input line 153.
Package epstopdf Info: Output file is already uptodate.
<Test4CD2ROEvMUSCLvWENO3vWENO5CFL1Nodes100RoeVelocity-eps-converted-to.pdf, id=
30, 2440.11626pt x 1329.96875pt>
File: Test4CD2ROEvMUSCLvWENO3vWENO5CFL1Nodes100RoeVelocity-eps-converted-to.pdf
 Graphic file (type pdf)
<use Test4CD2ROEvMUSCLvWENO3vWENO5CFL1Nodes100RoeVelocity-eps-converted-to.pdf>

Package pdftex.def Info: Test4CD2ROEvMUSCLvWENO3vWENO5CFL1Nodes100RoeVelocity-e
ps-converted-to.pdf  used on input line 153.
(pdftex.def)             Requested size: 345.0pt x 188.04108pt.
Package epstopdf Info: Source file: <Test4CD2ROEvMUSCLvWENO3vWENO5CFL1Nodes100R
oePressure.eps>
(epstopdf)                    date: 2021-04-29 12:09:25
(epstopdf)                    size: 82366 bytes
(epstopdf)             Output file: <Test4CD2ROEvMUSCLvWENO3vWENO5CFL1Nodes100R
oePressure-eps-converted-to.pdf>
(epstopdf)                    date: 2021-04-29 12:44:07
(epstopdf)                    size: 36665 bytes
(epstopdf)             Command: <repstopdf --outfile=Test4CD2ROEvMUSCLvWENO3vWE
NO5CFL1Nodes100RoePressure-eps-converted-to.pdf Test4CD2ROEvMUSCLvWENO3vWENO5CF
L1Nodes100RoePressure.eps>
(epstopdf)             \includegraphics on input line 159.
Package epstopdf Info: Output file is already uptodate.
<Test4CD2ROEvMUSCLvWENO3vWENO5CFL1Nodes100RoePressure-eps-converted-to.pdf, id=
31, 2491.3075pt x 1313.90875pt>
File: Test4CD2ROEvMUSCLvWENO3vWENO5CFL1Nodes100RoePressure-eps-converted-to.pdf
 Graphic file (type pdf)
<use Test4CD2ROEvMUSCLvWENO3vWENO5CFL1Nodes100RoePressure-eps-converted-to.pdf>

Package pdftex.def Info: Test4CD2ROEvMUSCLvWENO3vWENO5CFL1Nodes100RoePressure-e
ps-converted-to.pdf  used on input line 159.
(pdftex.def)             Requested size: 345.0pt x 181.9411pt.
Package epstopdf Info: Source file: <Test4CD2ROEvMUSCLvWENO3vWENO5CFL1Nodes100R
oeInternalEnergy.eps>
(epstopdf)                    date: 2021-04-29 12:09:26
(epstopdf)                    size: 80903 bytes
(epstopdf)             Output file: <Test4CD2ROEvMUSCLvWENO3vWENO5CFL1Nodes100R
oeInternalEnergy-eps-converted-to.pdf>
(epstopdf)                    date: 2021-04-29 12:44:07
(epstopdf)                    size: 37595 bytes
(epstopdf)             Command: <repstopdf --outfile=Test4CD2ROEvMUSCLvWENO3vWE
NO5CFL1Nodes100RoeInternalEnergy-eps-converted-to.pdf Test4CD2ROEvMUSCLvWENO3vW
ENO5CFL1Nodes100RoeInternalEnergy.eps>
(epstopdf)             \includegraphics on input line 165.
Package epstopdf Info: Output file is already uptodate.
<Test4CD2ROEvMUSCLvWENO3vWENO5CFL1Nodes100RoeInternalEnergy-eps-converted-to.pd
f, id=32, 2455.1725pt x 1329.96875pt>
File: Test4CD2ROEvMUSCLvWENO3vWENO5CFL1Nodes100RoeInternalEnergy-eps-converted-
to.pdf Graphic file (type pdf)
<use Test4CD2ROEvMUSCLvWENO3vWENO5CFL1Nodes100RoeInternalEnergy-eps-converted-t
o.pdf>
Package pdftex.def Info: Test4CD2ROEvMUSCLvWENO3vWENO5CFL1Nodes100RoeInternalEn
ergy-eps-converted-to.pdf  used on input line 165.
(pdftex.def)             Requested size: 345.0pt x 186.88434pt.
Package epstopdf Info: Source file: <Test4CD4ROEvMUSCLvWENO3vWENO5CFL1Nodes100R
oeDensity.eps>
(epstopdf)                    date: 2021-04-29 12:21:34
(epstopdf)                    size: 79656 bytes
(epstopdf)             Output file: <Test4CD4ROEvMUSCLvWENO3vWENO5CFL1Nodes100R
oeDensity-eps-converted-to.pdf>
(epstopdf)                    date: 2021-04-29 12:44:07
(epstopdf)                    size: 34808 bytes
(epstopdf)             Command: <repstopdf --outfile=Test4CD4ROEvMUSCLvWENO3vWE
NO5CFL1Nodes100RoeDensity-eps-converted-to.pdf Test4CD4ROEvMUSCLvWENO3vWENO5CFL
1Nodes100RoeDensity.eps>
(epstopdf)             \includegraphics on input line 170.
Package epstopdf Info: Output file is already uptodate.
<Test4CD4ROEvMUSCLvWENO3vWENO5CFL1Nodes100RoeDensity-eps-converted-to.pdf, id=3
3, 2421.045pt x 1329.96875pt>
File: Test4CD4ROEvMUSCLvWENO3vWENO5CFL1Nodes100RoeDensity-eps-converted-to.pdf 
Graphic file (type pdf)
<use Test4CD4ROEvMUSCLvWENO3vWENO5CFL1Nodes100RoeDensity-eps-converted-to.pdf>
Package pdftex.def Info: Test4CD4ROEvMUSCLvWENO3vWENO5CFL1Nodes100RoeDensity-ep
s-converted-to.pdf  used on input line 170.
(pdftex.def)             Requested size: 345.0pt x 189.50221pt.
Package epstopdf Info: Source file: <Test4CD4ROEvMUSCLvWENO3vWENO5CFL1Nodes100R
oeVelocity.eps>
(epstopdf)                    date: 2021-04-29 12:21:34
(epstopdf)                    size: 79696 bytes
(epstopdf)             Output file: <Test4CD4ROEvMUSCLvWENO3vWENO5CFL1Nodes100R
oeVelocity-eps-converted-to.pdf>
(epstopdf)                    date: 2021-04-29 12:44:07
(epstopdf)                    size: 36113 bytes
(epstopdf)             Command: <repstopdf --outfile=Test4CD4ROEvMUSCLvWENO3vWE
NO5CFL1Nodes100RoeVelocity-eps-converted-to.pdf Test4CD4ROEvMUSCLvWENO3vWENO5CF
L1Nodes100RoeVelocity.eps>
(epstopdf)             \includegraphics on input line 176.
Package epstopdf Info: Output file is already uptodate.
<Test4CD4ROEvMUSCLvWENO3vWENO5CFL1Nodes100RoeVelocity-eps-converted-to.pdf, id=
34, 2440.11626pt x 1329.96875pt>
File: Test4CD4ROEvMUSCLvWENO3vWENO5CFL1Nodes100RoeVelocity-eps-converted-to.pdf
 Graphic file (type pdf)
<use Test4CD4ROEvMUSCLvWENO3vWENO5CFL1Nodes100RoeVelocity-eps-converted-to.pdf>

Package pdftex.def Info: Test4CD4ROEvMUSCLvWENO3vWENO5CFL1Nodes100RoeVelocity-e
ps-converted-to.pdf  used on input line 176.
(pdftex.def)             Requested size: 345.0pt x 188.04108pt.
Package epstopdf Info: Source file: <Test4CD4ROEvMUSCLvWENO3vWENO5CFL1Nodes100R
oePressure.eps>
(epstopdf)                    date: 2021-04-29 12:21:35
(epstopdf)                    size: 80512 bytes
(epstopdf)             Output file: <Test4CD4ROEvMUSCLvWENO3vWENO5CFL1Nodes100R
oePressure-eps-converted-to.pdf>
(epstopdf)                    date: 2021-04-29 12:44:08
(epstopdf)                    size: 35062 bytes
(epstopdf)             Command: <repstopdf --outfile=Test4CD4ROEvMUSCLvWENO3vWE
NO5CFL1Nodes100RoePressure-eps-converted-to.pdf Test4CD4ROEvMUSCLvWENO3vWENO5CF
L1Nodes100RoePressure.eps>
(epstopdf)             \includegraphics on input line 182.
Package epstopdf Info: Output file is already uptodate.
<Test4CD4ROEvMUSCLvWENO3vWENO5CFL1Nodes100RoePressure-eps-converted-to.pdf, id=
35, 2491.3075pt x 1313.90875pt>
File: Test4CD4ROEvMUSCLvWENO3vWENO5CFL1Nodes100RoePressure-eps-converted-to.pdf
 Graphic file (type pdf)
<use Test4CD4ROEvMUSCLvWENO3vWENO5CFL1Nodes100RoePressure-eps-converted-to.pdf>

Package pdftex.def Info: Test4CD4ROEvMUSCLvWENO3vWENO5CFL1Nodes100RoePressure-e
ps-converted-to.pdf  used on input line 182.
(pdftex.def)             Requested size: 345.0pt x 181.9411pt.
Package epstopdf Info: Source file: <Test4CD4ROEvMUSCLvWENO3vWENO5CFL1Nodes100R
oeInternalEnergy.eps>
(epstopdf)                    date: 2021-04-29 12:21:36
(epstopdf)                    size: 79022 bytes
(epstopdf)             Output file: <Test4CD4ROEvMUSCLvWENO3vWENO5CFL1Nodes100R
oeInternalEnergy-eps-converted-to.pdf>
(epstopdf)                    date: 2021-04-29 12:44:08
(epstopdf)                    size: 35855 bytes
(epstopdf)             Command: <repstopdf --outfile=Test4CD4ROEvMUSCLvWENO3vWE
NO5CFL1Nodes100RoeInternalEnergy-eps-converted-to.pdf Test4CD4ROEvMUSCLvWENO3vW
ENO5CFL1Nodes100RoeInternalEnergy.eps>
(epstopdf)             \includegraphics on input line 188.
Package epstopdf Info: Output file is already uptodate.
<Test4CD4ROEvMUSCLvWENO3vWENO5CFL1Nodes100RoeInternalEnergy-eps-converted-to.pd
f, id=36, 2455.1725pt x 1313.90875pt>
File: Test4CD4ROEvMUSCLvWENO3vWENO5CFL1Nodes100RoeInternalEnergy-eps-converted-
to.pdf Graphic file (type pdf)
<use Test4CD4ROEvMUSCLvWENO3vWENO5CFL1Nodes100RoeInternalEnergy-eps-converted-t
o.pdf>
Package pdftex.def Info: Test4CD4ROEvMUSCLvWENO3vWENO5CFL1Nodes100RoeInternalEn
ergy-eps-converted-to.pdf  used on input line 188.
(pdftex.def)             Requested size: 345.0pt x 184.62762pt.
Package epstopdf Info: Source file: <Test4CD6ROEvMUSCLvWENO3vWENO5CFL1Nodes100R
oeDensity.eps>
(epstopdf)                    date: 2021-04-29 12:22:27
(epstopdf)                    size: 82044 bytes
(epstopdf)             Output file: <Test4CD6ROEvMUSCLvWENO3vWENO5CFL1Nodes100R
oeDensity-eps-converted-to.pdf>
(epstopdf)                    date: 2021-04-29 12:44:08
(epstopdf)                    size: 37703 bytes
(epstopdf)             Command: <repstopdf --outfile=Test4CD6ROEvMUSCLvWENO3vWE
NO5CFL1Nodes100RoeDensity-eps-converted-to.pdf Test4CD6ROEvMUSCLvWENO3vWENO5CFL
1Nodes100RoeDensity.eps>
(epstopdf)             \includegraphics on input line 193.
Package epstopdf Info: Output file is already uptodate.
<Test4CD6ROEvMUSCLvWENO3vWENO5CFL1Nodes100RoeDensity-eps-converted-to.pdf, id=3
7, 2421.045pt x 1329.96875pt>
File: Test4CD6ROEvMUSCLvWENO3vWENO5CFL1Nodes100RoeDensity-eps-converted-to.pdf 
Graphic file (type pdf)
<use Test4CD6ROEvMUSCLvWENO3vWENO5CFL1Nodes100RoeDensity-eps-converted-to.pdf>
Package pdftex.def Info: Test4CD6ROEvMUSCLvWENO3vWENO5CFL1Nodes100RoeDensity-ep
s-converted-to.pdf  used on input line 193.
(pdftex.def)             Requested size: 345.0pt x 189.50221pt.
Package epstopdf Info: Source file: <Test4CD6ROEvMUSCLvWENO3vWENO5CFL1Nodes100R
oeVelocity.eps>
(epstopdf)                    date: 2021-04-29 12:22:28
(epstopdf)                    size: 82076 bytes
(epstopdf)             Output file: <Test4CD6ROEvMUSCLvWENO3vWENO5CFL1Nodes100R
oeVelocity-eps-converted-to.pdf>
(epstopdf)                    date: 2021-04-29 12:44:08
(epstopdf)                    size: 39188 bytes
(epstopdf)             Command: <repstopdf --outfile=Test4CD6ROEvMUSCLvWENO3vWE
NO5CFL1Nodes100RoeVelocity-eps-converted-to.pdf Test4CD6ROEvMUSCLvWENO3vWENO5CF
L1Nodes100RoeVelocity.eps>
(epstopdf)             \includegraphics on input line 199.
Package epstopdf Info: Output file is already uptodate.
<Test4CD6ROEvMUSCLvWENO3vWENO5CFL1Nodes100RoeVelocity-eps-converted-to.pdf, id=
38, 2440.11626pt x 1329.96875pt>
File: Test4CD6ROEvMUSCLvWENO3vWENO5CFL1Nodes100RoeVelocity-eps-converted-to.pdf
 Graphic file (type pdf)
<use Test4CD6ROEvMUSCLvWENO3vWENO5CFL1Nodes100RoeVelocity-eps-converted-to.pdf>

Package pdftex.def Info: Test4CD6ROEvMUSCLvWENO3vWENO5CFL1Nodes100RoeVelocity-e
ps-converted-to.pdf  used on input line 199.
(pdftex.def)             Requested size: 345.0pt x 188.04108pt.
Package epstopdf Info: Source file: <Test4CD6ROEvMUSCLvWENO3vWENO5CFL1Nodes100R
oePressure.eps>
(epstopdf)                    date: 2021-04-29 12:22:28
(epstopdf)                    size: 82883 bytes
(epstopdf)             Output file: <Test4CD6ROEvMUSCLvWENO3vWENO5CFL1Nodes100R
oePressure-eps-converted-to.pdf>
(epstopdf)                    date: 2021-04-29 12:44:08
(epstopdf)                    size: 37990 bytes
(epstopdf)             Command: <repstopdf --outfile=Test4CD6ROEvMUSCLvWENO3vWE
NO5CFL1Nodes100RoePressure-eps-converted-to.pdf Test4CD6ROEvMUSCLvWENO3vWENO5CF
L1Nodes100RoePressure.eps>
(epstopdf)             \includegraphics on input line 205.
Package epstopdf Info: Output file is already uptodate.
<Test4CD6ROEvMUSCLvWENO3vWENO5CFL1Nodes100RoePressure-eps-converted-to.pdf, id=
39, 2491.3075pt x 1313.90875pt>
File: Test4CD6ROEvMUSCLvWENO3vWENO5CFL1Nodes100RoePressure-eps-converted-to.pdf
 Graphic file (type pdf)
<use Test4CD6ROEvMUSCLvWENO3vWENO5CFL1Nodes100RoePressure-eps-converted-to.pdf>

Package pdftex.def Info: Test4CD6ROEvMUSCLvWENO3vWENO5CFL1Nodes100RoePressure-e
ps-converted-to.pdf  used on input line 205.
(pdftex.def)             Requested size: 345.0pt x 181.9411pt.
Package epstopdf Info: Source file: <Test4CD6ROEvMUSCLvWENO3vWENO5CFL1Nodes100R
oeInternalEnergy.eps>
(epstopdf)                    date: 2021-04-29 12:22:29
(epstopdf)                    size: 81389 bytes
(epstopdf)             Output file: <Test4CD6ROEvMUSCLvWENO3vWENO5CFL1Nodes100R
oeInternalEnergy-eps-converted-to.pdf>
(epstopdf)                    date: 2021-04-29 12:44:09
(epstopdf)                    size: 38881 bytes
(epstopdf)             Command: <repstopdf --outfile=Test4CD6ROEvMUSCLvWENO3vWE
NO5CFL1Nodes100RoeInternalEnergy-eps-converted-to.pdf Test4CD6ROEvMUSCLvWENO3vW
ENO5CFL1Nodes100RoeInternalEnergy.eps>
(epstopdf)             \includegraphics on input line 211.
Package epstopdf Info: Output file is already uptodate.
<Test4CD6ROEvMUSCLvWENO3vWENO5CFL1Nodes100RoeInternalEnergy-eps-converted-to.pd
f, id=40, 2455.1725pt x 1313.90875pt>
File: Test4CD6ROEvMUSCLvWENO3vWENO5CFL1Nodes100RoeInternalEnergy-eps-converted-
to.pdf Graphic file (type pdf)
<use Test4CD6ROEvMUSCLvWENO3vWENO5CFL1Nodes100RoeInternalEnergy-eps-converted-t
o.pdf>
Package pdftex.def Info: Test4CD6ROEvMUSCLvWENO3vWENO5CFL1Nodes100RoeInternalEn
ergy-eps-converted-to.pdf  used on input line 211.
(pdftex.def)             Requested size: 345.0pt x 184.62762pt.
Package epstopdf Info: Source file: <Test4ROEvMUSCLvWENO3vWENO5CFL1Nodes200RoeD
ensity.eps>
(epstopdf)                    date: 2021-04-29 12:03:54
(epstopdf)                    size: 80735 bytes
(epstopdf)             Output file: <Test4ROEvMUSCLvWENO3vWENO5CFL1Nodes200RoeD
ensity-eps-converted-to.pdf>
(epstopdf)                    date: 2021-04-29 12:46:04
(epstopdf)                    size: 31003 bytes
(epstopdf)             Command: <repstopdf --outfile=Test4ROEvMUSCLvWENO3vWENO5
CFL1Nodes200RoeDensity-eps-converted-to.pdf Test4ROEvMUSCLvWENO3vWENO5CFL1Nodes
200RoeDensity.eps>
(epstopdf)             \includegraphics on input line 221.
Package epstopdf Info: Output file is already uptodate.
<Test4ROEvMUSCLvWENO3vWENO5CFL1Nodes200RoeDensity-eps-converted-to.pdf, id=41, 
2421.045pt x 1329.96875pt>
File: Test4ROEvMUSCLvWENO3vWENO5CFL1Nodes200RoeDensity-eps-converted-to.pdf Gra
phic file (type pdf)
<use Test4ROEvMUSCLvWENO3vWENO5CFL1Nodes200RoeDensity-eps-converted-to.pdf>
Package pdftex.def Info: Test4ROEvMUSCLvWENO3vWENO5CFL1Nodes200RoeDensity-eps-c
onverted-to.pdf  used on input line 221.
(pdftex.def)             Requested size: 345.0pt x 189.50221pt.
Package epstopdf Info: Source file: <Test4ROEvMUSCLvWENO3vWENO5CFL1Nodes200RoeV
elocity.eps>
(epstopdf)                    date: 2021-04-29 12:03:54
(epstopdf)                    size: 80477 bytes
(epstopdf)             Output file: <Test4ROEvMUSCLvWENO3vWENO5CFL1Nodes200RoeV
elocity-eps-converted-to.pdf>
(epstopdf)                    date: 2021-04-29 12:46:04
(epstopdf)                    size: 32084 bytes
(epstopdf)             Command: <repstopdf --outfile=Test4ROEvMUSCLvWENO3vWENO5
CFL1Nodes200RoeVelocity-eps-converted-to.pdf Test4ROEvMUSCLvWENO3vWENO5CFL1Node
s200RoeVelocity.eps>
(epstopdf)             \includegraphics on input line 227.
Package epstopdf Info: Output file is already uptodate.
<Test4ROEvMUSCLvWENO3vWENO5CFL1Nodes200RoeVelocity-eps-converted-to.pdf, id=42,
 2440.11626pt x 1329.96875pt>
File: Test4ROEvMUSCLvWENO3vWENO5CFL1Nodes200RoeVelocity-eps-converted-to.pdf Gr
aphic file (type pdf)
<use Test4ROEvMUSCLvWENO3vWENO5CFL1Nodes200RoeVelocity-eps-converted-to.pdf>
Package pdftex.def Info: Test4ROEvMUSCLvWENO3vWENO5CFL1Nodes200RoeVelocity-eps-
converted-to.pdf  used on input line 227.
(pdftex.def)             Requested size: 345.0pt x 188.04108pt.
Package epstopdf Info: Source file: <Test4ROEvMUSCLvWENO3vWENO5CFL1Nodes200RoeP
ressure.eps>
(epstopdf)                    date: 2021-04-29 12:03:55
(epstopdf)                    size: 81477 bytes
(epstopdf)             Output file: <Test4ROEvMUSCLvWENO3vWENO5CFL1Nodes200RoeP
ressure-eps-converted-to.pdf>
(epstopdf)                    date: 2021-04-29 12:46:04
(epstopdf)                    size: 31074 bytes
(epstopdf)             Command: <repstopdf --outfile=Test4ROEvMUSCLvWENO3vWENO5
CFL1Nodes200RoePressure-eps-converted-to.pdf Test4ROEvMUSCLvWENO3vWENO5CFL1Node
s200RoePressure.eps>
(epstopdf)             \includegraphics on input line 233.
Package epstopdf Info: Output file is already uptodate.
<Test4ROEvMUSCLvWENO3vWENO5CFL1Nodes200RoePressure-eps-converted-to.pdf, id=43,
 2491.3075pt x 1313.90875pt>
File: Test4ROEvMUSCLvWENO3vWENO5CFL1Nodes200RoePressure-eps-converted-to.pdf Gr
aphic file (type pdf)
<use Test4ROEvMUSCLvWENO3vWENO5CFL1Nodes200RoePressure-eps-converted-to.pdf>
Package pdftex.def Info: Test4ROEvMUSCLvWENO3vWENO5CFL1Nodes200RoePressure-eps-
converted-to.pdf  used on input line 233.
(pdftex.def)             Requested size: 345.0pt x 181.9411pt.
Package epstopdf Info: Source file: <Test4ROEvMUSCLvWENO3vWENO5CFL1Nodes200RoeI
nternalEnergy.eps>
(epstopdf)                    date: 2021-04-29 12:03:56
(epstopdf)                    size: 79832 bytes
(epstopdf)             Output file: <Test4ROEvMUSCLvWENO3vWENO5CFL1Nodes200RoeI
nternalEnergy-eps-converted-to.pdf>
(epstopdf)                    date: 2021-04-29 12:46:05
(epstopdf)                    size: 31853 bytes
(epstopdf)             Command: <repstopdf --outfile=Test4ROEvMUSCLvWENO3vWENO5
CFL1Nodes200RoeInternalEnergy-eps-converted-to.pdf Test4ROEvMUSCLvWENO3vWENO5CF
L1Nodes200RoeInternalEnergy.eps>
(epstopdf)             \includegraphics on input line 239.
Package epstopdf Info: Output file is already uptodate.
<Test4ROEvMUSCLvWENO3vWENO5CFL1Nodes200RoeInternalEnergy-eps-converted-to.pdf, 
id=44, 2455.1725pt x 1313.90875pt>
File: Test4ROEvMUSCLvWENO3vWENO5CFL1Nodes200RoeInternalEnergy-eps-converted-to.
pdf Graphic file (type pdf)
<use Test4ROEvMUSCLvWENO3vWENO5CFL1Nodes200RoeInternalEnergy-eps-converted-to.p
df>
Package pdftex.def Info: Test4ROEvMUSCLvWENO3vWENO5CFL1Nodes200RoeInternalEnerg
y-eps-converted-to.pdf  used on input line 239.
(pdftex.def)             Requested size: 345.0pt x 184.62762pt.
Package epstopdf Info: Source file: <Test4CD2ROEvMUSCLvWENO3vWENO5CFL1Nodes200R
oeDensity.eps>
(epstopdf)                    date: 2021-04-29 12:09:41
(epstopdf)                    size: 88874 bytes
(epstopdf)             Output file: <Test4CD2ROEvMUSCLvWENO3vWENO5CFL1Nodes200R
oeDensity-eps-converted-to.pdf>
(epstopdf)                    date: 2021-04-29 12:46:05
(epstopdf)                    size: 37820 bytes
(epstopdf)             Command: <repstopdf --outfile=Test4CD2ROEvMUSCLvWENO3vWE
NO5CFL1Nodes200RoeDensity-eps-converted-to.pdf Test4CD2ROEvMUSCLvWENO3vWENO5CFL
1Nodes200RoeDensity.eps>
(epstopdf)             \includegraphics on input line 244.
Package epstopdf Info: Output file is already uptodate.
<Test4CD2ROEvMUSCLvWENO3vWENO5CFL1Nodes200RoeDensity-eps-converted-to.pdf, id=4
5, 2421.045pt x 1329.96875pt>
File: Test4CD2ROEvMUSCLvWENO3vWENO5CFL1Nodes200RoeDensity-eps-converted-to.pdf 
Graphic file (type pdf)
<use Test4CD2ROEvMUSCLvWENO3vWENO5CFL1Nodes200RoeDensity-eps-converted-to.pdf>
Package pdftex.def Info: Test4CD2ROEvMUSCLvWENO3vWENO5CFL1Nodes200RoeDensity-ep
s-converted-to.pdf  used on input line 244.
(pdftex.def)             Requested size: 345.0pt x 189.50221pt.
Package epstopdf Info: Source file: <Test4CD2ROEvMUSCLvWENO3vWENO5CFL1Nodes200R
oeVelocity.eps>
(epstopdf)                    date: 2021-04-29 12:09:42
(epstopdf)                    size: 88643 bytes
(epstopdf)             Output file: <Test4CD2ROEvMUSCLvWENO3vWENO5CFL1Nodes200R
oeVelocity-eps-converted-to.pdf>
(epstopdf)                    date: 2021-04-29 12:46:05
(epstopdf)                    size: 39128 bytes
(epstopdf)             Command: <repstopdf --outfile=Test4CD2ROEvMUSCLvWENO3vWE
NO5CFL1Nodes200RoeVelocity-eps-converted-to.pdf Test4CD2ROEvMUSCLvWENO3vWENO5CF
L1Nodes200RoeVelocity.eps>
(epstopdf)             \includegraphics on input line 250.
Package epstopdf Info: Output file is already uptodate.
<Test4CD2ROEvMUSCLvWENO3vWENO5CFL1Nodes200RoeVelocity-eps-converted-to.pdf, id=
46, 2440.11626pt x 1329.96875pt>
File: Test4CD2ROEvMUSCLvWENO3vWENO5CFL1Nodes200RoeVelocity-eps-converted-to.pdf
 Graphic file (type pdf)
<use Test4CD2ROEvMUSCLvWENO3vWENO5CFL1Nodes200RoeVelocity-eps-converted-to.pdf>

Package pdftex.def Info: Test4CD2ROEvMUSCLvWENO3vWENO5CFL1Nodes200RoeVelocity-e
ps-converted-to.pdf  used on input line 250.
(pdftex.def)             Requested size: 345.0pt x 188.04108pt.
Package epstopdf Info: Source file: <Test4CD2ROEvMUSCLvWENO3vWENO5CFL1Nodes200R
oePressure.eps>
(epstopdf)                    date: 2021-04-29 12:09:43
(epstopdf)                    size: 90106 bytes
(epstopdf)             Output file: <Test4CD2ROEvMUSCLvWENO3vWENO5CFL1Nodes200R
oePressure-eps-converted-to.pdf>
(epstopdf)                    date: 2021-04-29 12:46:05
(epstopdf)                    size: 37909 bytes
(epstopdf)             Command: <repstopdf --outfile=Test4CD2ROEvMUSCLvWENO3vWE
NO5CFL1Nodes200RoePressure-eps-converted-to.pdf Test4CD2ROEvMUSCLvWENO3vWENO5CF
L1Nodes200RoePressure.eps>
(epstopdf)             \includegraphics on input line 256.
Package epstopdf Info: Output file is already uptodate.
<Test4CD2ROEvMUSCLvWENO3vWENO5CFL1Nodes200RoePressure-eps-converted-to.pdf, id=
47, 2491.3075pt x 1313.90875pt>
File: Test4CD2ROEvMUSCLvWENO3vWENO5CFL1Nodes200RoePressure-eps-converted-to.pdf
 Graphic file (type pdf)
<use Test4CD2ROEvMUSCLvWENO3vWENO5CFL1Nodes200RoePressure-eps-converted-to.pdf>

Package pdftex.def Info: Test4CD2ROEvMUSCLvWENO3vWENO5CFL1Nodes200RoePressure-e
ps-converted-to.pdf  used on input line 256.
(pdftex.def)             Requested size: 345.0pt x 181.9411pt.
Package epstopdf Info: Source file: <Test4CD2ROEvMUSCLvWENO3vWENO5CFL1Nodes200R
oeInternalEnergy.eps>
(epstopdf)                    date: 2021-04-29 12:09:43
(epstopdf)                    size: 88446 bytes
(epstopdf)             Output file: <Test4CD2ROEvMUSCLvWENO3vWENO5CFL1Nodes200R
oeInternalEnergy-eps-converted-to.pdf>
(epstopdf)                    date: 2021-04-29 12:46:05
(epstopdf)                    size: 38934 bytes
(epstopdf)             Command: <repstopdf --outfile=Test4CD2ROEvMUSCLvWENO3vWE
NO5CFL1Nodes200RoeInternalEnergy-eps-converted-to.pdf Test4CD2ROEvMUSCLvWENO3vW
ENO5CFL1Nodes200RoeInternalEnergy.eps>
(epstopdf)             \includegraphics on input line 262.
Package epstopdf Info: Output file is already uptodate.
<Test4CD2ROEvMUSCLvWENO3vWENO5CFL1Nodes200RoeInternalEnergy-eps-converted-to.pd
f, id=48, 2455.1725pt x 1329.96875pt>
File: Test4CD2ROEvMUSCLvWENO3vWENO5CFL1Nodes200RoeInternalEnergy-eps-converted-
to.pdf Graphic file (type pdf)
<use Test4CD2ROEvMUSCLvWENO3vWENO5CFL1Nodes200RoeInternalEnergy-eps-converted-t
o.pdf>
Package pdftex.def Info: Test4CD2ROEvMUSCLvWENO3vWENO5CFL1Nodes200RoeInternalEn
ergy-eps-converted-to.pdf  used on input line 262.
(pdftex.def)             Requested size: 345.0pt x 186.88434pt.
Package epstopdf Info: Source file: <Test4CD4ROEvMUSCLvWENO3vWENO5CFL1Nodes200R
oeDensity.eps>
(epstopdf)                    date: 2021-04-29 12:21:17
(epstopdf)                    size: 87500 bytes
(epstopdf)             Output file: <Test4CD4ROEvMUSCLvWENO3vWENO5CFL1Nodes200R
oeDensity-eps-converted-to.pdf>
(epstopdf)                    date: 2021-04-29 12:46:06
(epstopdf)                    size: 36206 bytes
(epstopdf)             Command: <repstopdf --outfile=Test4CD4ROEvMUSCLvWENO3vWE
NO5CFL1Nodes200RoeDensity-eps-converted-to.pdf Test4CD4ROEvMUSCLvWENO3vWENO5CFL
1Nodes200RoeDensity.eps>
(epstopdf)             \includegraphics on input line 267.
Package epstopdf Info: Output file is already uptodate.
<Test4CD4ROEvMUSCLvWENO3vWENO5CFL1Nodes200RoeDensity-eps-converted-to.pdf, id=4
9, 2421.045pt x 1329.96875pt>
File: Test4CD4ROEvMUSCLvWENO3vWENO5CFL1Nodes200RoeDensity-eps-converted-to.pdf 
Graphic file (type pdf)
<use Test4CD4ROEvMUSCLvWENO3vWENO5CFL1Nodes200RoeDensity-eps-converted-to.pdf>
Package pdftex.def Info: Test4CD4ROEvMUSCLvWENO3vWENO5CFL1Nodes200RoeDensity-ep
s-converted-to.pdf  used on input line 267.
(pdftex.def)             Requested size: 345.0pt x 189.50221pt.
Package epstopdf Info: Source file: <Test4CD4ROEvMUSCLvWENO3vWENO5CFL1Nodes200R
oeVelocity.eps>
(epstopdf)                    date: 2021-04-29 12:21:18
(epstopdf)                    size: 87279 bytes
(epstopdf)             Output file: <Test4CD4ROEvMUSCLvWENO3vWENO5CFL1Nodes200R
oeVelocity-eps-converted-to.pdf>
(epstopdf)                    date: 2021-04-29 12:46:06
(epstopdf)                    size: 37388 bytes
(epstopdf)             Command: <repstopdf --outfile=Test4CD4ROEvMUSCLvWENO3vWE
NO5CFL1Nodes200RoeVelocity-eps-converted-to.pdf Test4CD4ROEvMUSCLvWENO3vWENO5CF
L1Nodes200RoeVelocity.eps>
(epstopdf)             \includegraphics on input line 273.
Package epstopdf Info: Output file is already uptodate.
<Test4CD4ROEvMUSCLvWENO3vWENO5CFL1Nodes200RoeVelocity-eps-converted-to.pdf, id=
50, 2440.11626pt x 1329.96875pt>
File: Test4CD4ROEvMUSCLvWENO3vWENO5CFL1Nodes200RoeVelocity-eps-converted-to.pdf
 Graphic file (type pdf)
<use Test4CD4ROEvMUSCLvWENO3vWENO5CFL1Nodes200RoeVelocity-eps-converted-to.pdf>

Package pdftex.def Info: Test4CD4ROEvMUSCLvWENO3vWENO5CFL1Nodes200RoeVelocity-e
ps-converted-to.pdf  used on input line 273.
(pdftex.def)             Requested size: 345.0pt x 188.04108pt.
Package epstopdf Info: Source file: <Test4CD4ROEvMUSCLvWENO3vWENO5CFL1Nodes200R
oePressure.eps>
(epstopdf)                    date: 2021-04-29 12:21:19
(epstopdf)                    size: 88255 bytes
(epstopdf)             Output file: <Test4CD4ROEvMUSCLvWENO3vWENO5CFL1Nodes200R
oePressure-eps-converted-to.pdf>
(epstopdf)                    date: 2021-04-29 12:46:06
(epstopdf)                    size: 36309 bytes
(epstopdf)             Command: <repstopdf --outfile=Test4CD4ROEvMUSCLvWENO3vWE
NO5CFL1Nodes200RoePressure-eps-converted-to.pdf Test4CD4ROEvMUSCLvWENO3vWENO5CF
L1Nodes200RoePressure.eps>
(epstopdf)             \includegraphics on input line 279.
Package epstopdf Info: Output file is already uptodate.
<Test4CD4ROEvMUSCLvWENO3vWENO5CFL1Nodes200RoePressure-eps-converted-to.pdf, id=
51, 2491.3075pt x 1313.90875pt>
File: Test4CD4ROEvMUSCLvWENO3vWENO5CFL1Nodes200RoePressure-eps-converted-to.pdf
 Graphic file (type pdf)
<use Test4CD4ROEvMUSCLvWENO3vWENO5CFL1Nodes200RoePressure-eps-converted-to.pdf>

Package pdftex.def Info: Test4CD4ROEvMUSCLvWENO3vWENO5CFL1Nodes200RoePressure-e
ps-converted-to.pdf  used on input line 279.
(pdftex.def)             Requested size: 345.0pt x 181.9411pt.
Package epstopdf Info: Source file: <Test4CD4ROEvMUSCLvWENO3vWENO5CFL1Nodes200R
oeInternalEnergy.eps>
(epstopdf)                    date: 2021-04-29 12:21:20
(epstopdf)                    size: 86608 bytes
(epstopdf)             Output file: <Test4CD4ROEvMUSCLvWENO3vWENO5CFL1Nodes200R
oeInternalEnergy-eps-converted-to.pdf>
(epstopdf)                    date: 2021-04-29 12:46:07
(epstopdf)                    size: 37161 bytes
(epstopdf)             Command: <repstopdf --outfile=Test4CD4ROEvMUSCLvWENO3vWE
NO5CFL1Nodes200RoeInternalEnergy-eps-converted-to.pdf Test4CD4ROEvMUSCLvWENO3vW
ENO5CFL1Nodes200RoeInternalEnergy.eps>
(epstopdf)             \includegraphics on input line 285.
Package epstopdf Info: Output file is already uptodate.
<Test4CD4ROEvMUSCLvWENO3vWENO5CFL1Nodes200RoeInternalEnergy-eps-converted-to.pd
f, id=52, 2455.1725pt x 1313.90875pt>
File: Test4CD4ROEvMUSCLvWENO3vWENO5CFL1Nodes200RoeInternalEnergy-eps-converted-
to.pdf Graphic file (type pdf)
<use Test4CD4ROEvMUSCLvWENO3vWENO5CFL1Nodes200RoeInternalEnergy-eps-converted-t
o.pdf>
Package pdftex.def Info: Test4CD4ROEvMUSCLvWENO3vWENO5CFL1Nodes200RoeInternalEn
ergy-eps-converted-to.pdf  used on input line 285.
(pdftex.def)             Requested size: 345.0pt x 184.62762pt.
Package epstopdf Info: Source file: <Test4CD6ROEvMUSCLvWENO3vWENO5CFL1Nodes200R
oeDensity.eps>
(epstopdf)                    date: 2021-04-29 12:22:44
(epstopdf)                    size: 89873 bytes
(epstopdf)             Output file: <Test4CD6ROEvMUSCLvWENO3vWENO5CFL1Nodes200R
oeDensity-eps-converted-to.pdf>
(epstopdf)                    date: 2021-04-29 12:46:07
(epstopdf)                    size: 39097 bytes
(epstopdf)             Command: <repstopdf --outfile=Test4CD6ROEvMUSCLvWENO3vWE
NO5CFL1Nodes200RoeDensity-eps-converted-to.pdf Test4CD6ROEvMUSCLvWENO3vWENO5CFL
1Nodes200RoeDensity.eps>
(epstopdf)             \includegraphics on input line 290.
Package epstopdf Info: Output file is already uptodate.
<Test4CD6ROEvMUSCLvWENO3vWENO5CFL1Nodes200RoeDensity-eps-converted-to.pdf, id=5
3, 2421.045pt x 1329.96875pt>
File: Test4CD6ROEvMUSCLvWENO3vWENO5CFL1Nodes200RoeDensity-eps-converted-to.pdf 
Graphic file (type pdf)
<use Test4CD6ROEvMUSCLvWENO3vWENO5CFL1Nodes200RoeDensity-eps-converted-to.pdf>
Package pdftex.def Info: Test4CD6ROEvMUSCLvWENO3vWENO5CFL1Nodes200RoeDensity-ep
s-converted-to.pdf  used on input line 290.
(pdftex.def)             Requested size: 345.0pt x 189.50221pt.
Package epstopdf Info: Source file: <Test4CD6ROEvMUSCLvWENO3vWENO5CFL1Nodes200R
oeVelocity.eps>
(epstopdf)                    date: 2021-04-29 12:22:45
(epstopdf)                    size: 89625 bytes
(epstopdf)             Output file: <Test4CD6ROEvMUSCLvWENO3vWENO5CFL1Nodes200R
oeVelocity-eps-converted-to.pdf>
(epstopdf)                    date: 2021-04-29 12:46:08
(epstopdf)                    size: 40484 bytes
(epstopdf)             Command: <repstopdf --outfile=Test4CD6ROEvMUSCLvWENO3vWE
NO5CFL1Nodes200RoeVelocity-eps-converted-to.pdf Test4CD6ROEvMUSCLvWENO3vWENO5CF
L1Nodes200RoeVelocity.eps>
(epstopdf)             \includegraphics on input line 296.
Package epstopdf Info: Output file is already uptodate.
<Test4CD6ROEvMUSCLvWENO3vWENO5CFL1Nodes200RoeVelocity-eps-converted-to.pdf, id=
54, 2440.11626pt x 1329.96875pt>
File: Test4CD6ROEvMUSCLvWENO3vWENO5CFL1Nodes200RoeVelocity-eps-converted-to.pdf
 Graphic file (type pdf)
<use Test4CD6ROEvMUSCLvWENO3vWENO5CFL1Nodes200RoeVelocity-eps-converted-to.pdf>

Package pdftex.def Info: Test4CD6ROEvMUSCLvWENO3vWENO5CFL1Nodes200RoeVelocity-e
ps-converted-to.pdf  used on input line 296.
(pdftex.def)             Requested size: 345.0pt x 188.04108pt.
Package epstopdf Info: Source file: <Test4CD6ROEvMUSCLvWENO3vWENO5CFL1Nodes200R
oePressure.eps>
(epstopdf)                    date: 2021-04-29 12:22:46
(epstopdf)                    size: 90624 bytes
(epstopdf)             Output file: <Test4CD6ROEvMUSCLvWENO3vWENO5CFL1Nodes200R
oePressure-eps-converted-to.pdf>
(epstopdf)                    date: 2021-04-29 12:46:08
(epstopdf)                    size: 39213 bytes
(epstopdf)             Command: <repstopdf --outfile=Test4CD6ROEvMUSCLvWENO3vWE
NO5CFL1Nodes200RoePressure-eps-converted-to.pdf Test4CD6ROEvMUSCLvWENO3vWENO5CF
L1Nodes200RoePressure.eps>
(epstopdf)             \includegraphics on input line 302.
Package epstopdf Info: Output file is already uptodate.
<Test4CD6ROEvMUSCLvWENO3vWENO5CFL1Nodes200RoePressure-eps-converted-to.pdf, id=
55, 2491.3075pt x 1313.90875pt>
File: Test4CD6ROEvMUSCLvWENO3vWENO5CFL1Nodes200RoePressure-eps-converted-to.pdf
 Graphic file (type pdf)
<use Test4CD6ROEvMUSCLvWENO3vWENO5CFL1Nodes200RoePressure-eps-converted-to.pdf>

Package pdftex.def Info: Test4CD6ROEvMUSCLvWENO3vWENO5CFL1Nodes200RoePressure-e
ps-converted-to.pdf  used on input line 302.
(pdftex.def)             Requested size: 345.0pt x 181.9411pt.
Package epstopdf Info: Source file: <Test4CD6ROEvMUSCLvWENO3vWENO5CFL1Nodes200R
oeInternalEnergy.eps>
(epstopdf)                    date: 2021-04-29 12:22:47
(epstopdf)                    size: 88987 bytes
(epstopdf)             Output file: <Test4CD6ROEvMUSCLvWENO3vWENO5CFL1Nodes200R
oeInternalEnergy-eps-converted-to.pdf>
(epstopdf)                    date: 2021-04-29 12:46:08
(epstopdf)                    size: 40257 bytes
(epstopdf)             Command: <repstopdf --outfile=Test4CD6ROEvMUSCLvWENO3vWE
NO5CFL1Nodes200RoeInternalEnergy-eps-converted-to.pdf Test4CD6ROEvMUSCLvWENO3vW
ENO5CFL1Nodes200RoeInternalEnergy.eps>
(epstopdf)             \includegraphics on input line 308.
Package epstopdf Info: Output file is already uptodate.
<Test4CD6ROEvMUSCLvWENO3vWENO5CFL1Nodes200RoeInternalEnergy-eps-converted-to.pd
f, id=56, 2455.1725pt x 1313.90875pt>
File: Test4CD6ROEvMUSCLvWENO3vWENO5CFL1Nodes200RoeInternalEnergy-eps-converted-
to.pdf Graphic file (type pdf)
<use Test4CD6ROEvMUSCLvWENO3vWENO5CFL1Nodes200RoeInternalEnergy-eps-converted-t
o.pdf>
Package pdftex.def Info: Test4CD6ROEvMUSCLvWENO3vWENO5CFL1Nodes200RoeInternalEn
ergy-eps-converted-to.pdf  used on input line 308.
(pdftex.def)             Requested size: 345.0pt x 184.62762pt.
 [2 <./Test4ROEvMUSCLvWENO3vWENO5CFL1Nodes50RoeDensity-eps-converted-to.pdf> <.
/Test4ROEvMUSCLvWENO3vWENO5CFL1Nodes50RoeVelocity-eps-converted-to.pdf>] [3 <./
Test4ROEvMUSCLvWENO3vWENO5CFL1Nodes50RoePressure-eps-converted-to.pdf> <./Test4
ROEvMUSCLvWENO3vWENO5CFL1Nodes50RoeInternalEnergy-eps-converted-to.pdf>] [4 <./
Test4CD2ROEvMUSCLvWENO3vWENO5CFL1Nodes50RoeDensity-eps-converted-to.pdf> <./Tes
t4CD2ROEvMUSCLvWENO3vWENO5CFL1Nodes50RoeVelocity-eps-converted-to.pdf>] [5 <./T
est4CD2ROEvMUSCLvWENO3vWENO5CFL1Nodes50RoePressure-eps-converted-to.pdf> <./Tes
t4CD2ROEvMUSCLvWENO3vWENO5CFL1Nodes50RoeInternalEnergy-eps-converted-to.pdf>] [
6 <./Test4CD4ROEvMUSCLvWENO3vWENO5CFL1Nodes50RoeDensity-eps-converted-to.pdf> <
./Test4CD4ROEvMUSCLvWENO3vWENO5CFL1Nodes50RoeVelocity-eps-converted-to.pdf>] [7
 <./Test4CD4ROEvMUSCLvWENO3vWENO5CFL1Nodes50RoePressure-eps-converted-to.pdf> <
./Test4CD4ROEvMUSCLvWENO3vWENO5CFL1Nodes50RoeInternalEnergy-eps-converted-to.pd
f>] [8 <./Test4CD6ROEvMUSCLvWENO3vWENO5CFL1Nodes50RoeDensity-eps-converted-to.p
df> <./Test4CD6ROEvMUSCLvWENO3vWENO5CFL1Nodes50RoeVelocity-eps-converted-to.pdf
>] [9 <./Test4CD6ROEvMUSCLvWENO3vWENO5CFL1Nodes50RoePressure-eps-converted-to.p
df> <./Test4CD6ROEvMUSCLvWENO3vWENO5CFL1Nodes50RoeInternalEnergy-eps-converted-
to.pdf>] [10 <./Test4ROEvMUSCLvWENO3vWENO5CFL1Nodes100RoeDensity-eps-converted-
to.pdf> <./Test4ROEvMUSCLvWENO3vWENO5CFL1Nodes100RoeVelocity-eps-converted-to.p
df>] [11 <./Test4ROEvMUSCLvWENO3vWENO5CFL1Nodes100RoePressure-eps-converted-to.
pdf> <./Test4ROEvMUSCLvWENO3vWENO5CFL1Nodes100RoeInternalEnergy-eps-converted-t
o.pdf>] [12 <./Test4CD2ROEvMUSCLvWENO3vWENO5CFL1Nodes100RoeDensity-eps-converte
d-to.pdf> <./Test4CD2ROEvMUSCLvWENO3vWENO5CFL1Nodes100RoeVelocity-eps-converted
-to.pdf>] [13 <./Test4CD2ROEvMUSCLvWENO3vWENO5CFL1Nodes100RoePressure-eps-conve
rted-to.pdf> <./Test4CD2ROEvMUSCLvWENO3vWENO5CFL1Nodes100RoeInternalEnergy-eps-
converted-to.pdf>]
[14 <./Test4CD4ROEvMUSCLvWENO3vWENO5CFL1Nodes100RoeDensity-eps-converted-to.pdf
> <./Test4CD4ROEvMUSCLvWENO3vWENO5CFL1Nodes100RoeVelocity-eps-converted-to.pdf>
] [15 <./Test4CD4ROEvMUSCLvWENO3vWENO5CFL1Nodes100RoePressure-eps-converted-to.
pdf> <./Test4CD4ROEvMUSCLvWENO3vWENO5CFL1Nodes100RoeInternalEnergy-eps-converte
d-to.pdf>] [16 <./Test4CD6ROEvMUSCLvWENO3vWENO5CFL1Nodes100RoeDensity-eps-conve
rted-to.pdf> <./Test4CD6ROEvMUSCLvWENO3vWENO5CFL1Nodes100RoeVelocity-eps-conver
ted-to.pdf>] [17 <./Test4CD6ROEvMUSCLvWENO3vWENO5CFL1Nodes100RoePressure-eps-co
nverted-to.pdf> <./Test4CD6ROEvMUSCLvWENO3vWENO5CFL1Nodes100RoeInternalEnergy-e
ps-converted-to.pdf>] [18 <./Test4ROEvMUSCLvWENO3vWENO5CFL1Nodes200RoeDensity-e
ps-converted-to.pdf> <./Test4ROEvMUSCLvWENO3vWENO5CFL1Nodes200RoeVelocity-eps-c
onverted-to.pdf>] [19 <./Test4ROEvMUSCLvWENO3vWENO5CFL1Nodes200RoePressure-eps-
converted-to.pdf> <./Test4ROEvMUSCLvWENO3vWENO5CFL1Nodes200RoeInternalEnergy-ep
s-converted-to.pdf>] [20 <./Test4CD2ROEvMUSCLvWENO3vWENO5CFL1Nodes200RoeDensity
-eps-converted-to.pdf> <./Test4CD2ROEvMUSCLvWENO3vWENO5CFL1Nodes200RoeVelocity-
eps-converted-to.pdf>] [21 <./Test4CD2ROEvMUSCLvWENO3vWENO5CFL1Nodes200RoePress
ure-eps-converted-to.pdf> <./Test4CD2ROEvMUSCLvWENO3vWENO5CFL1Nodes200RoeIntern
alEnergy-eps-converted-to.pdf>] [22 <./Test4CD4ROEvMUSCLvWENO3vWENO5CFL1Nodes20
0RoeDensity-eps-converted-to.pdf> <./Test4CD4ROEvMUSCLvWENO3vWENO5CFL1Nodes200R
oeVelocity-eps-converted-to.pdf>] [23 <./Test4CD4ROEvMUSCLvWENO3vWENO5CFL1Nodes
200RoePressure-eps-converted-to.pdf> <./Test4CD4ROEvMUSCLvWENO3vWENO5CFL1Nodes2
00RoeInternalEnergy-eps-converted-to.pdf>] [24 <./Test4CD6ROEvMUSCLvWENO3vWENO5
CFL1Nodes200RoeDensity-eps-converted-to.pdf> <./Test4CD6ROEvMUSCLvWENO3vWENO5CF
L1Nodes200RoeVelocity-eps-converted-to.pdf>] [25 <./Test4CD6ROEvMUSCLvWENO3vWEN
O5CFL1Nodes200RoePressure-eps-converted-to.pdf> <./Test4CD6ROEvMUSCLvWENO3vWENO
5CFL1Nodes200RoeInternalEnergy-eps-converted-to.pdf>]
Package epstopdf Info: Source file: <Test4ROEvMUSCLvWENO3vWENO5CFL1Nodes300RoeD
ensity.eps>
(epstopdf)                    date: 2021-04-29 12:04:19
(epstopdf)                    size: 88544 bytes
(epstopdf)             Output file: <Test4ROEvMUSCLvWENO3vWENO5CFL1Nodes300RoeD
ensity-eps-converted-to.pdf>
(epstopdf)                    date: 2021-04-29 12:46:08
(epstopdf)                    size: 32310 bytes
(epstopdf)             Command: <repstopdf --outfile=Test4ROEvMUSCLvWENO3vWENO5
CFL1Nodes300RoeDensity-eps-converted-to.pdf Test4ROEvMUSCLvWENO3vWENO5CFL1Nodes
300RoeDensity.eps>
(epstopdf)             \includegraphics on input line 319.
Package epstopdf Info: Output file is already uptodate.
<Test4ROEvMUSCLvWENO3vWENO5CFL1Nodes300RoeDensity-eps-converted-to.pdf, id=375,
 2421.045pt x 1329.96875pt>
File: Test4ROEvMUSCLvWENO3vWENO5CFL1Nodes300RoeDensity-eps-converted-to.pdf Gra
phic file (type pdf)
<use Test4ROEvMUSCLvWENO3vWENO5CFL1Nodes300RoeDensity-eps-converted-to.pdf>
Package pdftex.def Info: Test4ROEvMUSCLvWENO3vWENO5CFL1Nodes300RoeDensity-eps-c
onverted-to.pdf  used on input line 319.
(pdftex.def)             Requested size: 345.0pt x 189.50221pt.
Package epstopdf Info: Source file: <Test4ROEvMUSCLvWENO3vWENO5CFL1Nodes300RoeV
elocity.eps>
(epstopdf)                    date: 2021-04-29 12:04:20
(epstopdf)                    size: 87996 bytes
(epstopdf)             Output file: <Test4ROEvMUSCLvWENO3vWENO5CFL1Nodes300RoeV
elocity-eps-converted-to.pdf>
(epstopdf)                    date: 2021-04-29 12:46:09
(epstopdf)                    size: 33323 bytes
(epstopdf)             Command: <repstopdf --outfile=Test4ROEvMUSCLvWENO3vWENO5
CFL1Nodes300RoeVelocity-eps-converted-to.pdf Test4ROEvMUSCLvWENO3vWENO5CFL1Node
s300RoeVelocity.eps>
(epstopdf)             \includegraphics on input line 325.
Package epstopdf Info: Output file is already uptodate.
<Test4ROEvMUSCLvWENO3vWENO5CFL1Nodes300RoeVelocity-eps-converted-to.pdf, id=376
, 2440.11626pt x 1329.96875pt>
File: Test4ROEvMUSCLvWENO3vWENO5CFL1Nodes300RoeVelocity-eps-converted-to.pdf Gr
aphic file (type pdf)
<use Test4ROEvMUSCLvWENO3vWENO5CFL1Nodes300RoeVelocity-eps-converted-to.pdf>
Package pdftex.def Info: Test4ROEvMUSCLvWENO3vWENO5CFL1Nodes300RoeVelocity-eps-
converted-to.pdf  used on input line 325.
(pdftex.def)             Requested size: 345.0pt x 188.04108pt.
Package epstopdf Info: Source file: <Test4ROEvMUSCLvWENO3vWENO5CFL1Nodes300RoeP
ressure.eps>
(epstopdf)                    date: 2021-04-29 12:04:21
(epstopdf)                    size: 89179 bytes
(epstopdf)             Output file: <Test4ROEvMUSCLvWENO3vWENO5CFL1Nodes300RoeP
ressure-eps-converted-to.pdf>
(epstopdf)                    date: 2021-04-29 12:46:09
(epstopdf)                    size: 32232 bytes
(epstopdf)             Command: <repstopdf --outfile=Test4ROEvMUSCLvWENO3vWENO5
CFL1Nodes300RoePressure-eps-converted-to.pdf Test4ROEvMUSCLvWENO3vWENO5CFL1Node
s300RoePressure.eps>
(epstopdf)             \includegraphics on input line 331.
Package epstopdf Info: Output file is already uptodate.
<Test4ROEvMUSCLvWENO3vWENO5CFL1Nodes300RoePressure-eps-converted-to.pdf, id=377
, 2491.3075pt x 1313.90875pt>
File: Test4ROEvMUSCLvWENO3vWENO5CFL1Nodes300RoePressure-eps-converted-to.pdf Gr
aphic file (type pdf)
<use Test4ROEvMUSCLvWENO3vWENO5CFL1Nodes300RoePressure-eps-converted-to.pdf>
Package pdftex.def Info: Test4ROEvMUSCLvWENO3vWENO5CFL1Nodes300RoePressure-eps-
converted-to.pdf  used on input line 331.
(pdftex.def)             Requested size: 345.0pt x 181.9411pt.
Package epstopdf Info: Source file: <Test4ROEvMUSCLvWENO3vWENO5CFL1Nodes300RoeI
nternalEnergy.eps>
(epstopdf)                    date: 2021-04-29 12:04:22
(epstopdf)                    size: 87413 bytes
(epstopdf)             Output file: <Test4ROEvMUSCLvWENO3vWENO5CFL1Nodes300RoeI
nternalEnergy-eps-converted-to.pdf>
(epstopdf)                    date: 2021-04-29 12:46:09
(epstopdf)                    size: 33021 bytes
(epstopdf)             Command: <repstopdf --outfile=Test4ROEvMUSCLvWENO3vWENO5
CFL1Nodes300RoeInternalEnergy-eps-converted-to.pdf Test4ROEvMUSCLvWENO3vWENO5CF
L1Nodes300RoeInternalEnergy.eps>
(epstopdf)             \includegraphics on input line 337.
Package epstopdf Info: Output file is already uptodate.
<Test4ROEvMUSCLvWENO3vWENO5CFL1Nodes300RoeInternalEnergy-eps-converted-to.pdf, 
id=378, 2455.1725pt x 1313.90875pt>
File: Test4ROEvMUSCLvWENO3vWENO5CFL1Nodes300RoeInternalEnergy-eps-converted-to.
pdf Graphic file (type pdf)
<use Test4ROEvMUSCLvWENO3vWENO5CFL1Nodes300RoeInternalEnergy-eps-converted-to.p
df>
Package pdftex.def Info: Test4ROEvMUSCLvWENO3vWENO5CFL1Nodes300RoeInternalEnerg
y-eps-converted-to.pdf  used on input line 337.
(pdftex.def)             Requested size: 345.0pt x 184.62762pt.
 [26 <./Test4ROEvMUSCLvWENO3vWENO5CFL1Nodes300RoeDensity-eps-converted-to.pdf> 
<./Test4ROEvMUSCLvWENO3vWENO5CFL1Nodes300RoeVelocity-eps-converted-to.pdf>] [27
 <./Test4ROEvMUSCLvWENO3vWENO5CFL1Nodes300RoePressure-eps-converted-to.pdf> <./
Test4ROEvMUSCLvWENO3vWENO5CFL1Nodes300RoeInternalEnergy-eps-converted-to.pdf>]
Package epstopdf Info: Source file: <Test4CD2ROEvMUSCLvWENO3vWENO5CFL1Nodes300R
oeDensity.eps>
(epstopdf)                    date: 2021-04-29 12:10:09
(epstopdf)                    size: 96684 bytes
(epstopdf)             Output file: <Test4CD2ROEvMUSCLvWENO3vWENO5CFL1Nodes300R
oeDensity-eps-converted-to.pdf>
(epstopdf)                    date: 2021-04-29 12:46:10
(epstopdf)                    size: 39138 bytes
(epstopdf)             Command: <repstopdf --outfile=Test4CD2ROEvMUSCLvWENO3vWE
NO5CFL1Nodes300RoeDensity-eps-converted-to.pdf Test4CD2ROEvMUSCLvWENO3vWENO5CFL
1Nodes300RoeDensity.eps>
(epstopdf)             \includegraphics on input line 343.
Package epstopdf Info: Output file is already uptodate.
<Test4CD2ROEvMUSCLvWENO3vWENO5CFL1Nodes300RoeDensity-eps-converted-to.pdf, id=4
05, 2421.045pt x 1329.96875pt>
File: Test4CD2ROEvMUSCLvWENO3vWENO5CFL1Nodes300RoeDensity-eps-converted-to.pdf 
Graphic file (type pdf)
<use Test4CD2ROEvMUSCLvWENO3vWENO5CFL1Nodes300RoeDensity-eps-converted-to.pdf>
Package pdftex.def Info: Test4CD2ROEvMUSCLvWENO3vWENO5CFL1Nodes300RoeDensity-ep
s-converted-to.pdf  used on input line 343.
(pdftex.def)             Requested size: 345.0pt x 189.50221pt.
Package epstopdf Info: Source file: <Test4CD2ROEvMUSCLvWENO3vWENO5CFL1Nodes300R
oeVelocity.eps>
(epstopdf)                    date: 2021-04-29 12:10:10
(epstopdf)                    size: 96176 bytes
(epstopdf)             Output file: <Test4CD2ROEvMUSCLvWENO3vWENO5CFL1Nodes300R
oeVelocity-eps-converted-to.pdf>
(epstopdf)                    date: 2021-04-29 12:46:10
(epstopdf)                    size: 40370 bytes
(epstopdf)             Command: <repstopdf --outfile=Test4CD2ROEvMUSCLvWENO3vWE
NO5CFL1Nodes300RoeVelocity-eps-converted-to.pdf Test4CD2ROEvMUSCLvWENO3vWENO5CF
L1Nodes300RoeVelocity.eps>
(epstopdf)             \includegraphics on input line 349.
Package epstopdf Info: Output file is already uptodate.
<Test4CD2ROEvMUSCLvWENO3vWENO5CFL1Nodes300RoeVelocity-eps-converted-to.pdf, id=
406, 2440.11626pt x 1329.96875pt>
File: Test4CD2ROEvMUSCLvWENO3vWENO5CFL1Nodes300RoeVelocity-eps-converted-to.pdf
 Graphic file (type pdf)
<use Test4CD2ROEvMUSCLvWENO3vWENO5CFL1Nodes300RoeVelocity-eps-converted-to.pdf>

Package pdftex.def Info: Test4CD2ROEvMUSCLvWENO3vWENO5CFL1Nodes300RoeVelocity-e
ps-converted-to.pdf  used on input line 349.
(pdftex.def)             Requested size: 345.0pt x 188.04108pt.
Package epstopdf Info: Source file: <Test4CD2ROEvMUSCLvWENO3vWENO5CFL1Nodes300R
oePressure.eps>
(epstopdf)                    date: 2021-04-29 12:10:11
(epstopdf)                    size: 97817 bytes
(epstopdf)             Output file: <Test4CD2ROEvMUSCLvWENO3vWENO5CFL1Nodes300R
oePressure-eps-converted-to.pdf>
(epstopdf)                    date: 2021-04-29 12:46:10
(epstopdf)                    size: 39094 bytes
(epstopdf)             Command: <repstopdf --outfile=Test4CD2ROEvMUSCLvWENO3vWE
NO5CFL1Nodes300RoePressure-eps-converted-to.pdf Test4CD2ROEvMUSCLvWENO3vWENO5CF
L1Nodes300RoePressure.eps>
(epstopdf)             \includegraphics on input line 355.
Package epstopdf Info: Output file is already uptodate.
<Test4CD2ROEvMUSCLvWENO3vWENO5CFL1Nodes300RoePressure-eps-converted-to.pdf, id=
407, 2491.3075pt x 1313.90875pt>
File: Test4CD2ROEvMUSCLvWENO3vWENO5CFL1Nodes300RoePressure-eps-converted-to.pdf
 Graphic file (type pdf)
<use Test4CD2ROEvMUSCLvWENO3vWENO5CFL1Nodes300RoePressure-eps-converted-to.pdf>

Package pdftex.def Info: Test4CD2ROEvMUSCLvWENO3vWENO5CFL1Nodes300RoePressure-e
ps-converted-to.pdf  used on input line 355.
(pdftex.def)             Requested size: 345.0pt x 181.9411pt.
Package epstopdf Info: Source file: <Test4CD2ROEvMUSCLvWENO3vWENO5CFL1Nodes300R
oeInternalEnergy.eps>
(epstopdf)                    date: 2021-04-29 12:10:11
(epstopdf)                    size: 95962 bytes
(epstopdf)             Output file: <Test4CD2ROEvMUSCLvWENO3vWENO5CFL1Nodes300R
oeInternalEnergy-eps-converted-to.pdf>
(epstopdf)                    date: 2021-04-29 12:46:10
(epstopdf)                    size: 40167 bytes
(epstopdf)             Command: <repstopdf --outfile=Test4CD2ROEvMUSCLvWENO3vWE
NO5CFL1Nodes300RoeInternalEnergy-eps-converted-to.pdf Test4CD2ROEvMUSCLvWENO3vW
ENO5CFL1Nodes300RoeInternalEnergy.eps>
(epstopdf)             \includegraphics on input line 361.
Package epstopdf Info: Output file is already uptodate.
<Test4CD2ROEvMUSCLvWENO3vWENO5CFL1Nodes300RoeInternalEnergy-eps-converted-to.pd
f, id=408, 2455.1725pt x 1329.96875pt>
File: Test4CD2ROEvMUSCLvWENO3vWENO5CFL1Nodes300RoeInternalEnergy-eps-converted-
to.pdf Graphic file (type pdf)
<use Test4CD2ROEvMUSCLvWENO3vWENO5CFL1Nodes300RoeInternalEnergy-eps-converted-t
o.pdf>
Package pdftex.def Info: Test4CD2ROEvMUSCLvWENO3vWENO5CFL1Nodes300RoeInternalEn
ergy-eps-converted-to.pdf  used on input line 361.
(pdftex.def)             Requested size: 345.0pt x 186.88434pt.
Package epstopdf Info: Source file: <Test4CD4ROEvMUSCLvWENO3vWENO5CFL1Nodes300R
oeDensity.eps>
(epstopdf)                    date: 2021-04-29 12:20:55
(epstopdf)                    size: 95315 bytes
(epstopdf)             Output file: <Test4CD4ROEvMUSCLvWENO3vWENO5CFL1Nodes300R
oeDensity-eps-converted-to.pdf>
(epstopdf)                    date: 2021-04-29 12:46:11
(epstopdf)                    size: 37473 bytes
(epstopdf)             Command: <repstopdf --outfile=Test4CD4ROEvMUSCLvWENO3vWE
NO5CFL1Nodes300RoeDensity-eps-converted-to.pdf Test4CD4ROEvMUSCLvWENO3vWENO5CFL
1Nodes300RoeDensity.eps>
(epstopdf)             \includegraphics on input line 366.
Package epstopdf Info: Output file is already uptodate.
<Test4CD4ROEvMUSCLvWENO3vWENO5CFL1Nodes300RoeDensity-eps-converted-to.pdf, id=4
09, 2421.045pt x 1329.96875pt>
File: Test4CD4ROEvMUSCLvWENO3vWENO5CFL1Nodes300RoeDensity-eps-converted-to.pdf 
Graphic file (type pdf)
<use Test4CD4ROEvMUSCLvWENO3vWENO5CFL1Nodes300RoeDensity-eps-converted-to.pdf>
Package pdftex.def Info: Test4CD4ROEvMUSCLvWENO3vWENO5CFL1Nodes300RoeDensity-ep
s-converted-to.pdf  used on input line 366.
(pdftex.def)             Requested size: 345.0pt x 189.50221pt.
Package epstopdf Info: Source file: <Test4CD4ROEvMUSCLvWENO3vWENO5CFL1Nodes300R
oeVelocity.eps>
(epstopdf)                    date: 2021-04-29 12:20:55
(epstopdf)                    size: 94804 bytes
(epstopdf)             Output file: <Test4CD4ROEvMUSCLvWENO3vWENO5CFL1Nodes300R
oeVelocity-eps-converted-to.pdf>
(epstopdf)                    date: 2021-04-29 12:46:11
(epstopdf)                    size: 38582 bytes
(epstopdf)             Command: <repstopdf --outfile=Test4CD4ROEvMUSCLvWENO3vWE
NO5CFL1Nodes300RoeVelocity-eps-converted-to.pdf Test4CD4ROEvMUSCLvWENO3vWENO5CF
L1Nodes300RoeVelocity.eps>
(epstopdf)             \includegraphics on input line 372.
Package epstopdf Info: Output file is already uptodate.
<Test4CD4ROEvMUSCLvWENO3vWENO5CFL1Nodes300RoeVelocity-eps-converted-to.pdf, id=
410, 2440.11626pt x 1329.96875pt>
File: Test4CD4ROEvMUSCLvWENO3vWENO5CFL1Nodes300RoeVelocity-eps-converted-to.pdf
 Graphic file (type pdf)
<use Test4CD4ROEvMUSCLvWENO3vWENO5CFL1Nodes300RoeVelocity-eps-converted-to.pdf>

Package pdftex.def Info: Test4CD4ROEvMUSCLvWENO3vWENO5CFL1Nodes300RoeVelocity-e
ps-converted-to.pdf  used on input line 372.
(pdftex.def)             Requested size: 345.0pt x 188.04108pt.
Package epstopdf Info: Source file: <Test4CD4ROEvMUSCLvWENO3vWENO5CFL1Nodes300R
oePressure.eps>
(epstopdf)                    date: 2021-04-29 12:20:56
(epstopdf)                    size: 95959 bytes
(epstopdf)             Output file: <Test4CD4ROEvMUSCLvWENO3vWENO5CFL1Nodes300R
oePressure-eps-converted-to.pdf>
(epstopdf)                    date: 2021-04-29 12:46:11
(epstopdf)                    size: 37460 bytes
(epstopdf)             Command: <repstopdf --outfile=Test4CD4ROEvMUSCLvWENO3vWE
NO5CFL1Nodes300RoePressure-eps-converted-to.pdf Test4CD4ROEvMUSCLvWENO3vWENO5CF
L1Nodes300RoePressure.eps>
(epstopdf)             \includegraphics on input line 378.
Package epstopdf Info: Output file is already uptodate.
<Test4CD4ROEvMUSCLvWENO3vWENO5CFL1Nodes300RoePressure-eps-converted-to.pdf, id=
411, 2491.3075pt x 1313.90875pt>
File: Test4CD4ROEvMUSCLvWENO3vWENO5CFL1Nodes300RoePressure-eps-converted-to.pdf
 Graphic file (type pdf)
<use Test4CD4ROEvMUSCLvWENO3vWENO5CFL1Nodes300RoePressure-eps-converted-to.pdf>

Package pdftex.def Info: Test4CD4ROEvMUSCLvWENO3vWENO5CFL1Nodes300RoePressure-e
ps-converted-to.pdf  used on input line 378.
(pdftex.def)             Requested size: 345.0pt x 181.9411pt.
Package epstopdf Info: Source file: <Test4CD4ROEvMUSCLvWENO3vWENO5CFL1Nodes300R
oeInternalEnergy.eps>
(epstopdf)                    date: 2021-04-29 12:20:57
(epstopdf)                    size: 94182 bytes
(epstopdf)             Output file: <Test4CD4ROEvMUSCLvWENO3vWENO5CFL1Nodes300R
oeInternalEnergy-eps-converted-to.pdf>
(epstopdf)                    date: 2021-04-29 12:46:12
(epstopdf)                    size: 38365 bytes
(epstopdf)             Command: <repstopdf --outfile=Test4CD4ROEvMUSCLvWENO3vWE
NO5CFL1Nodes300RoeInternalEnergy-eps-converted-to.pdf Test4CD4ROEvMUSCLvWENO3vW
ENO5CFL1Nodes300RoeInternalEnergy.eps>
(epstopdf)             \includegraphics on input line 384.
Package epstopdf Info: Output file is already uptodate.
<Test4CD4ROEvMUSCLvWENO3vWENO5CFL1Nodes300RoeInternalEnergy-eps-converted-to.pd
f, id=412, 2455.1725pt x 1313.90875pt>
File: Test4CD4ROEvMUSCLvWENO3vWENO5CFL1Nodes300RoeInternalEnergy-eps-converted-
to.pdf Graphic file (type pdf)
<use Test4CD4ROEvMUSCLvWENO3vWENO5CFL1Nodes300RoeInternalEnergy-eps-converted-t
o.pdf>
Package pdftex.def Info: Test4CD4ROEvMUSCLvWENO3vWENO5CFL1Nodes300RoeInternalEn
ergy-eps-converted-to.pdf  used on input line 384.
(pdftex.def)             Requested size: 345.0pt x 184.62762pt.
Package epstopdf Info: Source file: <Test4CD6ROEvMUSCLvWENO3vWENO5CFL1Nodes300R
oeDensity.eps>
(epstopdf)                    date: 2021-04-29 12:23:08
(epstopdf)                    size: 97686 bytes
(epstopdf)             Output file: <Test4CD6ROEvMUSCLvWENO3vWENO5CFL1Nodes300R
oeDensity-eps-converted-to.pdf>
(epstopdf)                    date: 2021-04-29 12:46:12
(epstopdf)                    size: 40369 bytes
(epstopdf)             Command: <repstopdf --outfile=Test4CD6ROEvMUSCLvWENO3vWE
NO5CFL1Nodes300RoeDensity-eps-converted-to.pdf Test4CD6ROEvMUSCLvWENO3vWENO5CFL
1Nodes300RoeDensity.eps>
(epstopdf)             \includegraphics on input line 389.
Package epstopdf Info: Output file is already uptodate.
<Test4CD6ROEvMUSCLvWENO3vWENO5CFL1Nodes300RoeDensity-eps-converted-to.pdf, id=4
13, 2421.045pt x 1329.96875pt>
File: Test4CD6ROEvMUSCLvWENO3vWENO5CFL1Nodes300RoeDensity-eps-converted-to.pdf 
Graphic file (type pdf)
<use Test4CD6ROEvMUSCLvWENO3vWENO5CFL1Nodes300RoeDensity-eps-converted-to.pdf>
Package pdftex.def Info: Test4CD6ROEvMUSCLvWENO3vWENO5CFL1Nodes300RoeDensity-ep
s-converted-to.pdf  used on input line 389.
(pdftex.def)             Requested size: 345.0pt x 189.50221pt.
Package epstopdf Info: Source file: <Test4CD6ROEvMUSCLvWENO3vWENO5CFL1Nodes300R
oeVelocity.eps>
(epstopdf)                    date: 2021-04-29 12:23:09
(epstopdf)                    size: 97163 bytes
(epstopdf)             Output file: <Test4CD6ROEvMUSCLvWENO3vWENO5CFL1Nodes300R
oeVelocity-eps-converted-to.pdf>
(epstopdf)                    date: 2021-04-29 12:46:12
(epstopdf)                    size: 41639 bytes
(epstopdf)             Command: <repstopdf --outfile=Test4CD6ROEvMUSCLvWENO3vWE
NO5CFL1Nodes300RoeVelocity-eps-converted-to.pdf Test4CD6ROEvMUSCLvWENO3vWENO5CF
L1Nodes300RoeVelocity.eps>
(epstopdf)             \includegraphics on input line 395.
Package epstopdf Info: Output file is already uptodate.
<Test4CD6ROEvMUSCLvWENO3vWENO5CFL1Nodes300RoeVelocity-eps-converted-to.pdf, id=
414, 2440.11626pt x 1329.96875pt>
File: Test4CD6ROEvMUSCLvWENO3vWENO5CFL1Nodes300RoeVelocity-eps-converted-to.pdf
 Graphic file (type pdf)
<use Test4CD6ROEvMUSCLvWENO3vWENO5CFL1Nodes300RoeVelocity-eps-converted-to.pdf>

Package pdftex.def Info: Test4CD6ROEvMUSCLvWENO3vWENO5CFL1Nodes300RoeVelocity-e
ps-converted-to.pdf  used on input line 395.
(pdftex.def)             Requested size: 345.0pt x 188.04108pt.
Package epstopdf Info: Source file: <Test4CD6ROEvMUSCLvWENO3vWENO5CFL1Nodes300R
oePressure.eps>
(epstopdf)                    date: 2021-04-29 12:23:10
(epstopdf)                    size: 98323 bytes
(epstopdf)             Output file: <Test4CD6ROEvMUSCLvWENO3vWENO5CFL1Nodes300R
oePressure-eps-converted-to.pdf>
(epstopdf)                    date: 2021-04-29 12:46:12
(epstopdf)                    size: 40320 bytes
(epstopdf)             Command: <repstopdf --outfile=Test4CD6ROEvMUSCLvWENO3vWE
NO5CFL1Nodes300RoePressure-eps-converted-to.pdf Test4CD6ROEvMUSCLvWENO3vWENO5CF
L1Nodes300RoePressure.eps>
(epstopdf)             \includegraphics on input line 401.
Package epstopdf Info: Output file is already uptodate.
<Test4CD6ROEvMUSCLvWENO3vWENO5CFL1Nodes300RoePressure-eps-converted-to.pdf, id=
415, 2491.3075pt x 1313.90875pt>
File: Test4CD6ROEvMUSCLvWENO3vWENO5CFL1Nodes300RoePressure-eps-converted-to.pdf
 Graphic file (type pdf)
<use Test4CD6ROEvMUSCLvWENO3vWENO5CFL1Nodes300RoePressure-eps-converted-to.pdf>

Package pdftex.def Info: Test4CD6ROEvMUSCLvWENO3vWENO5CFL1Nodes300RoePressure-e
ps-converted-to.pdf  used on input line 401.
(pdftex.def)             Requested size: 345.0pt x 181.9411pt.
Package epstopdf Info: Source file: <Test4CD6ROEvMUSCLvWENO3vWENO5CFL1Nodes300R
oeInternalEnergy.eps>
(epstopdf)                    date: 2021-04-29 12:23:11
(epstopdf)                    size: 96563 bytes
(epstopdf)             Output file: <Test4CD6ROEvMUSCLvWENO3vWENO5CFL1Nodes300R
oeInternalEnergy-eps-converted-to.pdf>
(epstopdf)                    date: 2021-04-29 12:46:13
(epstopdf)                    size: 41417 bytes
(epstopdf)             Command: <repstopdf --outfile=Test4CD6ROEvMUSCLvWENO3vWE
NO5CFL1Nodes300RoeInternalEnergy-eps-converted-to.pdf Test4CD6ROEvMUSCLvWENO3vW
ENO5CFL1Nodes300RoeInternalEnergy.eps>
(epstopdf)             \includegraphics on input line 407.
Package epstopdf Info: Output file is already uptodate.
<Test4CD6ROEvMUSCLvWENO3vWENO5CFL1Nodes300RoeInternalEnergy-eps-converted-to.pd
f, id=416, 2455.1725pt x 1313.90875pt>
File: Test4CD6ROEvMUSCLvWENO3vWENO5CFL1Nodes300RoeInternalEnergy-eps-converted-
to.pdf Graphic file (type pdf)
<use Test4CD6ROEvMUSCLvWENO3vWENO5CFL1Nodes300RoeInternalEnergy-eps-converted-t
o.pdf>
Package pdftex.def Info: Test4CD6ROEvMUSCLvWENO3vWENO5CFL1Nodes300RoeInternalEn
ergy-eps-converted-to.pdf  used on input line 407.
(pdftex.def)             Requested size: 345.0pt x 184.62762pt.
Package epstopdf Info: Source file: <Test4ROEvMUSCLvWENO3vWENO5CFL1Nodes400RoeD
ensity.eps>
(epstopdf)                    date: 2021-04-29 12:04:57
(epstopdf)                    size: 96313 bytes
(epstopdf)             Output file: <Test4ROEvMUSCLvWENO3vWENO5CFL1Nodes400RoeD
ensity-eps-converted-to.pdf>
(epstopdf)                    date: 2021-04-29 12:46:13
(epstopdf)                    size: 33566 bytes
(epstopdf)             Command: <repstopdf --outfile=Test4ROEvMUSCLvWENO3vWENO5
CFL1Nodes400RoeDensity-eps-converted-to.pdf Test4ROEvMUSCLvWENO3vWENO5CFL1Nodes
400RoeDensity.eps>
(epstopdf)             \includegraphics on input line 418.
Package epstopdf Info: Output file is already uptodate.
<Test4ROEvMUSCLvWENO3vWENO5CFL1Nodes400RoeDensity-eps-converted-to.pdf, id=417,
 2421.045pt x 1329.96875pt>
File: Test4ROEvMUSCLvWENO3vWENO5CFL1Nodes400RoeDensity-eps-converted-to.pdf Gra
phic file (type pdf)
<use Test4ROEvMUSCLvWENO3vWENO5CFL1Nodes400RoeDensity-eps-converted-to.pdf>
Package pdftex.def Info: Test4ROEvMUSCLvWENO3vWENO5CFL1Nodes400RoeDensity-eps-c
onverted-to.pdf  used on input line 418.
(pdftex.def)             Requested size: 345.0pt x 189.50221pt.
Package epstopdf Info: Source file: <Test4ROEvMUSCLvWENO3vWENO5CFL1Nodes400RoeV
elocity.eps>
(epstopdf)                    date: 2021-04-29 12:04:57
(epstopdf)                    size: 95529 bytes
(epstopdf)             Output file: <Test4ROEvMUSCLvWENO3vWENO5CFL1Nodes400RoeV
elocity-eps-converted-to.pdf>
(epstopdf)                    date: 2021-04-29 12:46:13
(epstopdf)                    size: 34461 bytes
(epstopdf)             Command: <repstopdf --outfile=Test4ROEvMUSCLvWENO3vWENO5
CFL1Nodes400RoeVelocity-eps-converted-to.pdf Test4ROEvMUSCLvWENO3vWENO5CFL1Node
s400RoeVelocity.eps>
(epstopdf)             \includegraphics on input line 424.
Package epstopdf Info: Output file is already uptodate.
<Test4ROEvMUSCLvWENO3vWENO5CFL1Nodes400RoeVelocity-eps-converted-to.pdf, id=418
, 2440.11626pt x 1329.96875pt>
File: Test4ROEvMUSCLvWENO3vWENO5CFL1Nodes400RoeVelocity-eps-converted-to.pdf Gr
aphic file (type pdf)
<use Test4ROEvMUSCLvWENO3vWENO5CFL1Nodes400RoeVelocity-eps-converted-to.pdf>
Package pdftex.def Info: Test4ROEvMUSCLvWENO3vWENO5CFL1Nodes400RoeVelocity-eps-
converted-to.pdf  used on input line 424.
(pdftex.def)             Requested size: 345.0pt x 188.04108pt.
Package epstopdf Info: Source file: <Test4ROEvMUSCLvWENO3vWENO5CFL1Nodes400RoeP
ressure.eps>
(epstopdf)                    date: 2021-04-29 12:04:58
(epstopdf)                    size: 96870 bytes
(epstopdf)             Output file: <Test4ROEvMUSCLvWENO3vWENO5CFL1Nodes400RoeP
ressure-eps-converted-to.pdf>
(epstopdf)                    date: 2021-04-29 12:46:14
(epstopdf)                    size: 33377 bytes
(epstopdf)             Command: <repstopdf --outfile=Test4ROEvMUSCLvWENO3vWENO5
CFL1Nodes400RoePressure-eps-converted-to.pdf Test4ROEvMUSCLvWENO3vWENO5CFL1Node
s400RoePressure.eps>
(epstopdf)             \includegraphics on input line 430.
Package epstopdf Info: Output file is already uptodate.
<Test4ROEvMUSCLvWENO3vWENO5CFL1Nodes400RoePressure-eps-converted-to.pdf, id=419
, 2491.3075pt x 1313.90875pt>
File: Test4ROEvMUSCLvWENO3vWENO5CFL1Nodes400RoePressure-eps-converted-to.pdf Gr
aphic file (type pdf)
<use Test4ROEvMUSCLvWENO3vWENO5CFL1Nodes400RoePressure-eps-converted-to.pdf>
Package pdftex.def Info: Test4ROEvMUSCLvWENO3vWENO5CFL1Nodes400RoePressure-eps-
converted-to.pdf  used on input line 430.
(pdftex.def)             Requested size: 345.0pt x 181.9411pt.
Package epstopdf Info: Source file: <Test4ROEvMUSCLvWENO3vWENO5CFL1Nodes400RoeI
nternalEnergy.eps>
(epstopdf)                    date: 2021-04-29 12:04:59
(epstopdf)                    size: 94959 bytes
(epstopdf)             Output file: <Test4ROEvMUSCLvWENO3vWENO5CFL1Nodes400RoeI
nternalEnergy-eps-converted-to.pdf>
(epstopdf)                    date: 2021-04-29 12:46:14
(epstopdf)                    size: 34223 bytes
(epstopdf)             Command: <repstopdf --outfile=Test4ROEvMUSCLvWENO3vWENO5
CFL1Nodes400RoeInternalEnergy-eps-converted-to.pdf Test4ROEvMUSCLvWENO3vWENO5CF
L1Nodes400RoeInternalEnergy.eps>
(epstopdf)             \includegraphics on input line 436.
Package epstopdf Info: Output file is already uptodate.
<Test4ROEvMUSCLvWENO3vWENO5CFL1Nodes400RoeInternalEnergy-eps-converted-to.pdf, 
id=420, 2455.1725pt x 1313.90875pt>
File: Test4ROEvMUSCLvWENO3vWENO5CFL1Nodes400RoeInternalEnergy-eps-converted-to.
pdf Graphic file (type pdf)
<use Test4ROEvMUSCLvWENO3vWENO5CFL1Nodes400RoeInternalEnergy-eps-converted-to.p
df>
Package pdftex.def Info: Test4ROEvMUSCLvWENO3vWENO5CFL1Nodes400RoeInternalEnerg
y-eps-converted-to.pdf  used on input line 436.
(pdftex.def)             Requested size: 345.0pt x 184.62762pt.
Package epstopdf Info: Source file: <Test4CD2ROEvMUSCLvWENO3vWENO5CFL1Nodes400R
oeDensity.eps>
(epstopdf)                    date: 2021-04-29 12:10:43
(epstopdf)                    size: 104468 bytes
(epstopdf)             Output file: <Test4CD2ROEvMUSCLvWENO3vWENO5CFL1Nodes400R
oeDensity-eps-converted-to.pdf>
(epstopdf)                    date: 2021-04-29 12:46:14
(epstopdf)                    size: 40359 bytes
(epstopdf)             Command: <repstopdf --outfile=Test4CD2ROEvMUSCLvWENO3vWE
NO5CFL1Nodes400RoeDensity-eps-converted-to.pdf Test4CD2ROEvMUSCLvWENO3vWENO5CFL
1Nodes400RoeDensity.eps>
(epstopdf)             \includegraphics on input line 441.
Package epstopdf Info: Output file is already uptodate.
<Test4CD2ROEvMUSCLvWENO3vWENO5CFL1Nodes400RoeDensity-eps-converted-to.pdf, id=4
21, 2421.045pt x 1329.96875pt>
File: Test4CD2ROEvMUSCLvWENO3vWENO5CFL1Nodes400RoeDensity-eps-converted-to.pdf 
Graphic file (type pdf)
<use Test4CD2ROEvMUSCLvWENO3vWENO5CFL1Nodes400RoeDensity-eps-converted-to.pdf>
Package pdftex.def Info: Test4CD2ROEvMUSCLvWENO3vWENO5CFL1Nodes400RoeDensity-ep
s-converted-to.pdf  used on input line 441.
(pdftex.def)             Requested size: 345.0pt x 189.50221pt.
Package epstopdf Info: Source file: <Test4CD2ROEvMUSCLvWENO3vWENO5CFL1Nodes400R
oeVelocity.eps>
(epstopdf)                    date: 2021-04-29 12:10:44
(epstopdf)                    size: 103689 bytes
(epstopdf)             Output file: <Test4CD2ROEvMUSCLvWENO3vWENO5CFL1Nodes400R
oeVelocity-eps-converted-to.pdf>
(epstopdf)                    date: 2021-04-29 12:46:14
(epstopdf)                    size: 41493 bytes
(epstopdf)             Command: <repstopdf --outfile=Test4CD2ROEvMUSCLvWENO3vWE
NO5CFL1Nodes400RoeVelocity-eps-converted-to.pdf Test4CD2ROEvMUSCLvWENO3vWENO5CF
L1Nodes400RoeVelocity.eps>
(epstopdf)             \includegraphics on input line 447.
Package epstopdf Info: Output file is already uptodate.
<Test4CD2ROEvMUSCLvWENO3vWENO5CFL1Nodes400RoeVelocity-eps-converted-to.pdf, id=
422, 2440.11626pt x 1329.96875pt>
File: Test4CD2ROEvMUSCLvWENO3vWENO5CFL1Nodes400RoeVelocity-eps-converted-to.pdf
 Graphic file (type pdf)
<use Test4CD2ROEvMUSCLvWENO3vWENO5CFL1Nodes400RoeVelocity-eps-converted-to.pdf>

Package pdftex.def Info: Test4CD2ROEvMUSCLvWENO3vWENO5CFL1Nodes400RoeVelocity-e
ps-converted-to.pdf  used on input line 447.
(pdftex.def)             Requested size: 345.0pt x 188.04108pt.
Package epstopdf Info: Source file: <Test4CD2ROEvMUSCLvWENO3vWENO5CFL1Nodes400R
oePressure.eps>
(epstopdf)                    date: 2021-04-29 12:10:45
(epstopdf)                    size: 105485 bytes
(epstopdf)             Output file: <Test4CD2ROEvMUSCLvWENO3vWENO5CFL1Nodes400R
oePressure-eps-converted-to.pdf>
(epstopdf)                    date: 2021-04-29 12:46:15
(epstopdf)                    size: 40218 bytes
(epstopdf)             Command: <repstopdf --outfile=Test4CD2ROEvMUSCLvWENO3vWE
NO5CFL1Nodes400RoePressure-eps-converted-to.pdf Test4CD2ROEvMUSCLvWENO3vWENO5CF
L1Nodes400RoePressure.eps>
(epstopdf)             \includegraphics on input line 453.
Package epstopdf Info: Output file is already uptodate.
<Test4CD2ROEvMUSCLvWENO3vWENO5CFL1Nodes400RoePressure-eps-converted-to.pdf, id=
423, 2491.3075pt x 1313.90875pt>
File: Test4CD2ROEvMUSCLvWENO3vWENO5CFL1Nodes400RoePressure-eps-converted-to.pdf
 Graphic file (type pdf)
<use Test4CD2ROEvMUSCLvWENO3vWENO5CFL1Nodes400RoePressure-eps-converted-to.pdf>

Package pdftex.def Info: Test4CD2ROEvMUSCLvWENO3vWENO5CFL1Nodes400RoePressure-e
ps-converted-to.pdf  used on input line 453.
(pdftex.def)             Requested size: 345.0pt x 181.9411pt.
Package epstopdf Info: Source file: <Test4CD2ROEvMUSCLvWENO3vWENO5CFL1Nodes400R
oeInternalEnergy.eps>
(epstopdf)                    date: 2021-04-29 12:10:45
(epstopdf)                    size: 103544 bytes
(epstopdf)             Output file: <Test4CD2ROEvMUSCLvWENO3vWENO5CFL1Nodes400R
oeInternalEnergy-eps-converted-to.pdf>
(epstopdf)                    date: 2021-04-29 12:46:15
(epstopdf)                    size: 41347 bytes
(epstopdf)             Command: <repstopdf --outfile=Test4CD2ROEvMUSCLvWENO3vWE
NO5CFL1Nodes400RoeInternalEnergy-eps-converted-to.pdf Test4CD2ROEvMUSCLvWENO3vW
ENO5CFL1Nodes400RoeInternalEnergy.eps>
(epstopdf)             \includegraphics on input line 459.
Package epstopdf Info: Output file is already uptodate.
<Test4CD2ROEvMUSCLvWENO3vWENO5CFL1Nodes400RoeInternalEnergy-eps-converted-to.pd
f, id=424, 2455.1725pt x 1329.96875pt>
File: Test4CD2ROEvMUSCLvWENO3vWENO5CFL1Nodes400RoeInternalEnergy-eps-converted-
to.pdf Graphic file (type pdf)
<use Test4CD2ROEvMUSCLvWENO3vWENO5CFL1Nodes400RoeInternalEnergy-eps-converted-t
o.pdf>
Package pdftex.def Info: Test4CD2ROEvMUSCLvWENO3vWENO5CFL1Nodes400RoeInternalEn
ergy-eps-converted-to.pdf  used on input line 459.
(pdftex.def)             Requested size: 345.0pt x 186.88434pt.
Package epstopdf Info: Source file: <Test4CD4ROEvMUSCLvWENO3vWENO5CFL1Nodes400R
oeDensity.eps>
(epstopdf)                    date: 2021-04-29 12:20:24
(epstopdf)                    size: 103109 bytes
(epstopdf)             Output file: <Test4CD4ROEvMUSCLvWENO3vWENO5CFL1Nodes400R
oeDensity-eps-converted-to.pdf>
(epstopdf)                    date: 2021-04-29 12:46:15
(epstopdf)                    size: 38745 bytes
(epstopdf)             Command: <repstopdf --outfile=Test4CD4ROEvMUSCLvWENO3vWE
NO5CFL1Nodes400RoeDensity-eps-converted-to.pdf Test4CD4ROEvMUSCLvWENO3vWENO5CFL
1Nodes400RoeDensity.eps>
(epstopdf)             \includegraphics on input line 464.
Package epstopdf Info: Output file is already uptodate.
<Test4CD4ROEvMUSCLvWENO3vWENO5CFL1Nodes400RoeDensity-eps-converted-to.pdf, id=4
25, 2421.045pt x 1329.96875pt>
File: Test4CD4ROEvMUSCLvWENO3vWENO5CFL1Nodes400RoeDensity-eps-converted-to.pdf 
Graphic file (type pdf)
<use Test4CD4ROEvMUSCLvWENO3vWENO5CFL1Nodes400RoeDensity-eps-converted-to.pdf>
Package pdftex.def Info: Test4CD4ROEvMUSCLvWENO3vWENO5CFL1Nodes400RoeDensity-ep
s-converted-to.pdf  used on input line 464.
(pdftex.def)             Requested size: 345.0pt x 189.50221pt.
Package epstopdf Info: Source file: <Test4CD4ROEvMUSCLvWENO3vWENO5CFL1Nodes400R
oeVelocity.eps>
(epstopdf)                    date: 2021-04-29 12:20:25
(epstopdf)                    size: 102303 bytes
(epstopdf)             Output file: <Test4CD4ROEvMUSCLvWENO3vWENO5CFL1Nodes400R
oeVelocity-eps-converted-to.pdf>
(epstopdf)                    date: 2021-04-29 12:46:16
(epstopdf)                    size: 39793 bytes
(epstopdf)             Command: <repstopdf --outfile=Test4CD4ROEvMUSCLvWENO3vWE
NO5CFL1Nodes400RoeVelocity-eps-converted-to.pdf Test4CD4ROEvMUSCLvWENO3vWENO5CF
L1Nodes400RoeVelocity.eps>
(epstopdf)             \includegraphics on input line 470.
Package epstopdf Info: Output file is already uptodate.
<Test4CD4ROEvMUSCLvWENO3vWENO5CFL1Nodes400RoeVelocity-eps-converted-to.pdf, id=
426, 2440.11626pt x 1329.96875pt>
File: Test4CD4ROEvMUSCLvWENO3vWENO5CFL1Nodes400RoeVelocity-eps-converted-to.pdf
 Graphic file (type pdf)
<use Test4CD4ROEvMUSCLvWENO3vWENO5CFL1Nodes400RoeVelocity-eps-converted-to.pdf>

Package pdftex.def Info: Test4CD4ROEvMUSCLvWENO3vWENO5CFL1Nodes400RoeVelocity-e
ps-converted-to.pdf  used on input line 470.
(pdftex.def)             Requested size: 345.0pt x 188.04108pt.
Package epstopdf Info: Source file: <Test4CD4ROEvMUSCLvWENO3vWENO5CFL1Nodes400R
oePressure.eps>
(epstopdf)                    date: 2021-04-29 12:20:25
(epstopdf)                    size: 103649 bytes
(epstopdf)             Output file: <Test4CD4ROEvMUSCLvWENO3vWENO5CFL1Nodes400R
oePressure-eps-converted-to.pdf>
(epstopdf)                    date: 2021-04-29 12:46:16
(epstopdf)                    size: 38559 bytes
(epstopdf)             Command: <repstopdf --outfile=Test4CD4ROEvMUSCLvWENO3vWE
NO5CFL1Nodes400RoePressure-eps-converted-to.pdf Test4CD4ROEvMUSCLvWENO3vWENO5CF
L1Nodes400RoePressure.eps>
(epstopdf)             \includegraphics on input line 476.
Package epstopdf Info: Output file is already uptodate.
<Test4CD4ROEvMUSCLvWENO3vWENO5CFL1Nodes400RoePressure-eps-converted-to.pdf, id=
427, 2491.3075pt x 1313.90875pt>
File: Test4CD4ROEvMUSCLvWENO3vWENO5CFL1Nodes400RoePressure-eps-converted-to.pdf
 Graphic file (type pdf)
<use Test4CD4ROEvMUSCLvWENO3vWENO5CFL1Nodes400RoePressure-eps-converted-to.pdf>

Package pdftex.def Info: Test4CD4ROEvMUSCLvWENO3vWENO5CFL1Nodes400RoePressure-e
ps-converted-to.pdf  used on input line 476.
(pdftex.def)             Requested size: 345.0pt x 181.9411pt.
Package epstopdf Info: Source file: <Test4CD4ROEvMUSCLvWENO3vWENO5CFL1Nodes400R
oeInternalEnergy.eps>
(epstopdf)                    date: 2021-04-29 12:20:26
(epstopdf)                    size: 101737 bytes
(epstopdf)             Output file: <Test4CD4ROEvMUSCLvWENO3vWENO5CFL1Nodes400R
oeInternalEnergy-eps-converted-to.pdf>
(epstopdf)                    date: 2021-04-29 12:46:16
(epstopdf)                    size: 39522 bytes
(epstopdf)             Command: <repstopdf --outfile=Test4CD4ROEvMUSCLvWENO3vWE
NO5CFL1Nodes400RoeInternalEnergy-eps-converted-to.pdf Test4CD4ROEvMUSCLvWENO3vW
ENO5CFL1Nodes400RoeInternalEnergy.eps>
(epstopdf)             \includegraphics on input line 482.
Package epstopdf Info: Output file is already uptodate.
<Test4CD4ROEvMUSCLvWENO3vWENO5CFL1Nodes400RoeInternalEnergy-eps-converted-to.pd
f, id=428, 2455.1725pt x 1313.90875pt>
File: Test4CD4ROEvMUSCLvWENO3vWENO5CFL1Nodes400RoeInternalEnergy-eps-converted-
to.pdf Graphic file (type pdf)
<use Test4CD4ROEvMUSCLvWENO3vWENO5CFL1Nodes400RoeInternalEnergy-eps-converted-t
o.pdf>
Package pdftex.def Info: Test4CD4ROEvMUSCLvWENO3vWENO5CFL1Nodes400RoeInternalEn
ergy-eps-converted-to.pdf  used on input line 482.
(pdftex.def)             Requested size: 345.0pt x 184.62762pt.
Package epstopdf Info: Source file: <Test4CD6ROEvMUSCLvWENO3vWENO5CFL1Nodes400R
oeDensity.eps>
(epstopdf)                    date: 2021-04-29 12:23:40
(epstopdf)                    size: 105480 bytes
(epstopdf)             Output file: <Test4CD6ROEvMUSCLvWENO3vWENO5CFL1Nodes400R
oeDensity-eps-converted-to.pdf>
(epstopdf)                    date: 2021-04-29 12:46:16
(epstopdf)                    size: 41561 bytes
(epstopdf)             Command: <repstopdf --outfile=Test4CD6ROEvMUSCLvWENO3vWE
NO5CFL1Nodes400RoeDensity-eps-converted-to.pdf Test4CD6ROEvMUSCLvWENO3vWENO5CFL
1Nodes400RoeDensity.eps>
(epstopdf)             \includegraphics on input line 487.
Package epstopdf Info: Output file is already uptodate.
<Test4CD6ROEvMUSCLvWENO3vWENO5CFL1Nodes400RoeDensity-eps-converted-to.pdf, id=4
29, 2421.045pt x 1329.96875pt>
File: Test4CD6ROEvMUSCLvWENO3vWENO5CFL1Nodes400RoeDensity-eps-converted-to.pdf 
Graphic file (type pdf)
<use Test4CD6ROEvMUSCLvWENO3vWENO5CFL1Nodes400RoeDensity-eps-converted-to.pdf>
Package pdftex.def Info: Test4CD6ROEvMUSCLvWENO3vWENO5CFL1Nodes400RoeDensity-ep
s-converted-to.pdf  used on input line 487.
(pdftex.def)             Requested size: 345.0pt x 189.50221pt.
Package epstopdf Info: Source file: <Test4CD6ROEvMUSCLvWENO3vWENO5CFL1Nodes400R
oeVelocity.eps>
(epstopdf)                    date: 2021-04-29 12:23:41
(epstopdf)                    size: 104693 bytes
(epstopdf)             Output file: <Test4CD6ROEvMUSCLvWENO3vWENO5CFL1Nodes400R
oeVelocity-eps-converted-to.pdf>
(epstopdf)                    date: 2021-04-29 12:46:17
(epstopdf)                    size: 42793 bytes
(epstopdf)             Command: <repstopdf --outfile=Test4CD6ROEvMUSCLvWENO3vWE
NO5CFL1Nodes400RoeVelocity-eps-converted-to.pdf Test4CD6ROEvMUSCLvWENO3vWENO5CF
L1Nodes400RoeVelocity.eps>
(epstopdf)             \includegraphics on input line 493.
Package epstopdf Info: Output file is already uptodate.
<Test4CD6ROEvMUSCLvWENO3vWENO5CFL1Nodes400RoeVelocity-eps-converted-to.pdf, id=
430, 2440.11626pt x 1329.96875pt>
File: Test4CD6ROEvMUSCLvWENO3vWENO5CFL1Nodes400RoeVelocity-eps-converted-to.pdf
 Graphic file (type pdf)
<use Test4CD6ROEvMUSCLvWENO3vWENO5CFL1Nodes400RoeVelocity-eps-converted-to.pdf>

Package pdftex.def Info: Test4CD6ROEvMUSCLvWENO3vWENO5CFL1Nodes400RoeVelocity-e
ps-converted-to.pdf  used on input line 493.
(pdftex.def)             Requested size: 345.0pt x 188.04108pt.
Package epstopdf Info: Source file: <Test4CD6ROEvMUSCLvWENO3vWENO5CFL1Nodes400R
oePressure.eps>
(epstopdf)                    date: 2021-04-29 12:23:42
(epstopdf)                    size: 106026 bytes
(epstopdf)             Output file: <Test4CD6ROEvMUSCLvWENO3vWENO5CFL1Nodes400R
oePressure-eps-converted-to.pdf>
(epstopdf)                    date: 2021-04-29 12:46:17
(epstopdf)                    size: 41433 bytes
(epstopdf)             Command: <repstopdf --outfile=Test4CD6ROEvMUSCLvWENO3vWE
NO5CFL1Nodes400RoePressure-eps-converted-to.pdf Test4CD6ROEvMUSCLvWENO3vWENO5CF
L1Nodes400RoePressure.eps>
(epstopdf)             \includegraphics on input line 499.
Package epstopdf Info: Output file is already uptodate.
<Test4CD6ROEvMUSCLvWENO3vWENO5CFL1Nodes400RoePressure-eps-converted-to.pdf, id=
431, 2491.3075pt x 1313.90875pt>
File: Test4CD6ROEvMUSCLvWENO3vWENO5CFL1Nodes400RoePressure-eps-converted-to.pdf
 Graphic file (type pdf)
<use Test4CD6ROEvMUSCLvWENO3vWENO5CFL1Nodes400RoePressure-eps-converted-to.pdf>

Package pdftex.def Info: Test4CD6ROEvMUSCLvWENO3vWENO5CFL1Nodes400RoePressure-e
ps-converted-to.pdf  used on input line 499.
(pdftex.def)             Requested size: 345.0pt x 181.9411pt.
Package epstopdf Info: Source file: <Test4CD6ROEvMUSCLvWENO3vWENO5CFL1Nodes400R
oeInternalEnergy.eps>
(epstopdf)                    date: 2021-04-29 12:23:42
(epstopdf)                    size: 104133 bytes
(epstopdf)             Output file: <Test4CD6ROEvMUSCLvWENO3vWENO5CFL1Nodes400R
oeInternalEnergy-eps-converted-to.pdf>
(epstopdf)                    date: 2021-04-29 12:46:17
(epstopdf)                    size: 42543 bytes
(epstopdf)             Command: <repstopdf --outfile=Test4CD6ROEvMUSCLvWENO3vWE
NO5CFL1Nodes400RoeInternalEnergy-eps-converted-to.pdf Test4CD6ROEvMUSCLvWENO3vW
ENO5CFL1Nodes400RoeInternalEnergy.eps>
(epstopdf)             \includegraphics on input line 505.
Package epstopdf Info: Output file is already uptodate.
<Test4CD6ROEvMUSCLvWENO3vWENO5CFL1Nodes400RoeInternalEnergy-eps-converted-to.pd
f, id=432, 2455.1725pt x 1313.90875pt>
File: Test4CD6ROEvMUSCLvWENO3vWENO5CFL1Nodes400RoeInternalEnergy-eps-converted-
to.pdf Graphic file (type pdf)
<use Test4CD6ROEvMUSCLvWENO3vWENO5CFL1Nodes400RoeInternalEnergy-eps-converted-t
o.pdf>
Package pdftex.def Info: Test4CD6ROEvMUSCLvWENO3vWENO5CFL1Nodes400RoeInternalEn
ergy-eps-converted-to.pdf  used on input line 505.
(pdftex.def)             Requested size: 345.0pt x 184.62762pt.
Package epstopdf Info: Source file: <Test4ROEvMUSCLvWENO3vWENO5CFL1Nodes500RoeD
ensity.eps>
(epstopdf)                    date: 2021-04-29 12:05:38
(epstopdf)                    size: 104176 bytes
(epstopdf)             Output file: <Test4ROEvMUSCLvWENO3vWENO5CFL1Nodes500RoeD
ensity-eps-converted-to.pdf>
(epstopdf)                    date: 2021-04-29 12:46:18
(epstopdf)                    size: 34762 bytes
(epstopdf)             Command: <repstopdf --outfile=Test4ROEvMUSCLvWENO3vWENO5
CFL1Nodes500RoeDensity-eps-converted-to.pdf Test4ROEvMUSCLvWENO3vWENO5CFL1Nodes
500RoeDensity.eps>
(epstopdf)             \includegraphics on input line 514.
Package epstopdf Info: Output file is already uptodate.
<Test4ROEvMUSCLvWENO3vWENO5CFL1Nodes500RoeDensity-eps-converted-to.pdf, id=433,
 2421.045pt x 1329.96875pt>
File: Test4ROEvMUSCLvWENO3vWENO5CFL1Nodes500RoeDensity-eps-converted-to.pdf Gra
phic file (type pdf)
<use Test4ROEvMUSCLvWENO3vWENO5CFL1Nodes500RoeDensity-eps-converted-to.pdf>
Package pdftex.def Info: Test4ROEvMUSCLvWENO3vWENO5CFL1Nodes500RoeDensity-eps-c
onverted-to.pdf  used on input line 514.
(pdftex.def)             Requested size: 345.0pt x 189.50221pt.
Package epstopdf Info: Source file: <Test4ROEvMUSCLvWENO3vWENO5CFL1Nodes500RoeV
elocity.eps>
(epstopdf)                    date: 2021-04-29 12:05:39
(epstopdf)                    size: 103075 bytes
(epstopdf)             Output file: <Test4ROEvMUSCLvWENO3vWENO5CFL1Nodes500RoeV
elocity-eps-converted-to.pdf>
(epstopdf)                    date: 2021-04-29 12:46:18
(epstopdf)                    size: 35644 bytes
(epstopdf)             Command: <repstopdf --outfile=Test4ROEvMUSCLvWENO3vWENO5
CFL1Nodes500RoeVelocity-eps-converted-to.pdf Test4ROEvMUSCLvWENO3vWENO5CFL1Node
s500RoeVelocity.eps>
(epstopdf)             \includegraphics on input line 520.
Package epstopdf Info: Output file is already uptodate.
<Test4ROEvMUSCLvWENO3vWENO5CFL1Nodes500RoeVelocity-eps-converted-to.pdf, id=434
, 2440.11626pt x 1329.96875pt>
File: Test4ROEvMUSCLvWENO3vWENO5CFL1Nodes500RoeVelocity-eps-converted-to.pdf Gr
aphic file (type pdf)
<use Test4ROEvMUSCLvWENO3vWENO5CFL1Nodes500RoeVelocity-eps-converted-to.pdf>
Package pdftex.def Info: Test4ROEvMUSCLvWENO3vWENO5CFL1Nodes500RoeVelocity-eps-
converted-to.pdf  used on input line 520.
(pdftex.def)             Requested size: 345.0pt x 188.04108pt.
Package epstopdf Info: Source file: <Test4ROEvMUSCLvWENO3vWENO5CFL1Nodes500RoeP
ressure.eps>
(epstopdf)                    date: 2021-04-29 12:05:40
(epstopdf)                    size: 104573 bytes
(epstopdf)             Output file: <Test4ROEvMUSCLvWENO3vWENO5CFL1Nodes500RoeP
ressure-eps-converted-to.pdf>
(epstopdf)                    date: 2021-04-29 12:46:18
(epstopdf)                    size: 34519 bytes
(epstopdf)             Command: <repstopdf --outfile=Test4ROEvMUSCLvWENO3vWENO5
CFL1Nodes500RoePressure-eps-converted-to.pdf Test4ROEvMUSCLvWENO3vWENO5CFL1Node
s500RoePressure.eps>
(epstopdf)             \includegraphics on input line 526.
Package epstopdf Info: Output file is already uptodate.
<Test4ROEvMUSCLvWENO3vWENO5CFL1Nodes500RoePressure-eps-converted-to.pdf, id=435
, 2491.3075pt x 1313.90875pt>
File: Test4ROEvMUSCLvWENO3vWENO5CFL1Nodes500RoePressure-eps-converted-to.pdf Gr
aphic file (type pdf)
<use Test4ROEvMUSCLvWENO3vWENO5CFL1Nodes500RoePressure-eps-converted-to.pdf>
Package pdftex.def Info: Test4ROEvMUSCLvWENO3vWENO5CFL1Nodes500RoePressure-eps-
converted-to.pdf  used on input line 526.
(pdftex.def)             Requested size: 345.0pt x 181.9411pt.
Package epstopdf Info: Source file: <Test4ROEvMUSCLvWENO3vWENO5CFL1Nodes500RoeI
nternalEnergy.eps>
(epstopdf)                    date: 2021-04-29 12:05:41
(epstopdf)                    size: 102567 bytes
(epstopdf)             Output file: <Test4ROEvMUSCLvWENO3vWENO5CFL1Nodes500RoeI
nternalEnergy-eps-converted-to.pdf>
(epstopdf)                    date: 2021-04-29 12:46:18
(epstopdf)                    size: 35385 bytes
(epstopdf)             Command: <repstopdf --outfile=Test4ROEvMUSCLvWENO3vWENO5
CFL1Nodes500RoeInternalEnergy-eps-converted-to.pdf Test4ROEvMUSCLvWENO3vWENO5CF
L1Nodes500RoeInternalEnergy.eps>
(epstopdf)             \includegraphics on input line 532.
Package epstopdf Info: Output file is already uptodate.
<Test4ROEvMUSCLvWENO3vWENO5CFL1Nodes500RoeInternalEnergy-eps-converted-to.pdf, 
id=436, 2455.1725pt x 1313.90875pt>
File: Test4ROEvMUSCLvWENO3vWENO5CFL1Nodes500RoeInternalEnergy-eps-converted-to.
pdf Graphic file (type pdf)
<use Test4ROEvMUSCLvWENO3vWENO5CFL1Nodes500RoeInternalEnergy-eps-converted-to.p
df>
Package pdftex.def Info: Test4ROEvMUSCLvWENO3vWENO5CFL1Nodes500RoeInternalEnerg
y-eps-converted-to.pdf  used on input line 532.
(pdftex.def)             Requested size: 345.0pt x 184.62762pt.
Package epstopdf Info: Source file: <Test4CD2ROEvMUSCLvWENO3vWENO5CFL1Nodes500R
oeDensity.eps>
(epstopdf)                    date: 2021-04-29 12:11:34
(epstopdf)                    size: 112323 bytes
(epstopdf)             Output file: <Test4CD2ROEvMUSCLvWENO3vWENO5CFL1Nodes500R
oeDensity-eps-converted-to.pdf>
(epstopdf)                    date: 2021-04-29 12:46:19
(epstopdf)                    size: 41492 bytes
(epstopdf)             Command: <repstopdf --outfile=Test4CD2ROEvMUSCLvWENO3vWE
NO5CFL1Nodes500RoeDensity-eps-converted-to.pdf Test4CD2ROEvMUSCLvWENO3vWENO5CFL
1Nodes500RoeDensity.eps>
(epstopdf)             \includegraphics on input line 537.
Package epstopdf Info: Output file is already uptodate.
<Test4CD2ROEvMUSCLvWENO3vWENO5CFL1Nodes500RoeDensity-eps-converted-to.pdf, id=4
37, 2421.045pt x 1329.96875pt>
File: Test4CD2ROEvMUSCLvWENO3vWENO5CFL1Nodes500RoeDensity-eps-converted-to.pdf 
Graphic file (type pdf)
<use Test4CD2ROEvMUSCLvWENO3vWENO5CFL1Nodes500RoeDensity-eps-converted-to.pdf>
Package pdftex.def Info: Test4CD2ROEvMUSCLvWENO3vWENO5CFL1Nodes500RoeDensity-ep
s-converted-to.pdf  used on input line 537.
(pdftex.def)             Requested size: 345.0pt x 189.50221pt.
Package epstopdf Info: Source file: <Test4CD2ROEvMUSCLvWENO3vWENO5CFL1Nodes500R
oeVelocity.eps>
(epstopdf)                    date: 2021-04-29 12:11:35
(epstopdf)                    size: 111250 bytes
(epstopdf)             Output file: <Test4CD2ROEvMUSCLvWENO3vWENO5CFL1Nodes500R
oeVelocity-eps-converted-to.pdf>
(epstopdf)                    date: 2021-04-29 12:46:19
(epstopdf)                    size: 42636 bytes
(epstopdf)             Command: <repstopdf --outfile=Test4CD2ROEvMUSCLvWENO3vWE
NO5CFL1Nodes500RoeVelocity-eps-converted-to.pdf Test4CD2ROEvMUSCLvWENO3vWENO5CF
L1Nodes500RoeVelocity.eps>
(epstopdf)             \includegraphics on input line 543.
Package epstopdf Info: Output file is already uptodate.
<Test4CD2ROEvMUSCLvWENO3vWENO5CFL1Nodes500RoeVelocity-eps-converted-to.pdf, id=
438, 2440.11626pt x 1329.96875pt>
File: Test4CD2ROEvMUSCLvWENO3vWENO5CFL1Nodes500RoeVelocity-eps-converted-to.pdf
 Graphic file (type pdf)
<use Test4CD2ROEvMUSCLvWENO3vWENO5CFL1Nodes500RoeVelocity-eps-converted-to.pdf>

Package pdftex.def Info: Test4CD2ROEvMUSCLvWENO3vWENO5CFL1Nodes500RoeVelocity-e
ps-converted-to.pdf  used on input line 543.
(pdftex.def)             Requested size: 345.0pt x 188.04108pt.
Package epstopdf Info: Source file: <Test4CD2ROEvMUSCLvWENO3vWENO5CFL1Nodes500R
oePressure.eps>
(epstopdf)                    date: 2021-04-29 12:11:36
(epstopdf)                    size: 113226 bytes
(epstopdf)             Output file: <Test4CD2ROEvMUSCLvWENO3vWENO5CFL1Nodes500R
oePressure-eps-converted-to.pdf>
(epstopdf)                    date: 2021-04-29 12:46:19
(epstopdf)                    size: 41290 bytes
(epstopdf)             Command: <repstopdf --outfile=Test4CD2ROEvMUSCLvWENO3vWE
NO5CFL1Nodes500RoePressure-eps-converted-to.pdf Test4CD2ROEvMUSCLvWENO3vWENO5CF
L1Nodes500RoePressure.eps>
(epstopdf)             \includegraphics on input line 549.
Package epstopdf Info: Output file is already uptodate.
<Test4CD2ROEvMUSCLvWENO3vWENO5CFL1Nodes500RoePressure-eps-converted-to.pdf, id=
439, 2491.3075pt x 1313.90875pt>
File: Test4CD2ROEvMUSCLvWENO3vWENO5CFL1Nodes500RoePressure-eps-converted-to.pdf
 Graphic file (type pdf)
<use Test4CD2ROEvMUSCLvWENO3vWENO5CFL1Nodes500RoePressure-eps-converted-to.pdf>

Package pdftex.def Info: Test4CD2ROEvMUSCLvWENO3vWENO5CFL1Nodes500RoePressure-e
ps-converted-to.pdf  used on input line 549.
(pdftex.def)             Requested size: 345.0pt x 181.9411pt.
Package epstopdf Info: Source file: <Test4CD2ROEvMUSCLvWENO3vWENO5CFL1Nodes500R
oeInternalEnergy.eps>
(epstopdf)                    date: 2021-04-29 12:11:36
(epstopdf)                    size: 111052 bytes
(epstopdf)             Output file: <Test4CD2ROEvMUSCLvWENO3vWENO5CFL1Nodes500R
oeInternalEnergy-eps-converted-to.pdf>
(epstopdf)                    date: 2021-04-29 12:46:20
(epstopdf)                    size: 42448 bytes
(epstopdf)             Command: <repstopdf --outfile=Test4CD2ROEvMUSCLvWENO3vWE
NO5CFL1Nodes500RoeInternalEnergy-eps-converted-to.pdf Test4CD2ROEvMUSCLvWENO3vW
ENO5CFL1Nodes500RoeInternalEnergy.eps>
(epstopdf)             \includegraphics on input line 555.
Package epstopdf Info: Output file is already uptodate.
<Test4CD2ROEvMUSCLvWENO3vWENO5CFL1Nodes500RoeInternalEnergy-eps-converted-to.pd
f, id=440, 2455.1725pt x 1329.96875pt>
File: Test4CD2ROEvMUSCLvWENO3vWENO5CFL1Nodes500RoeInternalEnergy-eps-converted-
to.pdf Graphic file (type pdf)
<use Test4CD2ROEvMUSCLvWENO3vWENO5CFL1Nodes500RoeInternalEnergy-eps-converted-t
o.pdf>
Package pdftex.def Info: Test4CD2ROEvMUSCLvWENO3vWENO5CFL1Nodes500RoeInternalEn
ergy-eps-converted-to.pdf  used on input line 555.
(pdftex.def)             Requested size: 345.0pt x 186.88434pt.
Package epstopdf Info: Source file: <Test4CD4ROEvMUSCLvWENO3vWENO5CFL1Nodes500R
oeDensity.eps>
(epstopdf)                    date: 2021-04-29 12:19:49
(epstopdf)                    size: 110926 bytes
(epstopdf)             Output file: <Test4CD4ROEvMUSCLvWENO3vWENO5CFL1Nodes500R
oeDensity-eps-converted-to.pdf>
(epstopdf)                    date: 2021-04-29 12:46:20
(epstopdf)                    size: 39909 bytes
(epstopdf)             Command: <repstopdf --outfile=Test4CD4ROEvMUSCLvWENO3vWE
NO5CFL1Nodes500RoeDensity-eps-converted-to.pdf Test4CD4ROEvMUSCLvWENO3vWENO5CFL
1Nodes500RoeDensity.eps>
(epstopdf)             \includegraphics on input line 560.
Package epstopdf Info: Output file is already uptodate.
<Test4CD4ROEvMUSCLvWENO3vWENO5CFL1Nodes500RoeDensity-eps-converted-to.pdf, id=4
41, 2421.045pt x 1329.96875pt>
File: Test4CD4ROEvMUSCLvWENO3vWENO5CFL1Nodes500RoeDensity-eps-converted-to.pdf 
Graphic file (type pdf)
<use Test4CD4ROEvMUSCLvWENO3vWENO5CFL1Nodes500RoeDensity-eps-converted-to.pdf>
Package pdftex.def Info: Test4CD4ROEvMUSCLvWENO3vWENO5CFL1Nodes500RoeDensity-ep
s-converted-to.pdf  used on input line 560.
(pdftex.def)             Requested size: 345.0pt x 189.50221pt.
Package epstopdf Info: Source file: <Test4CD4ROEvMUSCLvWENO3vWENO5CFL1Nodes500R
oeVelocity.eps>
(epstopdf)                    date: 2021-04-29 12:19:49
(epstopdf)                    size: 109878 bytes
(epstopdf)             Output file: <Test4CD4ROEvMUSCLvWENO3vWENO5CFL1Nodes500R
oeVelocity-eps-converted-to.pdf>
(epstopdf)                    date: 2021-04-29 12:46:20
(epstopdf)                    size: 40977 bytes
(epstopdf)             Command: <repstopdf --outfile=Test4CD4ROEvMUSCLvWENO3vWE
NO5CFL1Nodes500RoeVelocity-eps-converted-to.pdf Test4CD4ROEvMUSCLvWENO3vWENO5CF
L1Nodes500RoeVelocity.eps>
(epstopdf)             \includegraphics on input line 566.
Package epstopdf Info: Output file is already uptodate.
<Test4CD4ROEvMUSCLvWENO3vWENO5CFL1Nodes500RoeVelocity-eps-converted-to.pdf, id=
442, 2440.11626pt x 1329.96875pt>
File: Test4CD4ROEvMUSCLvWENO3vWENO5CFL1Nodes500RoeVelocity-eps-converted-to.pdf
 Graphic file (type pdf)
<use Test4CD4ROEvMUSCLvWENO3vWENO5CFL1Nodes500RoeVelocity-eps-converted-to.pdf>

Package pdftex.def Info: Test4CD4ROEvMUSCLvWENO3vWENO5CFL1Nodes500RoeVelocity-e
ps-converted-to.pdf  used on input line 566.
(pdftex.def)             Requested size: 345.0pt x 188.04108pt.
Package epstopdf Info: Source file: <Test4CD4ROEvMUSCLvWENO3vWENO5CFL1Nodes500R
oePressure.eps>
(epstopdf)                    date: 2021-04-29 12:19:50
(epstopdf)                    size: 111361 bytes
(epstopdf)             Output file: <Test4CD4ROEvMUSCLvWENO3vWENO5CFL1Nodes500R
oePressure-eps-converted-to.pdf>
(epstopdf)                    date: 2021-04-29 12:46:21
(epstopdf)                    size: 39669 bytes
(epstopdf)             Command: <repstopdf --outfile=Test4CD4ROEvMUSCLvWENO3vWE
NO5CFL1Nodes500RoePressure-eps-converted-to.pdf Test4CD4ROEvMUSCLvWENO3vWENO5CF
L1Nodes500RoePressure.eps>
(epstopdf)             \includegraphics on input line 572.
Package epstopdf Info: Output file is already uptodate.
<Test4CD4ROEvMUSCLvWENO3vWENO5CFL1Nodes500RoePressure-eps-converted-to.pdf, id=
443, 2491.3075pt x 1313.90875pt>
File: Test4CD4ROEvMUSCLvWENO3vWENO5CFL1Nodes500RoePressure-eps-converted-to.pdf
 Graphic file (type pdf)
<use Test4CD4ROEvMUSCLvWENO3vWENO5CFL1Nodes500RoePressure-eps-converted-to.pdf>

Package pdftex.def Info: Test4CD4ROEvMUSCLvWENO3vWENO5CFL1Nodes500RoePressure-e
ps-converted-to.pdf  used on input line 572.
(pdftex.def)             Requested size: 345.0pt x 181.9411pt.
Package epstopdf Info: Source file: <Test4CD4ROEvMUSCLvWENO3vWENO5CFL1Nodes500R
oeInternalEnergy.eps>
(epstopdf)                    date: 2021-04-29 12:19:51
(epstopdf)                    size: 109345 bytes
(epstopdf)             Output file: <Test4CD4ROEvMUSCLvWENO3vWENO5CFL1Nodes500R
oeInternalEnergy-eps-converted-to.pdf>
(epstopdf)                    date: 2021-04-29 12:46:21
(epstopdf)                    size: 40734 bytes
(epstopdf)             Command: <repstopdf --outfile=Test4CD4ROEvMUSCLvWENO3vWE
NO5CFL1Nodes500RoeInternalEnergy-eps-converted-to.pdf Test4CD4ROEvMUSCLvWENO3vW
ENO5CFL1Nodes500RoeInternalEnergy.eps>
(epstopdf)             \includegraphics on input line 578.
Package epstopdf Info: Output file is already uptodate.
<Test4CD4ROEvMUSCLvWENO3vWENO5CFL1Nodes500RoeInternalEnergy-eps-converted-to.pd
f, id=444, 2455.1725pt x 1313.90875pt>
File: Test4CD4ROEvMUSCLvWENO3vWENO5CFL1Nodes500RoeInternalEnergy-eps-converted-
to.pdf Graphic file (type pdf)
<use Test4CD4ROEvMUSCLvWENO3vWENO5CFL1Nodes500RoeInternalEnergy-eps-converted-t
o.pdf>
Package pdftex.def Info: Test4CD4ROEvMUSCLvWENO3vWENO5CFL1Nodes500RoeInternalEn
ergy-eps-converted-to.pdf  used on input line 578.
(pdftex.def)             Requested size: 345.0pt x 184.62762pt.
Package epstopdf Info: Source file: <Test4CD6ROEvMUSCLvWENO3vWENO5CFL1Nodes500R
oeDensity.eps>
(epstopdf)                    date: 2021-04-29 12:24:22
(epstopdf)                    size: 113306 bytes
(epstopdf)             Output file: <Test4CD6ROEvMUSCLvWENO3vWENO5CFL1Nodes500R
oeDensity-eps-converted-to.pdf>
(epstopdf)                    date: 2021-04-29 12:46:21
(epstopdf)                    size: 42779 bytes
(epstopdf)             Command: <repstopdf --outfile=Test4CD6ROEvMUSCLvWENO3vWE
NO5CFL1Nodes500RoeDensity-eps-converted-to.pdf Test4CD6ROEvMUSCLvWENO3vWENO5CFL
1Nodes500RoeDensity.eps>
(epstopdf)             \includegraphics on input line 583.
Package epstopdf Info: Output file is already uptodate.
<Test4CD6ROEvMUSCLvWENO3vWENO5CFL1Nodes500RoeDensity-eps-converted-to.pdf, id=4
45, 2421.045pt x 1329.96875pt>
File: Test4CD6ROEvMUSCLvWENO3vWENO5CFL1Nodes500RoeDensity-eps-converted-to.pdf 
Graphic file (type pdf)
<use Test4CD6ROEvMUSCLvWENO3vWENO5CFL1Nodes500RoeDensity-eps-converted-to.pdf>
Package pdftex.def Info: Test4CD6ROEvMUSCLvWENO3vWENO5CFL1Nodes500RoeDensity-ep
s-converted-to.pdf  used on input line 583.
(pdftex.def)             Requested size: 345.0pt x 189.50221pt.
Package epstopdf Info: Source file: <Test4CD6ROEvMUSCLvWENO3vWENO5CFL1Nodes500R
oeVelocity.eps>
(epstopdf)                    date: 2021-04-29 12:24:22
(epstopdf)                    size: 112232 bytes
(epstopdf)             Output file: <Test4CD6ROEvMUSCLvWENO3vWENO5CFL1Nodes500R
oeVelocity-eps-converted-to.pdf>
(epstopdf)                    date: 2021-04-29 12:46:21
(epstopdf)                    size: 43965 bytes
(epstopdf)             Command: <repstopdf --outfile=Test4CD6ROEvMUSCLvWENO3vWE
NO5CFL1Nodes500RoeVelocity-eps-converted-to.pdf Test4CD6ROEvMUSCLvWENO3vWENO5CF
L1Nodes500RoeVelocity.eps>
(epstopdf)             \includegraphics on input line 589.
Package epstopdf Info: Output file is already uptodate.
<Test4CD6ROEvMUSCLvWENO3vWENO5CFL1Nodes500RoeVelocity-eps-converted-to.pdf, id=
446, 2440.11626pt x 1329.96875pt>
File: Test4CD6ROEvMUSCLvWENO3vWENO5CFL1Nodes500RoeVelocity-eps-converted-to.pdf
 Graphic file (type pdf)
<use Test4CD6ROEvMUSCLvWENO3vWENO5CFL1Nodes500RoeVelocity-eps-converted-to.pdf>

Package pdftex.def Info: Test4CD6ROEvMUSCLvWENO3vWENO5CFL1Nodes500RoeVelocity-e
ps-converted-to.pdf  used on input line 589.
(pdftex.def)             Requested size: 345.0pt x 188.04108pt.
Package epstopdf Info: Source file: <Test4CD6ROEvMUSCLvWENO3vWENO5CFL1Nodes500R
oePressure.eps>
(epstopdf)                    date: 2021-04-29 12:24:23
(epstopdf)                    size: 113731 bytes
(epstopdf)             Output file: <Test4CD6ROEvMUSCLvWENO3vWENO5CFL1Nodes500R
oePressure-eps-converted-to.pdf>
(epstopdf)                    date: 2021-04-29 12:46:22
(epstopdf)                    size: 42519 bytes
(epstopdf)             Command: <repstopdf --outfile=Test4CD6ROEvMUSCLvWENO3vWE
NO5CFL1Nodes500RoePressure-eps-converted-to.pdf Test4CD6ROEvMUSCLvWENO3vWENO5CF
L1Nodes500RoePressure.eps>
(epstopdf)             \includegraphics on input line 595.
Package epstopdf Info: Output file is already uptodate.
<Test4CD6ROEvMUSCLvWENO3vWENO5CFL1Nodes500RoePressure-eps-converted-to.pdf, id=
447, 2491.3075pt x 1313.90875pt>
File: Test4CD6ROEvMUSCLvWENO3vWENO5CFL1Nodes500RoePressure-eps-converted-to.pdf
 Graphic file (type pdf)
<use Test4CD6ROEvMUSCLvWENO3vWENO5CFL1Nodes500RoePressure-eps-converted-to.pdf>

Package pdftex.def Info: Test4CD6ROEvMUSCLvWENO3vWENO5CFL1Nodes500RoePressure-e
ps-converted-to.pdf  used on input line 595.
(pdftex.def)             Requested size: 345.0pt x 181.9411pt.
Package epstopdf Info: Source file: <Test4CD6ROEvMUSCLvWENO3vWENO5CFL1Nodes500R
oeInternalEnergy.eps>
(epstopdf)                    date: 2021-04-29 12:24:24
(epstopdf)                    size: 111728 bytes
(epstopdf)             Output file: <Test4CD6ROEvMUSCLvWENO3vWENO5CFL1Nodes500R
oeInternalEnergy-eps-converted-to.pdf>
(epstopdf)                    date: 2021-04-29 12:46:22
(epstopdf)                    size: 43698 bytes
(epstopdf)             Command: <repstopdf --outfile=Test4CD6ROEvMUSCLvWENO3vWE
NO5CFL1Nodes500RoeInternalEnergy-eps-converted-to.pdf Test4CD6ROEvMUSCLvWENO3vW
ENO5CFL1Nodes500RoeInternalEnergy.eps>
(epstopdf)             \includegraphics on input line 601.
Package epstopdf Info: Output file is already uptodate.
<Test4CD6ROEvMUSCLvWENO3vWENO5CFL1Nodes500RoeInternalEnergy-eps-converted-to.pd
f, id=448, 2455.1725pt x 1313.90875pt>
File: Test4CD6ROEvMUSCLvWENO3vWENO5CFL1Nodes500RoeInternalEnergy-eps-converted-
to.pdf Graphic file (type pdf)
<use Test4CD6ROEvMUSCLvWENO3vWENO5CFL1Nodes500RoeInternalEnergy-eps-converted-t
o.pdf>
Package pdftex.def Info: Test4CD6ROEvMUSCLvWENO3vWENO5CFL1Nodes500RoeInternalEn
ergy-eps-converted-to.pdf  used on input line 601.
(pdftex.def)             Requested size: 345.0pt x 184.62762pt.
Package epstopdf Info: Source file: <Test4ROEvMUSCLvWENO3vWENO5CFL1Nodes600RoeD
ensity.eps>
(epstopdf)                    date: 2021-04-29 12:06:28
(epstopdf)                    size: 112041 bytes
(epstopdf)             Output file: <Test4ROEvMUSCLvWENO3vWENO5CFL1Nodes600RoeD
ensity-eps-converted-to.pdf>
(epstopdf)                    date: 2021-04-29 12:46:22
(epstopdf)                    size: 35952 bytes
(epstopdf)             Command: <repstopdf --outfile=Test4ROEvMUSCLvWENO3vWENO5
CFL1Nodes600RoeDensity-eps-converted-to.pdf Test4ROEvMUSCLvWENO3vWENO5CFL1Nodes
600RoeDensity.eps>
(epstopdf)             \includegraphics on input line 611.
Package epstopdf Info: Output file is already uptodate.
<Test4ROEvMUSCLvWENO3vWENO5CFL1Nodes600RoeDensity-eps-converted-to.pdf, id=449,
 2421.045pt x 1329.96875pt>
File: Test4ROEvMUSCLvWENO3vWENO5CFL1Nodes600RoeDensity-eps-converted-to.pdf Gra
phic file (type pdf)
<use Test4ROEvMUSCLvWENO3vWENO5CFL1Nodes600RoeDensity-eps-converted-to.pdf>
Package pdftex.def Info: Test4ROEvMUSCLvWENO3vWENO5CFL1Nodes600RoeDensity-eps-c
onverted-to.pdf  used on input line 611.
(pdftex.def)             Requested size: 345.0pt x 189.50221pt.
Package epstopdf Info: Source file: <Test4ROEvMUSCLvWENO3vWENO5CFL1Nodes600RoeV
elocity.eps>
(epstopdf)                    date: 2021-04-29 12:06:29
(epstopdf)                    size: 110644 bytes
(epstopdf)             Output file: <Test4ROEvMUSCLvWENO3vWENO5CFL1Nodes600RoeV
elocity-eps-converted-to.pdf>
(epstopdf)                    date: 2021-04-29 12:46:23
(epstopdf)                    size: 36774 bytes
(epstopdf)             Command: <repstopdf --outfile=Test4ROEvMUSCLvWENO3vWENO5
CFL1Nodes600RoeVelocity-eps-converted-to.pdf Test4ROEvMUSCLvWENO3vWENO5CFL1Node
s600RoeVelocity.eps>
(epstopdf)             \includegraphics on input line 617.
Package epstopdf Info: Output file is already uptodate.
<Test4ROEvMUSCLvWENO3vWENO5CFL1Nodes600RoeVelocity-eps-converted-to.pdf, id=450
, 2440.11626pt x 1329.96875pt>
File: Test4ROEvMUSCLvWENO3vWENO5CFL1Nodes600RoeVelocity-eps-converted-to.pdf Gr
aphic file (type pdf)
<use Test4ROEvMUSCLvWENO3vWENO5CFL1Nodes600RoeVelocity-eps-converted-to.pdf>
Package pdftex.def Info: Test4ROEvMUSCLvWENO3vWENO5CFL1Nodes600RoeVelocity-eps-
converted-to.pdf  used on input line 617.
(pdftex.def)             Requested size: 345.0pt x 188.04108pt.
Package epstopdf Info: Source file: <Test4ROEvMUSCLvWENO3vWENO5CFL1Nodes600RoeP
ressure.eps>
(epstopdf)                    date: 2021-04-29 12:06:30
(epstopdf)                    size: 112364 bytes
(epstopdf)             Output file: <Test4ROEvMUSCLvWENO3vWENO5CFL1Nodes600RoeP
ressure-eps-converted-to.pdf>
(epstopdf)                    date: 2021-04-29 12:46:23
(epstopdf)                    size: 35523 bytes
(epstopdf)             Command: <repstopdf --outfile=Test4ROEvMUSCLvWENO3vWENO5
CFL1Nodes600RoePressure-eps-converted-to.pdf Test4ROEvMUSCLvWENO3vWENO5CFL1Node
s600RoePressure.eps>
(epstopdf)             \includegraphics on input line 623.
Package epstopdf Info: Output file is already uptodate.
<Test4ROEvMUSCLvWENO3vWENO5CFL1Nodes600RoePressure-eps-converted-to.pdf, id=451
, 2491.3075pt x 1313.90875pt>
File: Test4ROEvMUSCLvWENO3vWENO5CFL1Nodes600RoePressure-eps-converted-to.pdf Gr
aphic file (type pdf)
<use Test4ROEvMUSCLvWENO3vWENO5CFL1Nodes600RoePressure-eps-converted-to.pdf>
Package pdftex.def Info: Test4ROEvMUSCLvWENO3vWENO5CFL1Nodes600RoePressure-eps-
converted-to.pdf  used on input line 623.
(pdftex.def)             Requested size: 345.0pt x 181.9411pt.
Package epstopdf Info: Source file: <Test4ROEvMUSCLvWENO3vWENO5CFL1Nodes600RoeI
nternalEnergy.eps>
(epstopdf)                    date: 2021-04-29 12:06:30
(epstopdf)                    size: 110173 bytes
(epstopdf)             Output file: <Test4ROEvMUSCLvWENO3vWENO5CFL1Nodes600RoeI
nternalEnergy-eps-converted-to.pdf>
(epstopdf)                    date: 2021-04-29 12:46:24
(epstopdf)                    size: 36508 bytes
(epstopdf)             Command: <repstopdf --outfile=Test4ROEvMUSCLvWENO3vWENO5
CFL1Nodes600RoeInternalEnergy-eps-converted-to.pdf Test4ROEvMUSCLvWENO3vWENO5CF
L1Nodes600RoeInternalEnergy.eps>
(epstopdf)             \includegraphics on input line 629.
Package epstopdf Info: Output file is already uptodate.
<Test4ROEvMUSCLvWENO3vWENO5CFL1Nodes600RoeInternalEnergy-eps-converted-to.pdf, 
id=452, 2455.1725pt x 1313.90875pt>
File: Test4ROEvMUSCLvWENO3vWENO5CFL1Nodes600RoeInternalEnergy-eps-converted-to.
pdf Graphic file (type pdf)
<use Test4ROEvMUSCLvWENO3vWENO5CFL1Nodes600RoeInternalEnergy-eps-converted-to.p
df>
Package pdftex.def Info: Test4ROEvMUSCLvWENO3vWENO5CFL1Nodes600RoeInternalEnerg
y-eps-converted-to.pdf  used on input line 629.
(pdftex.def)             Requested size: 345.0pt x 184.62762pt.
Package epstopdf Info: Source file: <Test4CD2ROEvMUSCLvWENO3vWENO5CFL1Nodes600R
oeDensity.eps>
(epstopdf)                    date: 2021-04-29 12:12:26
(epstopdf)                    size: 120192 bytes
(epstopdf)             Output file: <Test4CD2ROEvMUSCLvWENO3vWENO5CFL1Nodes600R
oeDensity-eps-converted-to.pdf>
(epstopdf)                    date: 2021-04-29 12:46:24
(epstopdf)                    size: 42615 bytes
(epstopdf)             Command: <repstopdf --outfile=Test4CD2ROEvMUSCLvWENO3vWE
NO5CFL1Nodes600RoeDensity-eps-converted-to.pdf Test4CD2ROEvMUSCLvWENO3vWENO5CFL
1Nodes600RoeDensity.eps>
(epstopdf)             \includegraphics on input line 634.
Package epstopdf Info: Output file is already uptodate.
<Test4CD2ROEvMUSCLvWENO3vWENO5CFL1Nodes600RoeDensity-eps-converted-to.pdf, id=4
53, 2421.045pt x 1329.96875pt>
File: Test4CD2ROEvMUSCLvWENO3vWENO5CFL1Nodes600RoeDensity-eps-converted-to.pdf 
Graphic file (type pdf)
<use Test4CD2ROEvMUSCLvWENO3vWENO5CFL1Nodes600RoeDensity-eps-converted-to.pdf>
Package pdftex.def Info: Test4CD2ROEvMUSCLvWENO3vWENO5CFL1Nodes600RoeDensity-ep
s-converted-to.pdf  used on input line 634.
(pdftex.def)             Requested size: 345.0pt x 189.50221pt.
Package epstopdf Info: Source file: <Test4CD2ROEvMUSCLvWENO3vWENO5CFL1Nodes600R
oeVelocity.eps>
(epstopdf)                    date: 2021-04-29 12:12:26
(epstopdf)                    size: 118808 bytes
(epstopdf)             Output file: <Test4CD2ROEvMUSCLvWENO3vWENO5CFL1Nodes600R
oeVelocity-eps-converted-to.pdf>
(epstopdf)                    date: 2021-04-29 12:46:24
(epstopdf)                    size: 43697 bytes
(epstopdf)             Command: <repstopdf --outfile=Test4CD2ROEvMUSCLvWENO3vWE
NO5CFL1Nodes600RoeVelocity-eps-converted-to.pdf Test4CD2ROEvMUSCLvWENO3vWENO5CF
L1Nodes600RoeVelocity.eps>
(epstopdf)             \includegraphics on input line 640.
Package epstopdf Info: Output file is already uptodate.
<Test4CD2ROEvMUSCLvWENO3vWENO5CFL1Nodes600RoeVelocity-eps-converted-to.pdf, id=
454, 2440.11626pt x 1329.96875pt>
File: Test4CD2ROEvMUSCLvWENO3vWENO5CFL1Nodes600RoeVelocity-eps-converted-to.pdf
 Graphic file (type pdf)
<use Test4CD2ROEvMUSCLvWENO3vWENO5CFL1Nodes600RoeVelocity-eps-converted-to.pdf>

Package pdftex.def Info: Test4CD2ROEvMUSCLvWENO3vWENO5CFL1Nodes600RoeVelocity-e
ps-converted-to.pdf  used on input line 640.
(pdftex.def)             Requested size: 345.0pt x 188.04108pt.
Package epstopdf Info: Source file: <Test4CD2ROEvMUSCLvWENO3vWENO5CFL1Nodes600R
oePressure.eps>
(epstopdf)                    date: 2021-04-29 12:12:27
(epstopdf)                    size: 120951 bytes
(epstopdf)             Output file: <Test4CD2ROEvMUSCLvWENO3vWENO5CFL1Nodes600R
oePressure-eps-converted-to.pdf>
(epstopdf)                    date: 2021-04-29 12:46:25
(epstopdf)                    size: 42330 bytes
(epstopdf)             Command: <repstopdf --outfile=Test4CD2ROEvMUSCLvWENO3vWE
NO5CFL1Nodes600RoePressure-eps-converted-to.pdf Test4CD2ROEvMUSCLvWENO3vWENO5CF
L1Nodes600RoePressure.eps>
(epstopdf)             \includegraphics on input line 646.
Package epstopdf Info: Output file is already uptodate.
<Test4CD2ROEvMUSCLvWENO3vWENO5CFL1Nodes600RoePressure-eps-converted-to.pdf, id=
455, 2491.3075pt x 1313.90875pt>
File: Test4CD2ROEvMUSCLvWENO3vWENO5CFL1Nodes600RoePressure-eps-converted-to.pdf
 Graphic file (type pdf)
<use Test4CD2ROEvMUSCLvWENO3vWENO5CFL1Nodes600RoePressure-eps-converted-to.pdf>

Package pdftex.def Info: Test4CD2ROEvMUSCLvWENO3vWENO5CFL1Nodes600RoePressure-e
ps-converted-to.pdf  used on input line 646.
(pdftex.def)             Requested size: 345.0pt x 181.9411pt.
Package epstopdf Info: Source file: <Test4CD2ROEvMUSCLvWENO3vWENO5CFL1Nodes600R
oeInternalEnergy.eps>
(epstopdf)                    date: 2021-04-29 12:12:29
(epstopdf)                    size: 118615 bytes
(epstopdf)             Output file: <Test4CD2ROEvMUSCLvWENO3vWENO5CFL1Nodes600R
oeInternalEnergy-eps-converted-to.pdf>
(epstopdf)                    date: 2021-04-29 12:46:25
(epstopdf)                    size: 43530 bytes
(epstopdf)             Command: <repstopdf --outfile=Test4CD2ROEvMUSCLvWENO3vWE
NO5CFL1Nodes600RoeInternalEnergy-eps-converted-to.pdf Test4CD2ROEvMUSCLvWENO3vW
ENO5CFL1Nodes600RoeInternalEnergy.eps>
(epstopdf)             \includegraphics on input line 652.
Package epstopdf Info: Output file is already uptodate.
<Test4CD2ROEvMUSCLvWENO3vWENO5CFL1Nodes600RoeInternalEnergy-eps-converted-to.pd
f, id=456, 2455.1725pt x 1329.96875pt>
File: Test4CD2ROEvMUSCLvWENO3vWENO5CFL1Nodes600RoeInternalEnergy-eps-converted-
to.pdf Graphic file (type pdf)
<use Test4CD2ROEvMUSCLvWENO3vWENO5CFL1Nodes600RoeInternalEnergy-eps-converted-t
o.pdf>
Package pdftex.def Info: Test4CD2ROEvMUSCLvWENO3vWENO5CFL1Nodes600RoeInternalEn
ergy-eps-converted-to.pdf  used on input line 652.
(pdftex.def)             Requested size: 345.0pt x 186.88434pt.
 [28 <./Test4CD2ROEvMUSCLvWENO3vWENO5CFL1Nodes300RoeDensity-eps-converted-to.pd
f> <./Test4CD2ROEvMUSCLvWENO3vWENO5CFL1Nodes300RoeVelocity-eps-converted-to.pdf
>] [29 <./Test4CD2ROEvMUSCLvWENO3vWENO5CFL1Nodes300RoePressure-eps-converted-to
.pdf> <./Test4CD2ROEvMUSCLvWENO3vWENO5CFL1Nodes300RoeInternalEnergy-eps-convert
ed-to.pdf>] [30 <./Test4CD4ROEvMUSCLvWENO3vWENO5CFL1Nodes300RoeDensity-eps-conv
erted-to.pdf> <./Test4CD4ROEvMUSCLvWENO3vWENO5CFL1Nodes300RoeVelocity-eps-conve
rted-to.pdf>] [31 <./Test4CD4ROEvMUSCLvWENO3vWENO5CFL1Nodes300RoePressure-eps-c
onverted-to.pdf> <./Test4CD4ROEvMUSCLvWENO3vWENO5CFL1Nodes300RoeInternalEnergy-
eps-converted-to.pdf>]
[32 <./Test4CD6ROEvMUSCLvWENO3vWENO5CFL1Nodes300RoeDensity-eps-converted-to.pdf
> <./Test4CD6ROEvMUSCLvWENO3vWENO5CFL1Nodes300RoeVelocity-eps-converted-to.pdf>
] [33 <./Test4CD6ROEvMUSCLvWENO3vWENO5CFL1Nodes300RoePressure-eps-converted-to.
pdf> <./Test4CD6ROEvMUSCLvWENO3vWENO5CFL1Nodes300RoeInternalEnergy-eps-converte
d-to.pdf>] [34 <./Test4ROEvMUSCLvWENO3vWENO5CFL1Nodes400RoeDensity-eps-converte
d-to.pdf> <./Test4ROEvMUSCLvWENO3vWENO5CFL1Nodes400RoeVelocity-eps-converted-to
.pdf>] [35 <./Test4ROEvMUSCLvWENO3vWENO5CFL1Nodes400RoePressure-eps-converted-t
o.pdf> <./Test4ROEvMUSCLvWENO3vWENO5CFL1Nodes400RoeInternalEnergy-eps-converted
-to.pdf>] [36 <./Test4CD2ROEvMUSCLvWENO3vWENO5CFL1Nodes400RoeDensity-eps-conver
ted-to.pdf> <./Test4CD2ROEvMUSCLvWENO3vWENO5CFL1Nodes400RoeVelocity-eps-convert
ed-to.pdf>] [37 <./Test4CD2ROEvMUSCLvWENO3vWENO5CFL1Nodes400RoePressure-eps-con
verted-to.pdf> <./Test4CD2ROEvMUSCLvWENO3vWENO5CFL1Nodes400RoeInternalEnergy-ep
s-converted-to.pdf>] [38 <./Test4CD4ROEvMUSCLvWENO3vWENO5CFL1Nodes400RoeDensity
-eps-converted-to.pdf> <./Test4CD4ROEvMUSCLvWENO3vWENO5CFL1Nodes400RoeVelocity-
eps-converted-to.pdf>] [39 <./Test4CD4ROEvMUSCLvWENO3vWENO5CFL1Nodes400RoePress
ure-eps-converted-to.pdf> <./Test4CD4ROEvMUSCLvWENO3vWENO5CFL1Nodes400RoeIntern
alEnergy-eps-converted-to.pdf>] [40 <./Test4CD6ROEvMUSCLvWENO3vWENO5CFL1Nodes40
0RoeDensity-eps-converted-to.pdf> <./Test4CD6ROEvMUSCLvWENO3vWENO5CFL1Nodes400R
oeVelocity-eps-converted-to.pdf>] [41 <./Test4CD6ROEvMUSCLvWENO3vWENO5CFL1Nodes
400RoePressure-eps-converted-to.pdf> <./Test4CD6ROEvMUSCLvWENO3vWENO5CFL1Nodes4
00RoeInternalEnergy-eps-converted-to.pdf>] [42 <./Test4ROEvMUSCLvWENO3vWENO5CFL
1Nodes500RoeDensity-eps-converted-to.pdf> <./Test4ROEvMUSCLvWENO3vWENO5CFL1Node
s500RoeVelocity-eps-converted-to.pdf>] [43 <./Test4ROEvMUSCLvWENO3vWENO5CFL1Nod
es500RoePressure-eps-converted-to.pdf> <./Test4ROEvMUSCLvWENO3vWENO5CFL1Nodes50
0RoeInternalEnergy-eps-converted-to.pdf>] [44 <./Test4CD2ROEvMUSCLvWENO3vWENO5C
FL1Nodes500RoeDensity-eps-converted-to.pdf> <./Test4CD2ROEvMUSCLvWENO3vWENO5CFL
1Nodes500RoeVelocity-eps-converted-to.pdf>] [45 <./Test4CD2ROEvMUSCLvWENO3vWENO
5CFL1Nodes500RoePressure-eps-converted-to.pdf> <./Test4CD2ROEvMUSCLvWENO3vWENO5
CFL1Nodes500RoeInternalEnergy-eps-converted-to.pdf>] [46 <./Test4CD4ROEvMUSCLvW
ENO3vWENO5CFL1Nodes500RoeDensity-eps-converted-to.pdf> <./Test4CD4ROEvMUSCLvWEN
O3vWENO5CFL1Nodes500RoeVelocity-eps-converted-to.pdf>] [47 <./Test4CD4ROEvMUSCL
vWENO3vWENO5CFL1Nodes500RoePressure-eps-converted-to.pdf> <./Test4CD4ROEvMUSCLv
WENO3vWENO5CFL1Nodes500RoeInternalEnergy-eps-converted-to.pdf>] [48 <./Test4CD6
ROEvMUSCLvWENO3vWENO5CFL1Nodes500RoeDensity-eps-converted-to.pdf> <./Test4CD6RO
EvMUSCLvWENO3vWENO5CFL1Nodes500RoeVelocity-eps-converted-to.pdf>] [49 <./Test4C
D6ROEvMUSCLvWENO3vWENO5CFL1Nodes500RoePressure-eps-converted-to.pdf> <./Test4CD
6ROEvMUSCLvWENO3vWENO5CFL1Nodes500RoeInternalEnergy-eps-converted-to.pdf>]
[50 <./Test4ROEvMUSCLvWENO3vWENO5CFL1Nodes600RoeDensity-eps-converted-to.pdf> <
./Test4ROEvMUSCLvWENO3vWENO5CFL1Nodes600RoeVelocity-eps-converted-to.pdf>]
[51 <./Test4ROEvMUSCLvWENO3vWENO5CFL1Nodes600RoePressure-eps-converted-to.pdf> 
<./Test4ROEvMUSCLvWENO3vWENO5CFL1Nodes600RoeInternalEnergy-eps-converted-to.pdf
>] [52 <./Test4CD2ROEvMUSCLvWENO3vWENO5CFL1Nodes600RoeDensity-eps-converted-to.
pdf> <./Test4CD2ROEvMUSCLvWENO3vWENO5CFL1Nodes600RoeVelocity-eps-converted-to.p
df>] [53 <./Test4CD2ROEvMUSCLvWENO3vWENO5CFL1Nodes600RoePressure-eps-converted-
to.pdf> <./Test4CD2ROEvMUSCLvWENO3vWENO5CFL1Nodes600RoeInternalEnergy-eps-conve
rted-to.pdf>]
Package epstopdf Info: Source file: <Test4CD4ROEvMUSCLvWENO3vWENO5CFL1Nodes600R
oeDensity.eps>
(epstopdf)                    date: 2021-04-29 12:19:04
(epstopdf)                    size: 118775 bytes
(epstopdf)             Output file: <Test4CD4ROEvMUSCLvWENO3vWENO5CFL1Nodes600R
oeDensity-eps-converted-to.pdf>
(epstopdf)                    date: 2021-04-29 12:46:25
(epstopdf)                    size: 40985 bytes
(epstopdf)             Command: <repstopdf --outfile=Test4CD4ROEvMUSCLvWENO3vWE
NO5CFL1Nodes600RoeDensity-eps-converted-to.pdf Test4CD4ROEvMUSCLvWENO3vWENO5CFL
1Nodes600RoeDensity.eps>
(epstopdf)             \includegraphics on input line 658.
Package epstopdf Info: Output file is already uptodate.
<Test4CD4ROEvMUSCLvWENO3vWENO5CFL1Nodes600RoeDensity-eps-converted-to.pdf, id=8
02, 2421.045pt x 1329.96875pt>
File: Test4CD4ROEvMUSCLvWENO3vWENO5CFL1Nodes600RoeDensity-eps-converted-to.pdf 
Graphic file (type pdf)
<use Test4CD4ROEvMUSCLvWENO3vWENO5CFL1Nodes600RoeDensity-eps-converted-to.pdf>
Package pdftex.def Info: Test4CD4ROEvMUSCLvWENO3vWENO5CFL1Nodes600RoeDensity-ep
s-converted-to.pdf  used on input line 658.
(pdftex.def)             Requested size: 345.0pt x 189.50221pt.
Package epstopdf Info: Source file: <Test4CD4ROEvMUSCLvWENO3vWENO5CFL1Nodes600R
oeVelocity.eps>
(epstopdf)                    date: 2021-04-29 12:19:04
(epstopdf)                    size: 117443 bytes
(epstopdf)             Output file: <Test4CD4ROEvMUSCLvWENO3vWENO5CFL1Nodes600R
oeVelocity-eps-converted-to.pdf>
(epstopdf)                    date: 2021-04-29 12:46:26
(epstopdf)                    size: 42035 bytes
(epstopdf)             Command: <repstopdf --outfile=Test4CD4ROEvMUSCLvWENO3vWE
NO5CFL1Nodes600RoeVelocity-eps-converted-to.pdf Test4CD4ROEvMUSCLvWENO3vWENO5CF
L1Nodes600RoeVelocity.eps>
(epstopdf)             \includegraphics on input line 664.
Package epstopdf Info: Output file is already uptodate.
<Test4CD4ROEvMUSCLvWENO3vWENO5CFL1Nodes600RoeVelocity-eps-converted-to.pdf, id=
803, 2440.11626pt x 1329.96875pt>
File: Test4CD4ROEvMUSCLvWENO3vWENO5CFL1Nodes600RoeVelocity-eps-converted-to.pdf
 Graphic file (type pdf)
<use Test4CD4ROEvMUSCLvWENO3vWENO5CFL1Nodes600RoeVelocity-eps-converted-to.pdf>

Package pdftex.def Info: Test4CD4ROEvMUSCLvWENO3vWENO5CFL1Nodes600RoeVelocity-e
ps-converted-to.pdf  used on input line 664.
(pdftex.def)             Requested size: 345.0pt x 188.04108pt.
Package epstopdf Info: Source file: <Test4CD4ROEvMUSCLvWENO3vWENO5CFL1Nodes600R
oePressure.eps>
(epstopdf)                    date: 2021-04-29 12:19:05
(epstopdf)                    size: 119110 bytes
(epstopdf)             Output file: <Test4CD4ROEvMUSCLvWENO3vWENO5CFL1Nodes600R
oePressure-eps-converted-to.pdf>
(epstopdf)                    date: 2021-04-29 12:46:26
(epstopdf)                    size: 40701 bytes
(epstopdf)             Command: <repstopdf --outfile=Test4CD4ROEvMUSCLvWENO3vWE
NO5CFL1Nodes600RoePressure-eps-converted-to.pdf Test4CD4ROEvMUSCLvWENO3vWENO5CF
L1Nodes600RoePressure.eps>
(epstopdf)             \includegraphics on input line 670.
Package epstopdf Info: Output file is already uptodate.
<Test4CD4ROEvMUSCLvWENO3vWENO5CFL1Nodes600RoePressure-eps-converted-to.pdf, id=
804, 2491.3075pt x 1313.90875pt>
File: Test4CD4ROEvMUSCLvWENO3vWENO5CFL1Nodes600RoePressure-eps-converted-to.pdf
 Graphic file (type pdf)
<use Test4CD4ROEvMUSCLvWENO3vWENO5CFL1Nodes600RoePressure-eps-converted-to.pdf>

Package pdftex.def Info: Test4CD4ROEvMUSCLvWENO3vWENO5CFL1Nodes600RoePressure-e
ps-converted-to.pdf  used on input line 670.
(pdftex.def)             Requested size: 345.0pt x 181.9411pt.
Package epstopdf Info: Source file: <Test4CD4ROEvMUSCLvWENO3vWENO5CFL1Nodes600R
oeInternalEnergy.eps>
(epstopdf)                    date: 2021-04-29 12:19:06
(epstopdf)                    size: 116976 bytes
(epstopdf)             Output file: <Test4CD4ROEvMUSCLvWENO3vWENO5CFL1Nodes600R
oeInternalEnergy-eps-converted-to.pdf>
(epstopdf)                    date: 2021-04-29 12:46:26
(epstopdf)                    size: 41808 bytes
(epstopdf)             Command: <repstopdf --outfile=Test4CD4ROEvMUSCLvWENO3vWE
NO5CFL1Nodes600RoeInternalEnergy-eps-converted-to.pdf Test4CD4ROEvMUSCLvWENO3vW
ENO5CFL1Nodes600RoeInternalEnergy.eps>
(epstopdf)             \includegraphics on input line 676.
Package epstopdf Info: Output file is already uptodate.
<Test4CD4ROEvMUSCLvWENO3vWENO5CFL1Nodes600RoeInternalEnergy-eps-converted-to.pd
f, id=805, 2455.1725pt x 1313.90875pt>
File: Test4CD4ROEvMUSCLvWENO3vWENO5CFL1Nodes600RoeInternalEnergy-eps-converted-
to.pdf Graphic file (type pdf)
<use Test4CD4ROEvMUSCLvWENO3vWENO5CFL1Nodes600RoeInternalEnergy-eps-converted-t
o.pdf>
Package pdftex.def Info: Test4CD4ROEvMUSCLvWENO3vWENO5CFL1Nodes600RoeInternalEn
ergy-eps-converted-to.pdf  used on input line 676.
(pdftex.def)             Requested size: 345.0pt x 184.62762pt.
Package epstopdf Info: Source file: <Test4CD6ROEvMUSCLvWENO3vWENO5CFL1Nodes600R
oeDensity.eps>
(epstopdf)                    date: 2021-04-29 12:25:10
(epstopdf)                    size: 121172 bytes
(epstopdf)             Output file: <Test4CD6ROEvMUSCLvWENO3vWENO5CFL1Nodes600R
oeDensity-eps-converted-to.pdf>
(epstopdf)                    date: 2021-04-29 12:46:27
(epstopdf)                    size: 43849 bytes
(epstopdf)             Command: <repstopdf --outfile=Test4CD6ROEvMUSCLvWENO3vWE
NO5CFL1Nodes600RoeDensity-eps-converted-to.pdf Test4CD6ROEvMUSCLvWENO3vWENO5CFL
1Nodes600RoeDensity.eps>
(epstopdf)             \includegraphics on input line 681.
Package epstopdf Info: Output file is already uptodate.
<Test4CD6ROEvMUSCLvWENO3vWENO5CFL1Nodes600RoeDensity-eps-converted-to.pdf, id=8
06, 2421.045pt x 1329.96875pt>
File: Test4CD6ROEvMUSCLvWENO3vWENO5CFL1Nodes600RoeDensity-eps-converted-to.pdf 
Graphic file (type pdf)
<use Test4CD6ROEvMUSCLvWENO3vWENO5CFL1Nodes600RoeDensity-eps-converted-to.pdf>
Package pdftex.def Info: Test4CD6ROEvMUSCLvWENO3vWENO5CFL1Nodes600RoeDensity-ep
s-converted-to.pdf  used on input line 681.
(pdftex.def)             Requested size: 345.0pt x 189.50221pt.
Package epstopdf Info: Source file: <Test4CD6ROEvMUSCLvWENO3vWENO5CFL1Nodes600R
oeVelocity.eps>
(epstopdf)                    date: 2021-04-29 12:25:11
(epstopdf)                    size: 119801 bytes
(epstopdf)             Output file: <Test4CD6ROEvMUSCLvWENO3vWENO5CFL1Nodes600R
oeVelocity-eps-converted-to.pdf>
(epstopdf)                    date: 2021-04-29 12:46:27
(epstopdf)                    size: 45065 bytes
(epstopdf)             Command: <repstopdf --outfile=Test4CD6ROEvMUSCLvWENO3vWE
NO5CFL1Nodes600RoeVelocity-eps-converted-to.pdf Test4CD6ROEvMUSCLvWENO3vWENO5CF
L1Nodes600RoeVelocity.eps>
(epstopdf)             \includegraphics on input line 687.
Package epstopdf Info: Output file is already uptodate.
<Test4CD6ROEvMUSCLvWENO3vWENO5CFL1Nodes600RoeVelocity-eps-converted-to.pdf, id=
807, 2440.11626pt x 1329.96875pt>
File: Test4CD6ROEvMUSCLvWENO3vWENO5CFL1Nodes600RoeVelocity-eps-converted-to.pdf
 Graphic file (type pdf)
<use Test4CD6ROEvMUSCLvWENO3vWENO5CFL1Nodes600RoeVelocity-eps-converted-to.pdf>

Package pdftex.def Info: Test4CD6ROEvMUSCLvWENO3vWENO5CFL1Nodes600RoeVelocity-e
ps-converted-to.pdf  used on input line 687.
(pdftex.def)             Requested size: 345.0pt x 188.04108pt.
Package epstopdf Info: Source file: <Test4CD6ROEvMUSCLvWENO3vWENO5CFL1Nodes600R
oePressure.eps>
(epstopdf)                    date: 2021-04-29 12:25:12
(epstopdf)                    size: 121487 bytes
(epstopdf)             Output file: <Test4CD6ROEvMUSCLvWENO3vWENO5CFL1Nodes600R
oePressure-eps-converted-to.pdf>
(epstopdf)                    date: 2021-04-29 12:46:27
(epstopdf)                    size: 43505 bytes
(epstopdf)             Command: <repstopdf --outfile=Test4CD6ROEvMUSCLvWENO3vWE
NO5CFL1Nodes600RoePressure-eps-converted-to.pdf Test4CD6ROEvMUSCLvWENO3vWENO5CF
L1Nodes600RoePressure.eps>
(epstopdf)             \includegraphics on input line 693.
Package epstopdf Info: Output file is already uptodate.
<Test4CD6ROEvMUSCLvWENO3vWENO5CFL1Nodes600RoePressure-eps-converted-to.pdf, id=
808, 2491.3075pt x 1313.90875pt>
File: Test4CD6ROEvMUSCLvWENO3vWENO5CFL1Nodes600RoePressure-eps-converted-to.pdf
 Graphic file (type pdf)
<use Test4CD6ROEvMUSCLvWENO3vWENO5CFL1Nodes600RoePressure-eps-converted-to.pdf>

Package pdftex.def Info: Test4CD6ROEvMUSCLvWENO3vWENO5CFL1Nodes600RoePressure-e
ps-converted-to.pdf  used on input line 693.
(pdftex.def)             Requested size: 345.0pt x 181.9411pt.
Package epstopdf Info: Source file: <Test4CD6ROEvMUSCLvWENO3vWENO5CFL1Nodes600R
oeInternalEnergy.eps>
(epstopdf)                    date: 2021-04-29 12:25:13
(epstopdf)                    size: 119361 bytes
(epstopdf)             Output file: <Test4CD6ROEvMUSCLvWENO3vWENO5CFL1Nodes600R
oeInternalEnergy-eps-converted-to.pdf>
(epstopdf)                    date: 2021-04-29 12:46:27
(epstopdf)                    size: 44775 bytes
(epstopdf)             Command: <repstopdf --outfile=Test4CD6ROEvMUSCLvWENO3vWE
NO5CFL1Nodes600RoeInternalEnergy-eps-converted-to.pdf Test4CD6ROEvMUSCLvWENO3vW
ENO5CFL1Nodes600RoeInternalEnergy.eps>
(epstopdf)             \includegraphics on input line 699.
Package epstopdf Info: Output file is already uptodate.
<Test4CD6ROEvMUSCLvWENO3vWENO5CFL1Nodes600RoeInternalEnergy-eps-converted-to.pd
f, id=809, 2455.1725pt x 1313.90875pt>
File: Test4CD6ROEvMUSCLvWENO3vWENO5CFL1Nodes600RoeInternalEnergy-eps-converted-
to.pdf Graphic file (type pdf)
<use Test4CD6ROEvMUSCLvWENO3vWENO5CFL1Nodes600RoeInternalEnergy-eps-converted-t
o.pdf>
Package pdftex.def Info: Test4CD6ROEvMUSCLvWENO3vWENO5CFL1Nodes600RoeInternalEn
ergy-eps-converted-to.pdf  used on input line 699.
(pdftex.def)             Requested size: 345.0pt x 184.62762pt.
Package epstopdf Info: Source file: <Test4ROEvMUSCLvWENO3vWENO5CFL1Nodes700RoeD
ensity.eps>
(epstopdf)                    date: 2021-04-29 12:07:24
(epstopdf)                    size: 119838 bytes
(epstopdf)             Output file: <Test4ROEvMUSCLvWENO3vWENO5CFL1Nodes700RoeD
ensity-eps-converted-to.pdf>
(epstopdf)                    date: 2021-04-29 12:46:28
(epstopdf)                    size: 37069 bytes
(epstopdf)             Command: <repstopdf --outfile=Test4ROEvMUSCLvWENO3vWENO5
CFL1Nodes700RoeDensity-eps-converted-to.pdf Test4ROEvMUSCLvWENO3vWENO5CFL1Nodes
700RoeDensity.eps>
(epstopdf)             \includegraphics on input line 710.
Package epstopdf Info: Output file is already uptodate.
<Test4ROEvMUSCLvWENO3vWENO5CFL1Nodes700RoeDensity-eps-converted-to.pdf, id=810,
 2421.045pt x 1329.96875pt>
File: Test4ROEvMUSCLvWENO3vWENO5CFL1Nodes700RoeDensity-eps-converted-to.pdf Gra
phic file (type pdf)
<use Test4ROEvMUSCLvWENO3vWENO5CFL1Nodes700RoeDensity-eps-converted-to.pdf>
Package pdftex.def Info: Test4ROEvMUSCLvWENO3vWENO5CFL1Nodes700RoeDensity-eps-c
onverted-to.pdf  used on input line 710.
(pdftex.def)             Requested size: 345.0pt x 189.50221pt.
Package epstopdf Info: Source file: <Test4ROEvMUSCLvWENO3vWENO5CFL1Nodes700RoeV
elocity.eps>
(epstopdf)                    date: 2021-04-29 12:07:25
(epstopdf)                    size: 118159 bytes
(epstopdf)             Output file: <Test4ROEvMUSCLvWENO3vWENO5CFL1Nodes700RoeV
elocity-eps-converted-to.pdf>
(epstopdf)                    date: 2021-04-29 12:46:28
(epstopdf)                    size: 37865 bytes
(epstopdf)             Command: <repstopdf --outfile=Test4ROEvMUSCLvWENO3vWENO5
CFL1Nodes700RoeVelocity-eps-converted-to.pdf Test4ROEvMUSCLvWENO3vWENO5CFL1Node
s700RoeVelocity.eps>
(epstopdf)             \includegraphics on input line 716.
Package epstopdf Info: Output file is already uptodate.
<Test4ROEvMUSCLvWENO3vWENO5CFL1Nodes700RoeVelocity-eps-converted-to.pdf, id=811
, 2440.11626pt x 1329.96875pt>
File: Test4ROEvMUSCLvWENO3vWENO5CFL1Nodes700RoeVelocity-eps-converted-to.pdf Gr
aphic file (type pdf)
<use Test4ROEvMUSCLvWENO3vWENO5CFL1Nodes700RoeVelocity-eps-converted-to.pdf>
Package pdftex.def Info: Test4ROEvMUSCLvWENO3vWENO5CFL1Nodes700RoeVelocity-eps-
converted-to.pdf  used on input line 716.
(pdftex.def)             Requested size: 345.0pt x 188.04108pt.
Package epstopdf Info: Source file: <Test4ROEvMUSCLvWENO3vWENO5CFL1Nodes700RoeP
ressure.eps>
(epstopdf)                    date: 2021-04-29 12:07:26
(epstopdf)                    size: 120027 bytes
(epstopdf)             Output file: <Test4ROEvMUSCLvWENO3vWENO5CFL1Nodes700RoeP
ressure-eps-converted-to.pdf>
(epstopdf)                    date: 2021-04-29 12:46:28
(epstopdf)                    size: 36596 bytes
(epstopdf)             Command: <repstopdf --outfile=Test4ROEvMUSCLvWENO3vWENO5
CFL1Nodes700RoePressure-eps-converted-to.pdf Test4ROEvMUSCLvWENO3vWENO5CFL1Node
s700RoePressure.eps>
(epstopdf)             \includegraphics on input line 722.
Package epstopdf Info: Output file is already uptodate.
<Test4ROEvMUSCLvWENO3vWENO5CFL1Nodes700RoePressure-eps-converted-to.pdf, id=812
, 2491.3075pt x 1313.90875pt>
File: Test4ROEvMUSCLvWENO3vWENO5CFL1Nodes700RoePressure-eps-converted-to.pdf Gr
aphic file (type pdf)
<use Test4ROEvMUSCLvWENO3vWENO5CFL1Nodes700RoePressure-eps-converted-to.pdf>
Package pdftex.def Info: Test4ROEvMUSCLvWENO3vWENO5CFL1Nodes700RoePressure-eps-
converted-to.pdf  used on input line 722.
(pdftex.def)             Requested size: 345.0pt x 181.9411pt.
Package epstopdf Info: Source file: <Test4ROEvMUSCLvWENO3vWENO5CFL1Nodes700RoeI
nternalEnergy.eps>
(epstopdf)                    date: 2021-04-29 12:07:26
(epstopdf)                    size: 117750 bytes
(epstopdf)             Output file: <Test4ROEvMUSCLvWENO3vWENO5CFL1Nodes700RoeI
nternalEnergy-eps-converted-to.pdf>
(epstopdf)                    date: 2021-04-29 12:46:29
(epstopdf)                    size: 37618 bytes
(epstopdf)             Command: <repstopdf --outfile=Test4ROEvMUSCLvWENO3vWENO5
CFL1Nodes700RoeInternalEnergy-eps-converted-to.pdf Test4ROEvMUSCLvWENO3vWENO5CF
L1Nodes700RoeInternalEnergy.eps>
(epstopdf)             \includegraphics on input line 728.
Package epstopdf Info: Output file is already uptodate.
<Test4ROEvMUSCLvWENO3vWENO5CFL1Nodes700RoeInternalEnergy-eps-converted-to.pdf, 
id=813, 2455.1725pt x 1313.90875pt>
File: Test4ROEvMUSCLvWENO3vWENO5CFL1Nodes700RoeInternalEnergy-eps-converted-to.
pdf Graphic file (type pdf)
<use Test4ROEvMUSCLvWENO3vWENO5CFL1Nodes700RoeInternalEnergy-eps-converted-to.p
df>
Package pdftex.def Info: Test4ROEvMUSCLvWENO3vWENO5CFL1Nodes700RoeInternalEnerg
y-eps-converted-to.pdf  used on input line 728.
(pdftex.def)             Requested size: 345.0pt x 184.62762pt.
Package epstopdf Info: Source file: <Test4CD2ROEvMUSCLvWENO3vWENO5CFL1Nodes700R
oeDensity.eps>
(epstopdf)                    date: 2021-04-29 12:13:28
(epstopdf)                    size: 127974 bytes
(epstopdf)             Output file: <Test4CD2ROEvMUSCLvWENO3vWENO5CFL1Nodes700R
oeDensity-eps-converted-to.pdf>
(epstopdf)                    date: 2021-04-29 12:46:29
(epstopdf)                    size: 43820 bytes
(epstopdf)             Command: <repstopdf --outfile=Test4CD2ROEvMUSCLvWENO3vWE
NO5CFL1Nodes700RoeDensity-eps-converted-to.pdf Test4CD2ROEvMUSCLvWENO3vWENO5CFL
1Nodes700RoeDensity.eps>
(epstopdf)             \includegraphics on input line 733.
Package epstopdf Info: Output file is already uptodate.
<Test4CD2ROEvMUSCLvWENO3vWENO5CFL1Nodes700RoeDensity-eps-converted-to.pdf, id=8
14, 2421.045pt x 1329.96875pt>
File: Test4CD2ROEvMUSCLvWENO3vWENO5CFL1Nodes700RoeDensity-eps-converted-to.pdf 
Graphic file (type pdf)
<use Test4CD2ROEvMUSCLvWENO3vWENO5CFL1Nodes700RoeDensity-eps-converted-to.pdf>
Package pdftex.def Info: Test4CD2ROEvMUSCLvWENO3vWENO5CFL1Nodes700RoeDensity-ep
s-converted-to.pdf  used on input line 733.
(pdftex.def)             Requested size: 345.0pt x 189.50221pt.
Package epstopdf Info: Source file: <Test4CD2ROEvMUSCLvWENO3vWENO5CFL1Nodes700R
oeVelocity.eps>
(epstopdf)                    date: 2021-04-29 12:13:29
(epstopdf)                    size: 126336 bytes
(epstopdf)             Output file: <Test4CD2ROEvMUSCLvWENO3vWENO5CFL1Nodes700R
oeVelocity-eps-converted-to.pdf>
(epstopdf)                    date: 2021-04-29 12:46:29
(epstopdf)                    size: 44894 bytes
(epstopdf)             Command: <repstopdf --outfile=Test4CD2ROEvMUSCLvWENO3vWE
NO5CFL1Nodes700RoeVelocity-eps-converted-to.pdf Test4CD2ROEvMUSCLvWENO3vWENO5CF
L1Nodes700RoeVelocity.eps>
(epstopdf)             \includegraphics on input line 739.
Package epstopdf Info: Output file is already uptodate.
<Test4CD2ROEvMUSCLvWENO3vWENO5CFL1Nodes700RoeVelocity-eps-converted-to.pdf, id=
815, 2440.11626pt x 1329.96875pt>
File: Test4CD2ROEvMUSCLvWENO3vWENO5CFL1Nodes700RoeVelocity-eps-converted-to.pdf
 Graphic file (type pdf)
<use Test4CD2ROEvMUSCLvWENO3vWENO5CFL1Nodes700RoeVelocity-eps-converted-to.pdf>

Package pdftex.def Info: Test4CD2ROEvMUSCLvWENO3vWENO5CFL1Nodes700RoeVelocity-e
ps-converted-to.pdf  used on input line 739.
(pdftex.def)             Requested size: 345.0pt x 188.04108pt.
Package epstopdf Info: Source file: <Test4CD2ROEvMUSCLvWENO3vWENO5CFL1Nodes700R
oePressure.eps>
(epstopdf)                    date: 2021-04-29 12:13:30
(epstopdf)                    size: 128683 bytes
(epstopdf)             Output file: <Test4CD2ROEvMUSCLvWENO3vWENO5CFL1Nodes700R
oePressure-eps-converted-to.pdf>
(epstopdf)                    date: 2021-04-29 12:46:30
(epstopdf)                    size: 43330 bytes
(epstopdf)             Command: <repstopdf --outfile=Test4CD2ROEvMUSCLvWENO3vWE
NO5CFL1Nodes700RoePressure-eps-converted-to.pdf Test4CD2ROEvMUSCLvWENO3vWENO5CF
L1Nodes700RoePressure.eps>
(epstopdf)             \includegraphics on input line 745.
Package epstopdf Info: Output file is already uptodate.
<Test4CD2ROEvMUSCLvWENO3vWENO5CFL1Nodes700RoePressure-eps-converted-to.pdf, id=
816, 2491.3075pt x 1313.90875pt>
File: Test4CD2ROEvMUSCLvWENO3vWENO5CFL1Nodes700RoePressure-eps-converted-to.pdf
 Graphic file (type pdf)
<use Test4CD2ROEvMUSCLvWENO3vWENO5CFL1Nodes700RoePressure-eps-converted-to.pdf>

Package pdftex.def Info: Test4CD2ROEvMUSCLvWENO3vWENO5CFL1Nodes700RoePressure-e
ps-converted-to.pdf  used on input line 745.
(pdftex.def)             Requested size: 345.0pt x 181.9411pt.
Package epstopdf Info: Source file: <Test4CD2ROEvMUSCLvWENO3vWENO5CFL1Nodes700R
oeInternalEnergy.eps>
(epstopdf)                    date: 2021-04-29 12:13:31
(epstopdf)                    size: 126094 bytes
(epstopdf)             Output file: <Test4CD2ROEvMUSCLvWENO3vWENO5CFL1Nodes700R
oeInternalEnergy-eps-converted-to.pdf>
(epstopdf)                    date: 2021-04-29 12:46:30
(epstopdf)                    size: 44665 bytes
(epstopdf)             Command: <repstopdf --outfile=Test4CD2ROEvMUSCLvWENO3vWE
NO5CFL1Nodes700RoeInternalEnergy-eps-converted-to.pdf Test4CD2ROEvMUSCLvWENO3vW
ENO5CFL1Nodes700RoeInternalEnergy.eps>
(epstopdf)             \includegraphics on input line 751.
Package epstopdf Info: Output file is already uptodate.
<Test4CD2ROEvMUSCLvWENO3vWENO5CFL1Nodes700RoeInternalEnergy-eps-converted-to.pd
f, id=817, 2455.1725pt x 1329.96875pt>
File: Test4CD2ROEvMUSCLvWENO3vWENO5CFL1Nodes700RoeInternalEnergy-eps-converted-
to.pdf Graphic file (type pdf)
<use Test4CD2ROEvMUSCLvWENO3vWENO5CFL1Nodes700RoeInternalEnergy-eps-converted-t
o.pdf>
Package pdftex.def Info: Test4CD2ROEvMUSCLvWENO3vWENO5CFL1Nodes700RoeInternalEn
ergy-eps-converted-to.pdf  used on input line 751.
(pdftex.def)             Requested size: 345.0pt x 186.88434pt.
Package epstopdf Info: Source file: <Test4CD4ROEvMUSCLvWENO3vWENO5CFL1Nodes700R
oeDensity.eps>
(epstopdf)                    date: 2021-04-29 12:18:17
(epstopdf)                    size: 126581 bytes
(epstopdf)             Output file: <Test4CD4ROEvMUSCLvWENO3vWENO5CFL1Nodes700R
oeDensity-eps-converted-to.pdf>
(epstopdf)                    date: 2021-04-29 12:46:30
(epstopdf)                    size: 42064 bytes
(epstopdf)             Command: <repstopdf --outfile=Test4CD4ROEvMUSCLvWENO3vWE
NO5CFL1Nodes700RoeDensity-eps-converted-to.pdf Test4CD4ROEvMUSCLvWENO3vWENO5CFL
1Nodes700RoeDensity.eps>
(epstopdf)             \includegraphics on input line 756.
Package epstopdf Info: Output file is already uptodate.
<Test4CD4ROEvMUSCLvWENO3vWENO5CFL1Nodes700RoeDensity-eps-converted-to.pdf, id=8
18, 2421.045pt x 1329.96875pt>
File: Test4CD4ROEvMUSCLvWENO3vWENO5CFL1Nodes700RoeDensity-eps-converted-to.pdf 
Graphic file (type pdf)
<use Test4CD4ROEvMUSCLvWENO3vWENO5CFL1Nodes700RoeDensity-eps-converted-to.pdf>
Package pdftex.def Info: Test4CD4ROEvMUSCLvWENO3vWENO5CFL1Nodes700RoeDensity-ep
s-converted-to.pdf  used on input line 756.
(pdftex.def)             Requested size: 345.0pt x 189.50221pt.
Package epstopdf Info: Source file: <Test4CD4ROEvMUSCLvWENO3vWENO5CFL1Nodes700R
oeVelocity.eps>
(epstopdf)                    date: 2021-04-29 12:18:18
(epstopdf)                    size: 124958 bytes
(epstopdf)             Output file: <Test4CD4ROEvMUSCLvWENO3vWENO5CFL1Nodes700R
oeVelocity-eps-converted-to.pdf>
(epstopdf)                    date: 2021-04-29 12:46:31
(epstopdf)                    size: 43096 bytes
(epstopdf)             Command: <repstopdf --outfile=Test4CD4ROEvMUSCLvWENO3vWE
NO5CFL1Nodes700RoeVelocity-eps-converted-to.pdf Test4CD4ROEvMUSCLvWENO3vWENO5CF
L1Nodes700RoeVelocity.eps>
(epstopdf)             \includegraphics on input line 762.
Package epstopdf Info: Output file is already uptodate.
<Test4CD4ROEvMUSCLvWENO3vWENO5CFL1Nodes700RoeVelocity-eps-converted-to.pdf, id=
819, 2440.11626pt x 1329.96875pt>
File: Test4CD4ROEvMUSCLvWENO3vWENO5CFL1Nodes700RoeVelocity-eps-converted-to.pdf
 Graphic file (type pdf)
<use Test4CD4ROEvMUSCLvWENO3vWENO5CFL1Nodes700RoeVelocity-eps-converted-to.pdf>

Package pdftex.def Info: Test4CD4ROEvMUSCLvWENO3vWENO5CFL1Nodes700RoeVelocity-e
ps-converted-to.pdf  used on input line 762.
(pdftex.def)             Requested size: 345.0pt x 188.04108pt.
Package epstopdf Info: Source file: <Test4CD4ROEvMUSCLvWENO3vWENO5CFL1Nodes700R
oePressure.eps>
(epstopdf)                    date: 2021-04-29 12:18:19
(epstopdf)                    size: 126806 bytes
(epstopdf)             Output file: <Test4CD4ROEvMUSCLvWENO3vWENO5CFL1Nodes700R
oePressure-eps-converted-to.pdf>
(epstopdf)                    date: 2021-04-29 12:46:31
(epstopdf)                    size: 41703 bytes
(epstopdf)             Command: <repstopdf --outfile=Test4CD4ROEvMUSCLvWENO3vWE
NO5CFL1Nodes700RoePressure-eps-converted-to.pdf Test4CD4ROEvMUSCLvWENO3vWENO5CF
L1Nodes700RoePressure.eps>
(epstopdf)             \includegraphics on input line 768.
Package epstopdf Info: Output file is already uptodate.
<Test4CD4ROEvMUSCLvWENO3vWENO5CFL1Nodes700RoePressure-eps-converted-to.pdf, id=
820, 2491.3075pt x 1313.90875pt>
File: Test4CD4ROEvMUSCLvWENO3vWENO5CFL1Nodes700RoePressure-eps-converted-to.pdf
 Graphic file (type pdf)
<use Test4CD4ROEvMUSCLvWENO3vWENO5CFL1Nodes700RoePressure-eps-converted-to.pdf>

Package pdftex.def Info: Test4CD4ROEvMUSCLvWENO3vWENO5CFL1Nodes700RoePressure-e
ps-converted-to.pdf  used on input line 768.
(pdftex.def)             Requested size: 345.0pt x 181.9411pt.
Package epstopdf Info: Source file: <Test4CD4ROEvMUSCLvWENO3vWENO5CFL1Nodes700R
oeInternalEnergy.eps>
(epstopdf)                    date: 2021-04-29 12:18:20
(epstopdf)                    size: 124549 bytes
(epstopdf)             Output file: <Test4CD4ROEvMUSCLvWENO3vWENO5CFL1Nodes700R
oeInternalEnergy-eps-converted-to.pdf>
(epstopdf)                    date: 2021-04-29 12:46:31
(epstopdf)                    size: 42813 bytes
(epstopdf)             Command: <repstopdf --outfile=Test4CD4ROEvMUSCLvWENO3vWE
NO5CFL1Nodes700RoeInternalEnergy-eps-converted-to.pdf Test4CD4ROEvMUSCLvWENO3vW
ENO5CFL1Nodes700RoeInternalEnergy.eps>
(epstopdf)             \includegraphics on input line 774.
Package epstopdf Info: Output file is already uptodate.
<Test4CD4ROEvMUSCLvWENO3vWENO5CFL1Nodes700RoeInternalEnergy-eps-converted-to.pd
f, id=821, 2455.1725pt x 1313.90875pt>
File: Test4CD4ROEvMUSCLvWENO3vWENO5CFL1Nodes700RoeInternalEnergy-eps-converted-
to.pdf Graphic file (type pdf)
<use Test4CD4ROEvMUSCLvWENO3vWENO5CFL1Nodes700RoeInternalEnergy-eps-converted-t
o.pdf>
Package pdftex.def Info: Test4CD4ROEvMUSCLvWENO3vWENO5CFL1Nodes700RoeInternalEn
ergy-eps-converted-to.pdf  used on input line 774.
(pdftex.def)             Requested size: 345.0pt x 184.62762pt.
Package epstopdf Info: Source file: <Test4CD6ROEvMUSCLvWENO3vWENO5CFL1Nodes700R
oeDensity.eps>
(epstopdf)                    date: 2021-04-29 12:27:34
(epstopdf)                    size: 128977 bytes
(epstopdf)             Output file: <Test4CD6ROEvMUSCLvWENO3vWENO5CFL1Nodes700R
oeDensity-eps-converted-to.pdf>
(epstopdf)                    date: 2021-04-29 12:46:32
(epstopdf)                    size: 45012 bytes
(epstopdf)             Command: <repstopdf --outfile=Test4CD6ROEvMUSCLvWENO3vWE
NO5CFL1Nodes700RoeDensity-eps-converted-to.pdf Test4CD6ROEvMUSCLvWENO3vWENO5CFL
1Nodes700RoeDensity.eps>
(epstopdf)             \includegraphics on input line 779.
Package epstopdf Info: Output file is already uptodate.
<Test4CD6ROEvMUSCLvWENO3vWENO5CFL1Nodes700RoeDensity-eps-converted-to.pdf, id=8
22, 2421.045pt x 1329.96875pt>
File: Test4CD6ROEvMUSCLvWENO3vWENO5CFL1Nodes700RoeDensity-eps-converted-to.pdf 
Graphic file (type pdf)
<use Test4CD6ROEvMUSCLvWENO3vWENO5CFL1Nodes700RoeDensity-eps-converted-to.pdf>
Package pdftex.def Info: Test4CD6ROEvMUSCLvWENO3vWENO5CFL1Nodes700RoeDensity-ep
s-converted-to.pdf  used on input line 779.
(pdftex.def)             Requested size: 345.0pt x 189.50221pt.
Package epstopdf Info: Source file: <Test4CD6ROEvMUSCLvWENO3vWENO5CFL1Nodes700R
oeVelocity.eps>
(epstopdf)                    date: 2021-04-29 12:27:34
(epstopdf)                    size: 127314 bytes
(epstopdf)             Output file: <Test4CD6ROEvMUSCLvWENO3vWENO5CFL1Nodes700R
oeVelocity-eps-converted-to.pdf>
(epstopdf)                    date: 2021-04-29 12:46:32
(epstopdf)                    size: 46182 bytes
(epstopdf)             Command: <repstopdf --outfile=Test4CD6ROEvMUSCLvWENO3vWE
NO5CFL1Nodes700RoeVelocity-eps-converted-to.pdf Test4CD6ROEvMUSCLvWENO3vWENO5CF
L1Nodes700RoeVelocity.eps>
(epstopdf)             \includegraphics on input line 785.
Package epstopdf Info: Output file is already uptodate.
<Test4CD6ROEvMUSCLvWENO3vWENO5CFL1Nodes700RoeVelocity-eps-converted-to.pdf, id=
823, 2440.11626pt x 1329.96875pt>
File: Test4CD6ROEvMUSCLvWENO3vWENO5CFL1Nodes700RoeVelocity-eps-converted-to.pdf
 Graphic file (type pdf)
<use Test4CD6ROEvMUSCLvWENO3vWENO5CFL1Nodes700RoeVelocity-eps-converted-to.pdf>

Package pdftex.def Info: Test4CD6ROEvMUSCLvWENO3vWENO5CFL1Nodes700RoeVelocity-e
ps-converted-to.pdf  used on input line 785.
(pdftex.def)             Requested size: 345.0pt x 188.04108pt.
Package epstopdf Info: Source file: <Test4CD6ROEvMUSCLvWENO3vWENO5CFL1Nodes700R
oePressure.eps>
(epstopdf)                    date: 2021-04-29 12:27:35
(epstopdf)                    size: 129162 bytes
(epstopdf)             Output file: <Test4CD6ROEvMUSCLvWENO3vWENO5CFL1Nodes700R
oePressure-eps-converted-to.pdf>
(epstopdf)                    date: 2021-04-29 12:46:32
(epstopdf)                    size: 44566 bytes
(epstopdf)             Command: <repstopdf --outfile=Test4CD6ROEvMUSCLvWENO3vWE
NO5CFL1Nodes700RoePressure-eps-converted-to.pdf Test4CD6ROEvMUSCLvWENO3vWENO5CF
L1Nodes700RoePressure.eps>
(epstopdf)             \includegraphics on input line 791.
Package epstopdf Info: Output file is already uptodate.
<Test4CD6ROEvMUSCLvWENO3vWENO5CFL1Nodes700RoePressure-eps-converted-to.pdf, id=
824, 2491.3075pt x 1313.90875pt>
File: Test4CD6ROEvMUSCLvWENO3vWENO5CFL1Nodes700RoePressure-eps-converted-to.pdf
 Graphic file (type pdf)
<use Test4CD6ROEvMUSCLvWENO3vWENO5CFL1Nodes700RoePressure-eps-converted-to.pdf>

Package pdftex.def Info: Test4CD6ROEvMUSCLvWENO3vWENO5CFL1Nodes700RoePressure-e
ps-converted-to.pdf  used on input line 791.
(pdftex.def)             Requested size: 345.0pt x 181.9411pt.
Package epstopdf Info: Source file: <Test4CD6ROEvMUSCLvWENO3vWENO5CFL1Nodes700R
oeInternalEnergy.eps>
(epstopdf)                    date: 2021-04-29 12:27:37
(epstopdf)                    size: 126936 bytes
(epstopdf)             Output file: <Test4CD6ROEvMUSCLvWENO3vWENO5CFL1Nodes700R
oeInternalEnergy-eps-converted-to.pdf>
(epstopdf)                    date: 2021-04-29 12:46:32
(epstopdf)                    size: 45931 bytes
(epstopdf)             Command: <repstopdf --outfile=Test4CD6ROEvMUSCLvWENO3vWE
NO5CFL1Nodes700RoeInternalEnergy-eps-converted-to.pdf Test4CD6ROEvMUSCLvWENO3vW
ENO5CFL1Nodes700RoeInternalEnergy.eps>
(epstopdf)             \includegraphics on input line 797.
Package epstopdf Info: Output file is already uptodate.
<Test4CD6ROEvMUSCLvWENO3vWENO5CFL1Nodes700RoeInternalEnergy-eps-converted-to.pd
f, id=825, 2455.1725pt x 1313.90875pt>
File: Test4CD6ROEvMUSCLvWENO3vWENO5CFL1Nodes700RoeInternalEnergy-eps-converted-
to.pdf Graphic file (type pdf)
<use Test4CD6ROEvMUSCLvWENO3vWENO5CFL1Nodes700RoeInternalEnergy-eps-converted-t
o.pdf>
Package pdftex.def Info: Test4CD6ROEvMUSCLvWENO3vWENO5CFL1Nodes700RoeInternalEn
ergy-eps-converted-to.pdf  used on input line 797.
(pdftex.def)             Requested size: 345.0pt x 184.62762pt.
Package epstopdf Info: Source file: <Test4ROEvMUSCLvWENO3vWENO5CFL1Nodes800RoeD
ensity.eps>
(epstopdf)                    date: 2021-04-29 12:08:31
(epstopdf)                    size: 127629 bytes
(epstopdf)             Output file: <Test4ROEvMUSCLvWENO3vWENO5CFL1Nodes800RoeD
ensity-eps-converted-to.pdf>
(epstopdf)                    date: 2021-04-29 12:46:33
(epstopdf)                    size: 38385 bytes
(epstopdf)             Command: <repstopdf --outfile=Test4ROEvMUSCLvWENO3vWENO5
CFL1Nodes800RoeDensity-eps-converted-to.pdf Test4ROEvMUSCLvWENO3vWENO5CFL1Nodes
800RoeDensity.eps>
(epstopdf)             \includegraphics on input line 806.
Package epstopdf Info: Output file is already uptodate.
<Test4ROEvMUSCLvWENO3vWENO5CFL1Nodes800RoeDensity-eps-converted-to.pdf, id=826,
 2421.045pt x 1329.96875pt>
File: Test4ROEvMUSCLvWENO3vWENO5CFL1Nodes800RoeDensity-eps-converted-to.pdf Gra
phic file (type pdf)
<use Test4ROEvMUSCLvWENO3vWENO5CFL1Nodes800RoeDensity-eps-converted-to.pdf>
Package pdftex.def Info: Test4ROEvMUSCLvWENO3vWENO5CFL1Nodes800RoeDensity-eps-c
onverted-to.pdf  used on input line 806.
(pdftex.def)             Requested size: 345.0pt x 189.50221pt.
Package epstopdf Info: Source file: <Test4ROEvMUSCLvWENO3vWENO5CFL1Nodes800RoeV
elocity.eps>
(epstopdf)                    date: 2021-04-29 12:08:32
(epstopdf)                    size: 125678 bytes
(epstopdf)             Output file: <Test4ROEvMUSCLvWENO3vWENO5CFL1Nodes800RoeV
elocity-eps-converted-to.pdf>
(epstopdf)                    date: 2021-04-29 12:46:33
(epstopdf)                    size: 39163 bytes
(epstopdf)             Command: <repstopdf --outfile=Test4ROEvMUSCLvWENO3vWENO5
CFL1Nodes800RoeVelocity-eps-converted-to.pdf Test4ROEvMUSCLvWENO3vWENO5CFL1Node
s800RoeVelocity.eps>
(epstopdf)             \includegraphics on input line 812.
Package epstopdf Info: Output file is already uptodate.
<Test4ROEvMUSCLvWENO3vWENO5CFL1Nodes800RoeVelocity-eps-converted-to.pdf, id=827
, 2440.11626pt x 1329.96875pt>
File: Test4ROEvMUSCLvWENO3vWENO5CFL1Nodes800RoeVelocity-eps-converted-to.pdf Gr
aphic file (type pdf)
<use Test4ROEvMUSCLvWENO3vWENO5CFL1Nodes800RoeVelocity-eps-converted-to.pdf>
Package pdftex.def Info: Test4ROEvMUSCLvWENO3vWENO5CFL1Nodes800RoeVelocity-eps-
converted-to.pdf  used on input line 812.
(pdftex.def)             Requested size: 345.0pt x 188.04108pt.
Package epstopdf Info: Source file: <Test4ROEvMUSCLvWENO3vWENO5CFL1Nodes800RoeP
ressure.eps>
(epstopdf)                    date: 2021-04-29 12:08:33
(epstopdf)                    size: 127711 bytes
(epstopdf)             Output file: <Test4ROEvMUSCLvWENO3vWENO5CFL1Nodes800RoeP
ressure-eps-converted-to.pdf>
(epstopdf)                    date: 2021-04-29 12:46:33
(epstopdf)                    size: 37768 bytes
(epstopdf)             Command: <repstopdf --outfile=Test4ROEvMUSCLvWENO3vWENO5
CFL1Nodes800RoePressure-eps-converted-to.pdf Test4ROEvMUSCLvWENO3vWENO5CFL1Node
s800RoePressure.eps>
(epstopdf)             \includegraphics on input line 818.
Package epstopdf Info: Output file is already uptodate.
<Test4ROEvMUSCLvWENO3vWENO5CFL1Nodes800RoePressure-eps-converted-to.pdf, id=828
, 2491.3075pt x 1313.90875pt>
File: Test4ROEvMUSCLvWENO3vWENO5CFL1Nodes800RoePressure-eps-converted-to.pdf Gr
aphic file (type pdf)
<use Test4ROEvMUSCLvWENO3vWENO5CFL1Nodes800RoePressure-eps-converted-to.pdf>
Package pdftex.def Info: Test4ROEvMUSCLvWENO3vWENO5CFL1Nodes800RoePressure-eps-
converted-to.pdf  used on input line 818.
(pdftex.def)             Requested size: 345.0pt x 181.9411pt.
Package epstopdf Info: Source file: <Test4ROEvMUSCLvWENO3vWENO5CFL1Nodes800RoeI
nternalEnergy.eps>
(epstopdf)                    date: 2021-04-29 12:08:34
(epstopdf)                    size: 125305 bytes
(epstopdf)             Output file: <Test4ROEvMUSCLvWENO3vWENO5CFL1Nodes800RoeI
nternalEnergy-eps-converted-to.pdf>
(epstopdf)                    date: 2021-04-29 12:46:34
(epstopdf)                    size: 38880 bytes
(epstopdf)             Command: <repstopdf --outfile=Test4ROEvMUSCLvWENO3vWENO5
CFL1Nodes800RoeInternalEnergy-eps-converted-to.pdf Test4ROEvMUSCLvWENO3vWENO5CF
L1Nodes800RoeInternalEnergy.eps>
(epstopdf)             \includegraphics on input line 824.
Package epstopdf Info: Output file is already uptodate.
<Test4ROEvMUSCLvWENO3vWENO5CFL1Nodes800RoeInternalEnergy-eps-converted-to.pdf, 
id=829, 2455.1725pt x 1313.90875pt>
File: Test4ROEvMUSCLvWENO3vWENO5CFL1Nodes800RoeInternalEnergy-eps-converted-to.
pdf Graphic file (type pdf)
<use Test4ROEvMUSCLvWENO3vWENO5CFL1Nodes800RoeInternalEnergy-eps-converted-to.p
df>
Package pdftex.def Info: Test4ROEvMUSCLvWENO3vWENO5CFL1Nodes800RoeInternalEnerg
y-eps-converted-to.pdf  used on input line 824.
(pdftex.def)             Requested size: 345.0pt x 184.62762pt.
Package epstopdf Info: Source file: <Test4CD2ROEvMUSCLvWENO3vWENO5CFL1Nodes800R
oeDensity.eps>
(epstopdf)                    date: 2021-04-29 12:14:39
(epstopdf)                    size: 135753 bytes
(epstopdf)             Output file: <Test4CD2ROEvMUSCLvWENO3vWENO5CFL1Nodes800R
oeDensity-eps-converted-to.pdf>
(epstopdf)                    date: 2021-04-29 12:46:34
(epstopdf)                    size: 45102 bytes
(epstopdf)             Command: <repstopdf --outfile=Test4CD2ROEvMUSCLvWENO3vWE
NO5CFL1Nodes800RoeDensity-eps-converted-to.pdf Test4CD2ROEvMUSCLvWENO3vWENO5CFL
1Nodes800RoeDensity.eps>
(epstopdf)             \includegraphics on input line 829.
Package epstopdf Info: Output file is already uptodate.
<Test4CD2ROEvMUSCLvWENO3vWENO5CFL1Nodes800RoeDensity-eps-converted-to.pdf, id=8
30, 2421.045pt x 1329.96875pt>
File: Test4CD2ROEvMUSCLvWENO3vWENO5CFL1Nodes800RoeDensity-eps-converted-to.pdf 
Graphic file (type pdf)
<use Test4CD2ROEvMUSCLvWENO3vWENO5CFL1Nodes800RoeDensity-eps-converted-to.pdf>
Package pdftex.def Info: Test4CD2ROEvMUSCLvWENO3vWENO5CFL1Nodes800RoeDensity-ep
s-converted-to.pdf  used on input line 829.
(pdftex.def)             Requested size: 345.0pt x 189.50221pt.
Package epstopdf Info: Source file: <Test4CD2ROEvMUSCLvWENO3vWENO5CFL1Nodes800R
oeVelocity.eps>
(epstopdf)                    date: 2021-04-29 12:14:39
(epstopdf)                    size: 133847 bytes
(epstopdf)             Output file: <Test4CD2ROEvMUSCLvWENO3vWENO5CFL1Nodes800R
oeVelocity-eps-converted-to.pdf>
(epstopdf)                    date: 2021-04-29 12:46:34
(epstopdf)                    size: 46169 bytes
(epstopdf)             Command: <repstopdf --outfile=Test4CD2ROEvMUSCLvWENO3vWE
NO5CFL1Nodes800RoeVelocity-eps-converted-to.pdf Test4CD2ROEvMUSCLvWENO3vWENO5CF
L1Nodes800RoeVelocity.eps>
(epstopdf)             \includegraphics on input line 835.
Package epstopdf Info: Output file is already uptodate.
<Test4CD2ROEvMUSCLvWENO3vWENO5CFL1Nodes800RoeVelocity-eps-converted-to.pdf, id=
831, 2440.11626pt x 1329.96875pt>
File: Test4CD2ROEvMUSCLvWENO3vWENO5CFL1Nodes800RoeVelocity-eps-converted-to.pdf
 Graphic file (type pdf)
<use Test4CD2ROEvMUSCLvWENO3vWENO5CFL1Nodes800RoeVelocity-eps-converted-to.pdf>

Package pdftex.def Info: Test4CD2ROEvMUSCLvWENO3vWENO5CFL1Nodes800RoeVelocity-e
ps-converted-to.pdf  used on input line 835.
(pdftex.def)             Requested size: 345.0pt x 188.04108pt.
Package epstopdf Info: Source file: <Test4CD2ROEvMUSCLvWENO3vWENO5CFL1Nodes800R
oePressure.eps>
(epstopdf)                    date: 2021-04-29 12:14:40
(epstopdf)                    size: 136306 bytes
(epstopdf)             Output file: <Test4CD2ROEvMUSCLvWENO3vWENO5CFL1Nodes800R
oePressure-eps-converted-to.pdf>
(epstopdf)                    date: 2021-04-29 12:46:35
(epstopdf)                    size: 44581 bytes
(epstopdf)             Command: <repstopdf --outfile=Test4CD2ROEvMUSCLvWENO3vWE
NO5CFL1Nodes800RoePressure-eps-converted-to.pdf Test4CD2ROEvMUSCLvWENO3vWENO5CF
L1Nodes800RoePressure.eps>
(epstopdf)             \includegraphics on input line 841.
Package epstopdf Info: Output file is already uptodate.
<Test4CD2ROEvMUSCLvWENO3vWENO5CFL1Nodes800RoePressure-eps-converted-to.pdf, id=
832, 2491.3075pt x 1313.90875pt>
File: Test4CD2ROEvMUSCLvWENO3vWENO5CFL1Nodes800RoePressure-eps-converted-to.pdf
 Graphic file (type pdf)
<use Test4CD2ROEvMUSCLvWENO3vWENO5CFL1Nodes800RoePressure-eps-converted-to.pdf>

Package pdftex.def Info: Test4CD2ROEvMUSCLvWENO3vWENO5CFL1Nodes800RoePressure-e
ps-converted-to.pdf  used on input line 841.
(pdftex.def)             Requested size: 345.0pt x 181.9411pt.
Package epstopdf Info: Source file: <Test4CD2ROEvMUSCLvWENO3vWENO5CFL1Nodes800R
oeInternalEnergy.eps>
(epstopdf)                    date: 2021-04-29 12:14:41
(epstopdf)                    size: 133577 bytes
(epstopdf)             Output file: <Test4CD2ROEvMUSCLvWENO3vWENO5CFL1Nodes800R
oeInternalEnergy-eps-converted-to.pdf>
(epstopdf)                    date: 2021-04-29 12:46:35
(epstopdf)                    size: 45862 bytes
(epstopdf)             Command: <repstopdf --outfile=Test4CD2ROEvMUSCLvWENO3vWE
NO5CFL1Nodes800RoeInternalEnergy-eps-converted-to.pdf Test4CD2ROEvMUSCLvWENO3vW
ENO5CFL1Nodes800RoeInternalEnergy.eps>
(epstopdf)             \includegraphics on input line 847.
Package epstopdf Info: Output file is already uptodate.
<Test4CD2ROEvMUSCLvWENO3vWENO5CFL1Nodes800RoeInternalEnergy-eps-converted-to.pd
f, id=833, 2455.1725pt x 1329.96875pt>
File: Test4CD2ROEvMUSCLvWENO3vWENO5CFL1Nodes800RoeInternalEnergy-eps-converted-
to.pdf Graphic file (type pdf)
<use Test4CD2ROEvMUSCLvWENO3vWENO5CFL1Nodes800RoeInternalEnergy-eps-converted-t
o.pdf>
Package pdftex.def Info: Test4CD2ROEvMUSCLvWENO3vWENO5CFL1Nodes800RoeInternalEn
ergy-eps-converted-to.pdf  used on input line 847.
(pdftex.def)             Requested size: 345.0pt x 186.88434pt.
Package epstopdf Info: Source file: <Test4CD4ROEvMUSCLvWENO3vWENO5CFL1Nodes800R
oeDensity.eps>
(epstopdf)                    date: 2021-04-29 12:15:57
(epstopdf)                    size: 134420 bytes
(epstopdf)             Output file: <Test4CD4ROEvMUSCLvWENO3vWENO5CFL1Nodes800R
oeDensity-eps-converted-to.pdf>
(epstopdf)                    date: 2021-04-29 12:46:35
(epstopdf)                    size: 43453 bytes
(epstopdf)             Command: <repstopdf --outfile=Test4CD4ROEvMUSCLvWENO3vWE
NO5CFL1Nodes800RoeDensity-eps-converted-to.pdf Test4CD4ROEvMUSCLvWENO3vWENO5CFL
1Nodes800RoeDensity.eps>
(epstopdf)             \includegraphics on input line 852.
Package epstopdf Info: Output file is already uptodate.
<Test4CD4ROEvMUSCLvWENO3vWENO5CFL1Nodes800RoeDensity-eps-converted-to.pdf, id=8
34, 2421.045pt x 1329.96875pt>
File: Test4CD4ROEvMUSCLvWENO3vWENO5CFL1Nodes800RoeDensity-eps-converted-to.pdf 
Graphic file (type pdf)
<use Test4CD4ROEvMUSCLvWENO3vWENO5CFL1Nodes800RoeDensity-eps-converted-to.pdf>
Package pdftex.def Info: Test4CD4ROEvMUSCLvWENO3vWENO5CFL1Nodes800RoeDensity-ep
s-converted-to.pdf  used on input line 852.
(pdftex.def)             Requested size: 345.0pt x 189.50221pt.
Package epstopdf Info: Source file: <Test4CD4ROEvMUSCLvWENO3vWENO5CFL1Nodes800R
oeVelocity.eps>
(epstopdf)                    date: 2021-04-29 12:15:58
(epstopdf)                    size: 132457 bytes
(epstopdf)             Output file: <Test4CD4ROEvMUSCLvWENO3vWENO5CFL1Nodes800R
oeVelocity-eps-converted-to.pdf>
(epstopdf)                    date: 2021-04-29 12:46:36
(epstopdf)                    size: 44352 bytes
(epstopdf)             Command: <repstopdf --outfile=Test4CD4ROEvMUSCLvWENO3vWE
NO5CFL1Nodes800RoeVelocity-eps-converted-to.pdf Test4CD4ROEvMUSCLvWENO3vWENO5CF
L1Nodes800RoeVelocity.eps>
(epstopdf)             \includegraphics on input line 858.
Package epstopdf Info: Output file is already uptodate.
<Test4CD4ROEvMUSCLvWENO3vWENO5CFL1Nodes800RoeVelocity-eps-converted-to.pdf, id=
835, 2440.11626pt x 1329.96875pt>
File: Test4CD4ROEvMUSCLvWENO3vWENO5CFL1Nodes800RoeVelocity-eps-converted-to.pdf
 Graphic file (type pdf)
<use Test4CD4ROEvMUSCLvWENO3vWENO5CFL1Nodes800RoeVelocity-eps-converted-to.pdf>

Package pdftex.def Info: Test4CD4ROEvMUSCLvWENO3vWENO5CFL1Nodes800RoeVelocity-e
ps-converted-to.pdf  used on input line 858.
(pdftex.def)             Requested size: 345.0pt x 188.04108pt.
Package epstopdf Info: Source file: <Test4CD4ROEvMUSCLvWENO3vWENO5CFL1Nodes800R
oePressure.eps>
(epstopdf)                    date: 2021-04-29 12:15:59
(epstopdf)                    size: 134182 bytes
(epstopdf)             Output file: <Test4CD4ROEvMUSCLvWENO3vWENO5CFL1Nodes800R
oePressure-eps-converted-to.pdf>
(epstopdf)                    date: 2021-04-29 12:46:36
(epstopdf)                    size: 36761 bytes
(epstopdf)             Command: <repstopdf --outfile=Test4CD4ROEvMUSCLvWENO3vWE
NO5CFL1Nodes800RoePressure-eps-converted-to.pdf Test4CD4ROEvMUSCLvWENO3vWENO5CF
L1Nodes800RoePressure.eps>
(epstopdf)             \includegraphics on input line 864.
Package epstopdf Info: Output file is already uptodate.
<Test4CD4ROEvMUSCLvWENO3vWENO5CFL1Nodes800RoePressure-eps-converted-to.pdf, id=
836, 2491.3075pt x 1475.5125pt>
File: Test4CD4ROEvMUSCLvWENO3vWENO5CFL1Nodes800RoePressure-eps-converted-to.pdf
 Graphic file (type pdf)
<use Test4CD4ROEvMUSCLvWENO3vWENO5CFL1Nodes800RoePressure-eps-converted-to.pdf>

Package pdftex.def Info: Test4CD4ROEvMUSCLvWENO3vWENO5CFL1Nodes800RoePressure-e
ps-converted-to.pdf  used on input line 864.
(pdftex.def)             Requested size: 345.0pt x 204.3189pt.
Package epstopdf Info: Source file: <Test4CD4ROEvMUSCLvWENO3vWENO5CFL1Nodes800R
oeInternalEnergy.eps>
(epstopdf)                    date: 2021-04-29 12:16:00
(epstopdf)                    size: 132103 bytes
(epstopdf)             Output file: <Test4CD4ROEvMUSCLvWENO3vWENO5CFL1Nodes800R
oeInternalEnergy-eps-converted-to.pdf>
(epstopdf)                    date: 2021-04-29 12:46:36
(epstopdf)                    size: 44092 bytes
(epstopdf)             Command: <repstopdf --outfile=Test4CD4ROEvMUSCLvWENO3vWE
NO5CFL1Nodes800RoeInternalEnergy-eps-converted-to.pdf Test4CD4ROEvMUSCLvWENO3vW
ENO5CFL1Nodes800RoeInternalEnergy.eps>
(epstopdf)             \includegraphics on input line 870.
Package epstopdf Info: Output file is already uptodate.
<Test4CD4ROEvMUSCLvWENO3vWENO5CFL1Nodes800RoeInternalEnergy-eps-converted-to.pd
f, id=837, 2455.1725pt x 1313.90875pt>
File: Test4CD4ROEvMUSCLvWENO3vWENO5CFL1Nodes800RoeInternalEnergy-eps-converted-
to.pdf Graphic file (type pdf)
<use Test4CD4ROEvMUSCLvWENO3vWENO5CFL1Nodes800RoeInternalEnergy-eps-converted-t
o.pdf>
Package pdftex.def Info: Test4CD4ROEvMUSCLvWENO3vWENO5CFL1Nodes800RoeInternalEn
ergy-eps-converted-to.pdf  used on input line 870.
(pdftex.def)             Requested size: 345.0pt x 184.62762pt.
Package epstopdf Info: Source file: <Test4CD6ROEvMUSCLvWENO3vWENO5CFL1Nodes800R
oeDensity.eps>
(epstopdf)                    date: 2021-04-29 12:28:41
(epstopdf)                    size: 136774 bytes
(epstopdf)             Output file: <Test4CD6ROEvMUSCLvWENO3vWENO5CFL1Nodes800R
oeDensity-eps-converted-to.pdf>
(epstopdf)                    date: 2021-04-29 12:46:37
(epstopdf)                    size: 46362 bytes
(epstopdf)             Command: <repstopdf --outfile=Test4CD6ROEvMUSCLvWENO3vWE
NO5CFL1Nodes800RoeDensity-eps-converted-to.pdf Test4CD6ROEvMUSCLvWENO3vWENO5CFL
1Nodes800RoeDensity.eps>
(epstopdf)             \includegraphics on input line 875.
Package epstopdf Info: Output file is already uptodate.
<Test4CD6ROEvMUSCLvWENO3vWENO5CFL1Nodes800RoeDensity-eps-converted-to.pdf, id=8
38, 2421.045pt x 1329.96875pt>
File: Test4CD6ROEvMUSCLvWENO3vWENO5CFL1Nodes800RoeDensity-eps-converted-to.pdf 
Graphic file (type pdf)
<use Test4CD6ROEvMUSCLvWENO3vWENO5CFL1Nodes800RoeDensity-eps-converted-to.pdf>
Package pdftex.def Info: Test4CD6ROEvMUSCLvWENO3vWENO5CFL1Nodes800RoeDensity-ep
s-converted-to.pdf  used on input line 875.
(pdftex.def)             Requested size: 345.0pt x 189.50221pt.
Package epstopdf Info: Source file: <Test4CD6ROEvMUSCLvWENO3vWENO5CFL1Nodes800R
oeVelocity.eps>
(epstopdf)                    date: 2021-04-29 12:28:42
(epstopdf)                    size: 134848 bytes
(epstopdf)             Output file: <Test4CD6ROEvMUSCLvWENO3vWENO5CFL1Nodes800R
oeVelocity-eps-converted-to.pdf>
(epstopdf)                    date: 2021-04-29 12:46:37
(epstopdf)                    size: 47418 bytes
(epstopdf)             Command: <repstopdf --outfile=Test4CD6ROEvMUSCLvWENO3vWE
NO5CFL1Nodes800RoeVelocity-eps-converted-to.pdf Test4CD6ROEvMUSCLvWENO3vWENO5CF
L1Nodes800RoeVelocity.eps>
(epstopdf)             \includegraphics on input line 881.
Package epstopdf Info: Output file is already uptodate.
<Test4CD6ROEvMUSCLvWENO3vWENO5CFL1Nodes800RoeVelocity-eps-converted-to.pdf, id=
839, 2440.11626pt x 1329.96875pt>
File: Test4CD6ROEvMUSCLvWENO3vWENO5CFL1Nodes800RoeVelocity-eps-converted-to.pdf
 Graphic file (type pdf)
<use Test4CD6ROEvMUSCLvWENO3vWENO5CFL1Nodes800RoeVelocity-eps-converted-to.pdf>

Package pdftex.def Info: Test4CD6ROEvMUSCLvWENO3vWENO5CFL1Nodes800RoeVelocity-e
ps-converted-to.pdf  used on input line 881.
(pdftex.def)             Requested size: 345.0pt x 188.04108pt.
Package epstopdf Info: Source file: <Test4CD6ROEvMUSCLvWENO3vWENO5CFL1Nodes800R
oePressure.eps>
(epstopdf)                    date: 2021-04-29 12:28:43
(epstopdf)                    size: 136844 bytes
(epstopdf)             Output file: <Test4CD6ROEvMUSCLvWENO3vWENO5CFL1Nodes800R
oePressure-eps-converted-to.pdf>
(epstopdf)                    date: 2021-04-29 12:46:37
(epstopdf)                    size: 45841 bytes
(epstopdf)             Command: <repstopdf --outfile=Test4CD6ROEvMUSCLvWENO3vWE
NO5CFL1Nodes800RoePressure-eps-converted-to.pdf Test4CD6ROEvMUSCLvWENO3vWENO5CF
L1Nodes800RoePressure.eps>
(epstopdf)             \includegraphics on input line 887.
Package epstopdf Info: Output file is already uptodate.
<Test4CD6ROEvMUSCLvWENO3vWENO5CFL1Nodes800RoePressure-eps-converted-to.pdf, id=
840, 2491.3075pt x 1313.90875pt>
File: Test4CD6ROEvMUSCLvWENO3vWENO5CFL1Nodes800RoePressure-eps-converted-to.pdf
 Graphic file (type pdf)
<use Test4CD6ROEvMUSCLvWENO3vWENO5CFL1Nodes800RoePressure-eps-converted-to.pdf>

Package pdftex.def Info: Test4CD6ROEvMUSCLvWENO3vWENO5CFL1Nodes800RoePressure-e
ps-converted-to.pdf  used on input line 887.
(pdftex.def)             Requested size: 345.0pt x 181.9411pt.
Package epstopdf Info: Source file: <Test4CD6ROEvMUSCLvWENO3vWENO5CFL1Nodes800R
oeInternalEnergy.eps>
(epstopdf)                    date: 2021-04-29 12:28:43
(epstopdf)                    size: 134481 bytes
(epstopdf)             Output file: <Test4CD6ROEvMUSCLvWENO3vWENO5CFL1Nodes800R
oeInternalEnergy-eps-converted-to.pdf>
(epstopdf)                    date: 2021-04-29 12:46:37
(epstopdf)                    size: 47140 bytes
(epstopdf)             Command: <repstopdf --outfile=Test4CD6ROEvMUSCLvWENO3vWE
NO5CFL1Nodes800RoeInternalEnergy-eps-converted-to.pdf Test4CD6ROEvMUSCLvWENO3vW
ENO5CFL1Nodes800RoeInternalEnergy.eps>
(epstopdf)             \includegraphics on input line 893.
Package epstopdf Info: Output file is already uptodate.
<Test4CD6ROEvMUSCLvWENO3vWENO5CFL1Nodes800RoeInternalEnergy-eps-converted-to.pd
f, id=841, 2455.1725pt x 1313.90875pt>
File: Test4CD6ROEvMUSCLvWENO3vWENO5CFL1Nodes800RoeInternalEnergy-eps-converted-
to.pdf Graphic file (type pdf)
<use Test4CD6ROEvMUSCLvWENO3vWENO5CFL1Nodes800RoeInternalEnergy-eps-converted-t
o.pdf>
Package pdftex.def Info: Test4CD6ROEvMUSCLvWENO3vWENO5CFL1Nodes800RoeInternalEn
ergy-eps-converted-to.pdf  used on input line 893.
(pdftex.def)             Requested size: 345.0pt x 184.62762pt.
 [54 <./Test4CD4ROEvMUSCLvWENO3vWENO5CFL1Nodes600RoeDensity-eps-converted-to.pd
f> <./Test4CD4ROEvMUSCLvWENO3vWENO5CFL1Nodes600RoeVelocity-eps-converted-to.pdf
>] [55 <./Test4CD4ROEvMUSCLvWENO3vWENO5CFL1Nodes600RoePressure-eps-converted-to
.pdf> <./Test4CD4ROEvMUSCLvWENO3vWENO5CFL1Nodes600RoeInternalEnergy-eps-convert
ed-to.pdf>] [56 <./Test4CD6ROEvMUSCLvWENO3vWENO5CFL1Nodes600RoeDensity-eps-conv
erted-to.pdf> <./Test4CD6ROEvMUSCLvWENO3vWENO5CFL1Nodes600RoeVelocity-eps-conve
rted-to.pdf>] [57 <./Test4CD6ROEvMUSCLvWENO3vWENO5CFL1Nodes600RoePressure-eps-c
onverted-to.pdf> <./Test4CD6ROEvMUSCLvWENO3vWENO5CFL1Nodes600RoeInternalEnergy-
eps-converted-to.pdf>] [58 <./Test4ROEvMUSCLvWENO3vWENO5CFL1Nodes700RoeDensity-
eps-converted-to.pdf> <./Test4ROEvMUSCLvWENO3vWENO5CFL1Nodes700RoeVelocity-eps-
converted-to.pdf>] [59 <./Test4ROEvMUSCLvWENO3vWENO5CFL1Nodes700RoePressure-eps
-converted-to.pdf> <./Test4ROEvMUSCLvWENO3vWENO5CFL1Nodes700RoeInternalEnergy-e
ps-converted-to.pdf>] [60 <./Test4CD2ROEvMUSCLvWENO3vWENO5CFL1Nodes700RoeDensit
y-eps-converted-to.pdf> <./Test4CD2ROEvMUSCLvWENO3vWENO5CFL1Nodes700RoeVelocity
-eps-converted-to.pdf>] [61 <./Test4CD2ROEvMUSCLvWENO3vWENO5CFL1Nodes700RoePres
sure-eps-converted-to.pdf> <./Test4CD2ROEvMUSCLvWENO3vWENO5CFL1Nodes700RoeInter
nalEnergy-eps-converted-to.pdf>] [62 <./Test4CD4ROEvMUSCLvWENO3vWENO5CFL1Nodes7
00RoeDensity-eps-converted-to.pdf> <./Test4CD4ROEvMUSCLvWENO3vWENO5CFL1Nodes700
RoeVelocity-eps-converted-to.pdf>] [63 <./Test4CD4ROEvMUSCLvWENO3vWENO5CFL1Node
s700RoePressure-eps-converted-to.pdf> <./Test4CD4ROEvMUSCLvWENO3vWENO5CFL1Nodes
700RoeInternalEnergy-eps-converted-to.pdf>] [64 <./Test4CD6ROEvMUSCLvWENO3vWENO
5CFL1Nodes700RoeDensity-eps-converted-to.pdf> <./Test4CD6ROEvMUSCLvWENO3vWENO5C
FL1Nodes700RoeVelocity-eps-converted-to.pdf>] [65 <./Test4CD6ROEvMUSCLvWENO3vWE
NO5CFL1Nodes700RoePressure-eps-converted-to.pdf> <./Test4CD6ROEvMUSCLvWENO3vWEN
O5CFL1Nodes700RoeInternalEnergy-eps-converted-to.pdf>] [66 <./Test4ROEvMUSCLvWE
NO3vWENO5CFL1Nodes800RoeDensity-eps-converted-to.pdf> <./Test4ROEvMUSCLvWENO3vW
ENO5CFL1Nodes800RoeVelocity-eps-converted-to.pdf>] [67 <./Test4ROEvMUSCLvWENO3v
WENO5CFL1Nodes800RoePressure-eps-converted-to.pdf> <./Test4ROEvMUSCLvWENO3vWENO
5CFL1Nodes800RoeInternalEnergy-eps-converted-to.pdf>] [68 <./Test4CD2ROEvMUSCLv
WENO3vWENO5CFL1Nodes800RoeDensity-eps-converted-to.pdf> <./Test4CD2ROEvMUSCLvWE
NO3vWENO5CFL1Nodes800RoeVelocity-eps-converted-to.pdf>] [69 <./Test4CD2ROEvMUSC
LvWENO3vWENO5CFL1Nodes800RoePressure-eps-converted-to.pdf> <./Test4CD2ROEvMUSCL
vWENO3vWENO5CFL1Nodes800RoeInternalEnergy-eps-converted-to.pdf>]
[70 <./Test4CD4ROEvMUSCLvWENO3vWENO5CFL1Nodes800RoeDensity-eps-converted-to.pdf
> <./Test4CD4ROEvMUSCLvWENO3vWENO5CFL1Nodes800RoeVelocity-eps-converted-to.pdf>
] [71 <./Test4CD4ROEvMUSCLvWENO3vWENO5CFL1Nodes800RoePressure-eps-converted-to.
pdf> <./Test4CD4ROEvMUSCLvWENO3vWENO5CFL1Nodes800RoeInternalEnergy-eps-converte
d-to.pdf>] [72 <./Test4CD6ROEvMUSCLvWENO3vWENO5CFL1Nodes800RoeDensity-eps-conve
rted-to.pdf> <./Test4CD6ROEvMUSCLvWENO3vWENO5CFL1Nodes800RoeVelocity-eps-conver
ted-to.pdf>] [73 <./Test4CD6ROEvMUSCLvWENO3vWENO5CFL1Nodes800RoePressure-eps-co
nverted-to.pdf> <./Test4CD6ROEvMUSCLvWENO3vWENO5CFL1Nodes800RoeInternalEnergy-e
ps-converted-to.pdf>]
Package epstopdf Info: Source file: <Test4ROEvMUSCLvWENO3vWENO5CFL1Nodes900RoeD
ensity.eps>
(epstopdf)                    date: 2021-04-29 13:04:27
(epstopdf)                    size: 134847 bytes
(epstopdf)             Output file: <Test4ROEvMUSCLvWENO3vWENO5CFL1Nodes900RoeD
ensity-eps-converted-to.pdf>
(epstopdf)                    date: 2021-04-29 13:12:59
(epstopdf)                    size: 35444 bytes
(epstopdf)             Command: <repstopdf --outfile=Test4ROEvMUSCLvWENO3vWENO5
CFL1Nodes900RoeDensity-eps-converted-to.pdf Test4ROEvMUSCLvWENO3vWENO5CFL1Nodes
900RoeDensity.eps>
(epstopdf)             \includegraphics on input line 902.
Package epstopdf Info: Output file is already uptodate.
<Test4ROEvMUSCLvWENO3vWENO5CFL1Nodes900RoeDensity-eps-converted-to.pdf, id=1108
, 2421.045pt x 1363.0925pt>
File: Test4ROEvMUSCLvWENO3vWENO5CFL1Nodes900RoeDensity-eps-converted-to.pdf Gra
phic file (type pdf)
<use Test4ROEvMUSCLvWENO3vWENO5CFL1Nodes900RoeDensity-eps-converted-to.pdf>
Package pdftex.def Info: Test4ROEvMUSCLvWENO3vWENO5CFL1Nodes900RoeDensity-eps-c
onverted-to.pdf  used on input line 902.
(pdftex.def)             Requested size: 345.0pt x 194.2219pt.
Package epstopdf Info: Source file: <Test4ROEvMUSCLvWENO3vWENO5CFL1Nodes900RoeV
elocity.eps>
(epstopdf)                    date: 2021-04-29 13:04:28
(epstopdf)                    size: 132457 bytes
(epstopdf)             Output file: <Test4ROEvMUSCLvWENO3vWENO5CFL1Nodes900RoeV
elocity-eps-converted-to.pdf>
(epstopdf)                    date: 2021-04-29 13:13:00
(epstopdf)                    size: 35315 bytes
(epstopdf)             Command: <repstopdf --outfile=Test4ROEvMUSCLvWENO3vWENO5
CFL1Nodes900RoeVelocity-eps-converted-to.pdf Test4ROEvMUSCLvWENO3vWENO5CFL1Node
s900RoeVelocity.eps>
(epstopdf)             \includegraphics on input line 908.
Package epstopdf Info: Output file is already uptodate.
<Test4ROEvMUSCLvWENO3vWENO5CFL1Nodes900RoeVelocity-eps-converted-to.pdf, id=110
9, 2440.11626pt x 1363.0925pt>
File: Test4ROEvMUSCLvWENO3vWENO5CFL1Nodes900RoeVelocity-eps-converted-to.pdf Gr
aphic file (type pdf)
<use Test4ROEvMUSCLvWENO3vWENO5CFL1Nodes900RoeVelocity-eps-converted-to.pdf>
Package pdftex.def Info: Test4ROEvMUSCLvWENO3vWENO5CFL1Nodes900RoeVelocity-eps-
converted-to.pdf  used on input line 908.
(pdftex.def)             Requested size: 345.0pt x 192.72437pt.
Package epstopdf Info: Source file: <Test4ROEvMUSCLvWENO3vWENO5CFL1Nodes900RoeP
ressure.eps>
(epstopdf)                    date: 2021-04-29 13:04:28
(epstopdf)                    size: 134822 bytes
(epstopdf)             Output file: <Test4ROEvMUSCLvWENO3vWENO5CFL1Nodes900RoeP
ressure-eps-converted-to.pdf>
(epstopdf)                    date: 2021-04-29 13:13:00
(epstopdf)                    size: 32636 bytes
(epstopdf)             Command: <repstopdf --outfile=Test4ROEvMUSCLvWENO3vWENO5
CFL1Nodes900RoePressure-eps-converted-to.pdf Test4ROEvMUSCLvWENO3vWENO5CFL1Node
s900RoePressure.eps>
(epstopdf)             \includegraphics on input line 914.
Package epstopdf Info: Output file is already uptodate.
<Test4ROEvMUSCLvWENO3vWENO5CFL1Nodes900RoePressure-eps-converted-to.pdf, id=111
0, 2491.3075pt x 1347.0325pt>
File: Test4ROEvMUSCLvWENO3vWENO5CFL1Nodes900RoePressure-eps-converted-to.pdf Gr
aphic file (type pdf)
<use Test4ROEvMUSCLvWENO3vWENO5CFL1Nodes900RoePressure-eps-converted-to.pdf>
Package pdftex.def Info: Test4ROEvMUSCLvWENO3vWENO5CFL1Nodes900RoePressure-eps-
converted-to.pdf  used on input line 914.
(pdftex.def)             Requested size: 345.0pt x 186.52786pt.
Package epstopdf Info: Source file: <Test4ROEvMUSCLvWENO3vWENO5CFL1Nodes900RoeI
nternalEnergy.eps>
(epstopdf)                    date: 2021-04-29 13:04:29
(epstopdf)                    size: 132326 bytes
(epstopdf)             Output file: <Test4ROEvMUSCLvWENO3vWENO5CFL1Nodes900RoeI
nternalEnergy-eps-converted-to.pdf>
(epstopdf)                    date: 2021-04-29 13:13:00
(epstopdf)                    size: 33989 bytes
(epstopdf)             Command: <repstopdf --outfile=Test4ROEvMUSCLvWENO3vWENO5
CFL1Nodes900RoeInternalEnergy-eps-converted-to.pdf Test4ROEvMUSCLvWENO3vWENO5CF
L1Nodes900RoeInternalEnergy.eps>
(epstopdf)             \includegraphics on input line 920.
Package epstopdf Info: Output file is already uptodate.
<Test4ROEvMUSCLvWENO3vWENO5CFL1Nodes900RoeInternalEnergy-eps-converted-to.pdf, 
id=1111, 2455.1725pt x 1347.0325pt>
File: Test4ROEvMUSCLvWENO3vWENO5CFL1Nodes900RoeInternalEnergy-eps-converted-to.
pdf Graphic file (type pdf)
<use Test4ROEvMUSCLvWENO3vWENO5CFL1Nodes900RoeInternalEnergy-eps-converted-to.p
df>
Package pdftex.def Info: Test4ROEvMUSCLvWENO3vWENO5CFL1Nodes900RoeInternalEnerg
y-eps-converted-to.pdf  used on input line 920.
(pdftex.def)             Requested size: 345.0pt x 189.2821pt.
Package epstopdf Info: Source file: <Test4CD2ROEvMUSCLvWENO3vWENO5CFL1Nodes900R
oeDensity.eps>
(epstopdf)                    date: 2021-04-29 13:01:50
(epstopdf)                    size: 142898 bytes
(epstopdf)             Output file: <Test4CD2ROEvMUSCLvWENO3vWENO5CFL1Nodes900R
oeDensity-eps-converted-to.pdf>
(epstopdf)                    date: 2021-04-29 13:13:00
(epstopdf)                    size: 40527 bytes
(epstopdf)             Command: <repstopdf --outfile=Test4CD2ROEvMUSCLvWENO3vWE
NO5CFL1Nodes900RoeDensity-eps-converted-to.pdf Test4CD2ROEvMUSCLvWENO3vWENO5CFL
1Nodes900RoeDensity.eps>
(epstopdf)             \includegraphics on input line 925.
Package epstopdf Info: Output file is already uptodate.
<Test4CD2ROEvMUSCLvWENO3vWENO5CFL1Nodes900RoeDensity-eps-converted-to.pdf, id=1
112, 2421.045pt x 1363.0925pt>
File: Test4CD2ROEvMUSCLvWENO3vWENO5CFL1Nodes900RoeDensity-eps-converted-to.pdf 
Graphic file (type pdf)
<use Test4CD2ROEvMUSCLvWENO3vWENO5CFL1Nodes900RoeDensity-eps-converted-to.pdf>
Package pdftex.def Info: Test4CD2ROEvMUSCLvWENO3vWENO5CFL1Nodes900RoeDensity-ep
s-converted-to.pdf  used on input line 925.
(pdftex.def)             Requested size: 345.0pt x 194.2219pt.
Package epstopdf Info: Source file: <Test4CD2ROEvMUSCLvWENO3vWENO5CFL1Nodes900R
oeVelocity.eps>
(epstopdf)                    date: 2021-04-29 13:01:51
(epstopdf)                    size: 140524 bytes
(epstopdf)             Output file: <Test4CD2ROEvMUSCLvWENO3vWENO5CFL1Nodes900R
oeVelocity-eps-converted-to.pdf>
(epstopdf)                    date: 2021-04-29 13:13:01
(epstopdf)                    size: 40689 bytes
(epstopdf)             Command: <repstopdf --outfile=Test4CD2ROEvMUSCLvWENO3vWE
NO5CFL1Nodes900RoeVelocity-eps-converted-to.pdf Test4CD2ROEvMUSCLvWENO3vWENO5CF
L1Nodes900RoeVelocity.eps>
(epstopdf)             \includegraphics on input line 931.
Package epstopdf Info: Output file is already uptodate.
<Test4CD2ROEvMUSCLvWENO3vWENO5CFL1Nodes900RoeVelocity-eps-converted-to.pdf, id=
1113, 2440.11626pt x 1363.0925pt>
File: Test4CD2ROEvMUSCLvWENO3vWENO5CFL1Nodes900RoeVelocity-eps-converted-to.pdf
 Graphic file (type pdf)
<use Test4CD2ROEvMUSCLvWENO3vWENO5CFL1Nodes900RoeVelocity-eps-converted-to.pdf>

Package pdftex.def Info: Test4CD2ROEvMUSCLvWENO3vWENO5CFL1Nodes900RoeVelocity-e
ps-converted-to.pdf  used on input line 931.
(pdftex.def)             Requested size: 345.0pt x 192.72437pt.
Package epstopdf Info: Source file: <Test4CD2ROEvMUSCLvWENO3vWENO5CFL1Nodes900R
oePressure.eps>
(epstopdf)                    date: 2021-04-29 13:01:51
(epstopdf)                    size: 139429 bytes
(epstopdf)             Output file: <Test4CD2ROEvMUSCLvWENO3vWENO5CFL1Nodes900R
oePressure-eps-converted-to.pdf>
(epstopdf)                    date: 2021-04-29 13:13:01
(epstopdf)                    size: 39374 bytes
(epstopdf)             Command: <repstopdf --outfile=Test4CD2ROEvMUSCLvWENO3vWE
NO5CFL1Nodes900RoePressure-eps-converted-to.pdf Test4CD2ROEvMUSCLvWENO3vWENO5CF
L1Nodes900RoePressure.eps>
(epstopdf)             \includegraphics on input line 937.
Package epstopdf Info: Output file is already uptodate.
<Test4CD2ROEvMUSCLvWENO3vWENO5CFL1Nodes900RoePressure-eps-converted-to.pdf, id=
1114, 2491.3075pt x 1347.0325pt>
File: Test4CD2ROEvMUSCLvWENO3vWENO5CFL1Nodes900RoePressure-eps-converted-to.pdf
 Graphic file (type pdf)
<use Test4CD2ROEvMUSCLvWENO3vWENO5CFL1Nodes900RoePressure-eps-converted-to.pdf>

Package pdftex.def Info: Test4CD2ROEvMUSCLvWENO3vWENO5CFL1Nodes900RoePressure-e
ps-converted-to.pdf  used on input line 937.
(pdftex.def)             Requested size: 345.0pt x 186.52786pt.
Package epstopdf Info: Source file: <Test4CD2ROEvMUSCLvWENO3vWENO5CFL1Nodes900R
oeInternalEnergy.eps>
(epstopdf)                    date: 2021-04-29 13:01:52
(epstopdf)                    size: 141121 bytes
(epstopdf)             Output file: <Test4CD2ROEvMUSCLvWENO3vWENO5CFL1Nodes900R
oeInternalEnergy-eps-converted-to.pdf>
(epstopdf)                    date: 2021-04-29 13:13:01
(epstopdf)                    size: 40944 bytes
(epstopdf)             Command: <repstopdf --outfile=Test4CD2ROEvMUSCLvWENO3vWE
NO5CFL1Nodes900RoeInternalEnergy-eps-converted-to.pdf Test4CD2ROEvMUSCLvWENO3vW
ENO5CFL1Nodes900RoeInternalEnergy.eps>
(epstopdf)             \includegraphics on input line 943.
Package epstopdf Info: Output file is already uptodate.
<Test4CD2ROEvMUSCLvWENO3vWENO5CFL1Nodes900RoeInternalEnergy-eps-converted-to.pd
f, id=1115, 2455.1725pt x 1363.0925pt>
File: Test4CD2ROEvMUSCLvWENO3vWENO5CFL1Nodes900RoeInternalEnergy-eps-converted-
to.pdf Graphic file (type pdf)
<use Test4CD2ROEvMUSCLvWENO3vWENO5CFL1Nodes900RoeInternalEnergy-eps-converted-t
o.pdf>
Package pdftex.def Info: Test4CD2ROEvMUSCLvWENO3vWENO5CFL1Nodes900RoeInternalEn
ergy-eps-converted-to.pdf  used on input line 943.
(pdftex.def)             Requested size: 345.0pt x 191.53882pt.
Package epstopdf Info: Source file: <Test4CD4ROEvMUSCLvWENO3vWENO5CFL1Nodes900R
oeDensity.eps>
(epstopdf)                    date: 2021-04-29 13:00:31
(epstopdf)                    size: 141522 bytes
(epstopdf)             Output file: <Test4CD4ROEvMUSCLvWENO3vWENO5CFL1Nodes900R
oeDensity-eps-converted-to.pdf>
(epstopdf)                    date: 2021-04-29 13:13:02
(epstopdf)                    size: 38906 bytes
(epstopdf)             Command: <repstopdf --outfile=Test4CD4ROEvMUSCLvWENO3vWE
NO5CFL1Nodes900RoeDensity-eps-converted-to.pdf Test4CD4ROEvMUSCLvWENO3vWENO5CFL
1Nodes900RoeDensity.eps>
(epstopdf)             \includegraphics on input line 948.
Package epstopdf Info: Output file is already uptodate.
<Test4CD4ROEvMUSCLvWENO3vWENO5CFL1Nodes900RoeDensity-eps-converted-to.pdf, id=1
116, 2421.045pt x 1363.0925pt>
File: Test4CD4ROEvMUSCLvWENO3vWENO5CFL1Nodes900RoeDensity-eps-converted-to.pdf 
Graphic file (type pdf)
<use Test4CD4ROEvMUSCLvWENO3vWENO5CFL1Nodes900RoeDensity-eps-converted-to.pdf>
Package pdftex.def Info: Test4CD4ROEvMUSCLvWENO3vWENO5CFL1Nodes900RoeDensity-ep
s-converted-to.pdf  used on input line 948.
(pdftex.def)             Requested size: 345.0pt x 194.2219pt.
Package epstopdf Info: Source file: <Test4CD4ROEvMUSCLvWENO3vWENO5CFL1Nodes900R
oeVelocity.eps>
(epstopdf)                    date: 2021-04-29 13:00:32
(epstopdf)                    size: 139158 bytes
(epstopdf)             Output file: <Test4CD4ROEvMUSCLvWENO3vWENO5CFL1Nodes900R
oeVelocity-eps-converted-to.pdf>
(epstopdf)                    date: 2021-04-29 13:13:02
(epstopdf)                    size: 38943 bytes
(epstopdf)             Command: <repstopdf --outfile=Test4CD4ROEvMUSCLvWENO3vWE
NO5CFL1Nodes900RoeVelocity-eps-converted-to.pdf Test4CD4ROEvMUSCLvWENO3vWENO5CF
L1Nodes900RoeVelocity.eps>
(epstopdf)             \includegraphics on input line 954.
Package epstopdf Info: Output file is already uptodate.
<Test4CD4ROEvMUSCLvWENO3vWENO5CFL1Nodes900RoeVelocity-eps-converted-to.pdf, id=
1117, 2440.11626pt x 1363.0925pt>
File: Test4CD4ROEvMUSCLvWENO3vWENO5CFL1Nodes900RoeVelocity-eps-converted-to.pdf
 Graphic file (type pdf)
<use Test4CD4ROEvMUSCLvWENO3vWENO5CFL1Nodes900RoeVelocity-eps-converted-to.pdf>

Package pdftex.def Info: Test4CD4ROEvMUSCLvWENO3vWENO5CFL1Nodes900RoeVelocity-e
ps-converted-to.pdf  used on input line 954.
(pdftex.def)             Requested size: 345.0pt x 192.72437pt.
Package epstopdf Info: Source file: <Test4CD4ROEvMUSCLvWENO3vWENO5CFL1Nodes900R
oePressure.eps>
(epstopdf)                    date: 2021-04-29 13:00:32
(epstopdf)                    size: 141525 bytes
(epstopdf)             Output file: <Test4CD4ROEvMUSCLvWENO3vWENO5CFL1Nodes900R
oePressure-eps-converted-to.pdf>
(epstopdf)                    date: 2021-04-29 13:13:02
(epstopdf)                    size: 37769 bytes
(epstopdf)             Command: <repstopdf --outfile=Test4CD4ROEvMUSCLvWENO3vWE
NO5CFL1Nodes900RoePressure-eps-converted-to.pdf Test4CD4ROEvMUSCLvWENO3vWENO5CF
L1Nodes900RoePressure.eps>
(epstopdf)             \includegraphics on input line 960.
Package epstopdf Info: Output file is already uptodate.
<Test4CD4ROEvMUSCLvWENO3vWENO5CFL1Nodes900RoePressure-eps-converted-to.pdf, id=
1118, 2491.3075pt x 1347.0325pt>
File: Test4CD4ROEvMUSCLvWENO3vWENO5CFL1Nodes900RoePressure-eps-converted-to.pdf
 Graphic file (type pdf)
<use Test4CD4ROEvMUSCLvWENO3vWENO5CFL1Nodes900RoePressure-eps-converted-to.pdf>

Package pdftex.def Info: Test4CD4ROEvMUSCLvWENO3vWENO5CFL1Nodes900RoePressure-e
ps-converted-to.pdf  used on input line 960.
(pdftex.def)             Requested size: 345.0pt x 186.52786pt.
Package epstopdf Info: Source file: <Test4CD4ROEvMUSCLvWENO3vWENO5CFL1Nodes900R
oeInternalEnergy.eps>
(epstopdf)                    date: 2021-04-29 13:00:33
(epstopdf)                    size: 138994 bytes
(epstopdf)             Output file: <Test4CD4ROEvMUSCLvWENO3vWENO5CFL1Nodes900R
oeInternalEnergy-eps-converted-to.pdf>
(epstopdf)                    date: 2021-04-29 13:13:02
(epstopdf)                    size: 39228 bytes
(epstopdf)             Command: <repstopdf --outfile=Test4CD4ROEvMUSCLvWENO3vWE
NO5CFL1Nodes900RoeInternalEnergy-eps-converted-to.pdf Test4CD4ROEvMUSCLvWENO3vW
ENO5CFL1Nodes900RoeInternalEnergy.eps>
(epstopdf)             \includegraphics on input line 966.
Package epstopdf Info: Output file is already uptodate.
<Test4CD4ROEvMUSCLvWENO3vWENO5CFL1Nodes900RoeInternalEnergy-eps-converted-to.pd
f, id=1119, 2455.1725pt x 1347.0325pt>
File: Test4CD4ROEvMUSCLvWENO3vWENO5CFL1Nodes900RoeInternalEnergy-eps-converted-
to.pdf Graphic file (type pdf)
<use Test4CD4ROEvMUSCLvWENO3vWENO5CFL1Nodes900RoeInternalEnergy-eps-converted-t
o.pdf>
Package pdftex.def Info: Test4CD4ROEvMUSCLvWENO3vWENO5CFL1Nodes900RoeInternalEn
ergy-eps-converted-to.pdf  used on input line 966.
(pdftex.def)             Requested size: 345.0pt x 189.2821pt.
Package epstopdf Info: Source file: <Test4CD6ROEvMUSCLvWENO3vWENO5CFL1Nodes900R
oeDensity.eps>
(epstopdf)                    date: 2021-04-29 12:59:05
(epstopdf)                    size: 143915 bytes
(epstopdf)             Output file: <Test4CD6ROEvMUSCLvWENO3vWENO5CFL1Nodes900R
oeDensity-eps-converted-to.pdf>
(epstopdf)                    date: 2021-04-29 13:13:03
(epstopdf)                    size: 41779 bytes
(epstopdf)             Command: <repstopdf --outfile=Test4CD6ROEvMUSCLvWENO3vWE
NO5CFL1Nodes900RoeDensity-eps-converted-to.pdf Test4CD6ROEvMUSCLvWENO3vWENO5CFL
1Nodes900RoeDensity.eps>
(epstopdf)             \includegraphics on input line 971.
Package epstopdf Info: Output file is already uptodate.
<Test4CD6ROEvMUSCLvWENO3vWENO5CFL1Nodes900RoeDensity-eps-converted-to.pdf, id=1
120, 2421.045pt x 1363.0925pt>
File: Test4CD6ROEvMUSCLvWENO3vWENO5CFL1Nodes900RoeDensity-eps-converted-to.pdf 
Graphic file (type pdf)
<use Test4CD6ROEvMUSCLvWENO3vWENO5CFL1Nodes900RoeDensity-eps-converted-to.pdf>
Package pdftex.def Info: Test4CD6ROEvMUSCLvWENO3vWENO5CFL1Nodes900RoeDensity-ep
s-converted-to.pdf  used on input line 971.
(pdftex.def)             Requested size: 345.0pt x 194.2219pt.
Package epstopdf Info: Source file: <Test4CD6ROEvMUSCLvWENO3vWENO5CFL1Nodes900R
oeVelocity.eps>
(epstopdf)                    date: 2021-04-29 12:59:06
(epstopdf)                    size: 141516 bytes
(epstopdf)             Output file: <Test4CD6ROEvMUSCLvWENO3vWENO5CFL1Nodes900R
oeVelocity-eps-converted-to.pdf>
(epstopdf)                    date: 2021-04-29 13:13:03
(epstopdf)                    size: 41981 bytes
(epstopdf)             Command: <repstopdf --outfile=Test4CD6ROEvMUSCLvWENO3vWE
NO5CFL1Nodes900RoeVelocity-eps-converted-to.pdf Test4CD6ROEvMUSCLvWENO3vWENO5CF
L1Nodes900RoeVelocity.eps>
(epstopdf)             \includegraphics on input line 977.
Package epstopdf Info: Output file is already uptodate.
<Test4CD6ROEvMUSCLvWENO3vWENO5CFL1Nodes900RoeVelocity-eps-converted-to.pdf, id=
1121, 2440.11626pt x 1363.0925pt>
File: Test4CD6ROEvMUSCLvWENO3vWENO5CFL1Nodes900RoeVelocity-eps-converted-to.pdf
 Graphic file (type pdf)
<use Test4CD6ROEvMUSCLvWENO3vWENO5CFL1Nodes900RoeVelocity-eps-converted-to.pdf>

Package pdftex.def Info: Test4CD6ROEvMUSCLvWENO3vWENO5CFL1Nodes900RoeVelocity-e
ps-converted-to.pdf  used on input line 977.
(pdftex.def)             Requested size: 345.0pt x 192.72437pt.
Package epstopdf Info: Source file: <Test4CD6ROEvMUSCLvWENO3vWENO5CFL1Nodes900R
oePressure.eps>
(epstopdf)                    date: 2021-04-29 12:59:07
(epstopdf)                    size: 143887 bytes
(epstopdf)             Output file: <Test4CD6ROEvMUSCLvWENO3vWENO5CFL1Nodes900R
oePressure-eps-converted-to.pdf>
(epstopdf)                    date: 2021-04-29 13:13:03
(epstopdf)                    size: 40609 bytes
(epstopdf)             Command: <repstopdf --outfile=Test4CD6ROEvMUSCLvWENO3vWE
NO5CFL1Nodes900RoePressure-eps-converted-to.pdf Test4CD6ROEvMUSCLvWENO3vWENO5CF
L1Nodes900RoePressure.eps>
(epstopdf)             \includegraphics on input line 983.
Package epstopdf Info: Output file is already uptodate.
<Test4CD6ROEvMUSCLvWENO3vWENO5CFL1Nodes900RoePressure-eps-converted-to.pdf, id=
1122, 2491.3075pt x 1347.0325pt>
File: Test4CD6ROEvMUSCLvWENO3vWENO5CFL1Nodes900RoePressure-eps-converted-to.pdf
 Graphic file (type pdf)
<use Test4CD6ROEvMUSCLvWENO3vWENO5CFL1Nodes900RoePressure-eps-converted-to.pdf>

Package pdftex.def Info: Test4CD6ROEvMUSCLvWENO3vWENO5CFL1Nodes900RoePressure-e
ps-converted-to.pdf  used on input line 983.
(pdftex.def)             Requested size: 345.0pt x 186.52786pt.
Package epstopdf Info: Source file: <Test4CD6ROEvMUSCLvWENO3vWENO5CFL1Nodes900R
oeInternalEnergy.eps>
(epstopdf)                    date: 2021-04-29 12:59:07
(epstopdf)                    size: 141380 bytes
(epstopdf)             Output file: <Test4CD6ROEvMUSCLvWENO3vWENO5CFL1Nodes900R
oeInternalEnergy-eps-converted-to.pdf>
(epstopdf)                    date: 2021-04-29 13:13:04
(epstopdf)                    size: 42266 bytes
(epstopdf)             Command: <repstopdf --outfile=Test4CD6ROEvMUSCLvWENO3vWE
NO5CFL1Nodes900RoeInternalEnergy-eps-converted-to.pdf Test4CD6ROEvMUSCLvWENO3vW
ENO5CFL1Nodes900RoeInternalEnergy.eps>
(epstopdf)             \includegraphics on input line 989.
Package epstopdf Info: Output file is already uptodate.
<Test4CD6ROEvMUSCLvWENO3vWENO5CFL1Nodes900RoeInternalEnergy-eps-converted-to.pd
f, id=1123, 2455.1725pt x 1347.0325pt>
File: Test4CD6ROEvMUSCLvWENO3vWENO5CFL1Nodes900RoeInternalEnergy-eps-converted-
to.pdf Graphic file (type pdf)
<use Test4CD6ROEvMUSCLvWENO3vWENO5CFL1Nodes900RoeInternalEnergy-eps-converted-t
o.pdf>
Package pdftex.def Info: Test4CD6ROEvMUSCLvWENO3vWENO5CFL1Nodes900RoeInternalEn
ergy-eps-converted-to.pdf  used on input line 989.
(pdftex.def)             Requested size: 345.0pt x 189.2821pt.
 [74 <./Test4ROEvMUSCLvWENO3vWENO5CFL1Nodes900RoeDensity-eps-converted-to.pdf> 
<./Test4ROEvMUSCLvWENO3vWENO5CFL1Nodes900RoeVelocity-eps-converted-to.pdf>] [75
 <./Test4ROEvMUSCLvWENO3vWENO5CFL1Nodes900RoePressure-eps-converted-to.pdf> <./
Test4ROEvMUSCLvWENO3vWENO5CFL1Nodes900RoeInternalEnergy-eps-converted-to.pdf>] 
[76 <./Test4CD2ROEvMUSCLvWENO3vWENO5CFL1Nodes900RoeDensity-eps-converted-to.pdf
> <./Test4CD2ROEvMUSCLvWENO3vWENO5CFL1Nodes900RoeVelocity-eps-converted-to.pdf>
] [77 <./Test4CD2ROEvMUSCLvWENO3vWENO5CFL1Nodes900RoePressure-eps-converted-to.
pdf> <./Test4CD2ROEvMUSCLvWENO3vWENO5CFL1Nodes900RoeInternalEnergy-eps-converte
d-to.pdf>] [78 <./Test4CD4ROEvMUSCLvWENO3vWENO5CFL1Nodes900RoeDensity-eps-conve
rted-to.pdf> <./Test4CD4ROEvMUSCLvWENO3vWENO5CFL1Nodes900RoeVelocity-eps-conver
ted-to.pdf>] [79 <./Test4CD4ROEvMUSCLvWENO3vWENO5CFL1Nodes900RoePressure-eps-co
nverted-to.pdf> <./Test4CD4ROEvMUSCLvWENO3vWENO5CFL1Nodes900RoeInternalEnergy-e
ps-converted-to.pdf>] [80 <./Test4CD6ROEvMUSCLvWENO3vWENO5CFL1Nodes900RoeDensit
y-eps-converted-to.pdf> <./Test4CD6ROEvMUSCLvWENO3vWENO5CFL1Nodes900RoeVelocity
-eps-converted-to.pdf>] [81 <./Test4CD6ROEvMUSCLvWENO3vWENO5CFL1Nodes900RoePres
sure-eps-converted-to.pdf> <./Test4CD6ROEvMUSCLvWENO3vWENO5CFL1Nodes900RoeInter
nalEnergy-eps-converted-to.pdf>]
Package epstopdf Info: Source file: <Test4ROEvMUSCLvWENO3vWENO5CFL1Nodes900RoeD
ensity.eps>
(epstopdf)                    date: 2021-04-29 13:04:27
(epstopdf)                    size: 134847 bytes
(epstopdf)             Output file: <Test4ROEvMUSCLvWENO3vWENO5CFL1Nodes900RoeD
ensity-eps-converted-to.pdf>
(epstopdf)                    date: 2021-04-29 13:12:59
(epstopdf)                    size: 35444 bytes
(epstopdf)             Command: <repstopdf --outfile=Test4ROEvMUSCLvWENO3vWENO5
CFL1Nodes900RoeDensity-eps-converted-to.pdf Test4ROEvMUSCLvWENO3vWENO5CFL1Nodes
900RoeDensity.eps>
(epstopdf)             \includegraphics on input line 1000.
Package epstopdf Info: Output file is already uptodate.
File: Test4ROEvMUSCLvWENO3vWENO5CFL1Nodes900RoeDensity-eps-converted-to.pdf Gra
phic file (type pdf)
<use Test4ROEvMUSCLvWENO3vWENO5CFL1Nodes900RoeDensity-eps-converted-to.pdf>
Package pdftex.def Info: Test4ROEvMUSCLvWENO3vWENO5CFL1Nodes900RoeDensity-eps-c
onverted-to.pdf  used on input line 1000.
(pdftex.def)             Requested size: 345.0pt x 194.2219pt.
Package epstopdf Info: Source file: <Test4ROEvMUSCLvWENO3vWENO5CFL1Nodes1000Roe
Velocity.eps>
(epstopdf)                    date: 2021-04-29 13:06:01
(epstopdf)                    size: 140307 bytes
(epstopdf)             Output file: <Test4ROEvMUSCLvWENO3vWENO5CFL1Nodes1000Roe
Velocity-eps-converted-to.pdf>
(epstopdf)                    date: 2021-04-29 13:13:04
(epstopdf)                    size: 36087 bytes
(epstopdf)             Command: <repstopdf --outfile=Test4ROEvMUSCLvWENO3vWENO5
CFL1Nodes1000RoeVelocity-eps-converted-to.pdf Test4ROEvMUSCLvWENO3vWENO5CFL1Nod
es1000RoeVelocity.eps>
(epstopdf)             \includegraphics on input line 1006.
Package epstopdf Info: Output file is already uptodate.
<Test4ROEvMUSCLvWENO3vWENO5CFL1Nodes1000RoeVelocity-eps-converted-to.pdf, id=12
30, 2440.11626pt x 1363.0925pt>
File: Test4ROEvMUSCLvWENO3vWENO5CFL1Nodes1000RoeVelocity-eps-converted-to.pdf G
raphic file (type pdf)
<use Test4ROEvMUSCLvWENO3vWENO5CFL1Nodes1000RoeVelocity-eps-converted-to.pdf>
Package pdftex.def Info: Test4ROEvMUSCLvWENO3vWENO5CFL1Nodes1000RoeVelocity-eps
-converted-to.pdf  used on input line 1006.
(pdftex.def)             Requested size: 345.0pt x 192.72437pt.
Package epstopdf Info: Source file: <Test4ROEvMUSCLvWENO3vWENO5CFL1Nodes1000Roe
Pressure.eps>
(epstopdf)                    date: 2021-04-29 13:06:01
(epstopdf)                    size: 142853 bytes
(epstopdf)             Output file: <Test4ROEvMUSCLvWENO3vWENO5CFL1Nodes1000Roe
Pressure-eps-converted-to.pdf>
(epstopdf)                    date: 2021-04-29 13:13:04
(epstopdf)                    size: 32822 bytes
(epstopdf)             Command: <repstopdf --outfile=Test4ROEvMUSCLvWENO3vWENO5
CFL1Nodes1000RoePressure-eps-converted-to.pdf Test4ROEvMUSCLvWENO3vWENO5CFL1Nod
es1000RoePressure.eps>
(epstopdf)             \includegraphics on input line 1012.
Package epstopdf Info: Output file is already uptodate.
<Test4ROEvMUSCLvWENO3vWENO5CFL1Nodes1000RoePressure-eps-converted-to.pdf, id=12
31, 2491.3075pt x 1347.0325pt>
File: Test4ROEvMUSCLvWENO3vWENO5CFL1Nodes1000RoePressure-eps-converted-to.pdf G
raphic file (type pdf)
<use Test4ROEvMUSCLvWENO3vWENO5CFL1Nodes1000RoePressure-eps-converted-to.pdf>
Package pdftex.def Info: Test4ROEvMUSCLvWENO3vWENO5CFL1Nodes1000RoePressure-eps
-converted-to.pdf  used on input line 1012.
(pdftex.def)             Requested size: 345.0pt x 186.52786pt.
Package epstopdf Info: Source file: <Test4ROEvMUSCLvWENO3vWENO5CFL1Nodes1000Roe
InternalEnergy.eps>
(epstopdf)                    date: 2021-04-29 13:06:02
(epstopdf)                    size: 140219 bytes
(epstopdf)             Output file: <Test4ROEvMUSCLvWENO3vWENO5CFL1Nodes1000Roe
InternalEnergy-eps-converted-to.pdf>
(epstopdf)                    date: 2021-04-29 13:13:04
(epstopdf)                    size: 34037 bytes
(epstopdf)             Command: <repstopdf --outfile=Test4ROEvMUSCLvWENO3vWENO5
CFL1Nodes1000RoeInternalEnergy-eps-converted-to.pdf Test4ROEvMUSCLvWENO3vWENO5C
FL1Nodes1000RoeInternalEnergy.eps>
(epstopdf)             \includegraphics on input line 1018.
Package epstopdf Info: Output file is already uptodate.
<Test4ROEvMUSCLvWENO3vWENO5CFL1Nodes1000RoeInternalEnergy-eps-converted-to.pdf,
 id=1232, 2455.1725pt x 1347.0325pt>
File: Test4ROEvMUSCLvWENO3vWENO5CFL1Nodes1000RoeInternalEnergy-eps-converted-to
.pdf Graphic file (type pdf)
<use Test4ROEvMUSCLvWENO3vWENO5CFL1Nodes1000RoeInternalEnergy-eps-converted-to.
pdf>
Package pdftex.def Info: Test4ROEvMUSCLvWENO3vWENO5CFL1Nodes1000RoeInternalEner
gy-eps-converted-to.pdf  used on input line 1018.
(pdftex.def)             Requested size: 345.0pt x 189.2821pt.
Package epstopdf Info: Source file: <Test4CD2ROEvMUSCLvWENO3vWENO5CFL1Nodes1000
RoeDensity.eps>
(epstopdf)                    date: 2021-04-29 13:07:37
(epstopdf)                    size: 151015 bytes
(epstopdf)             Output file: <Test4CD2ROEvMUSCLvWENO3vWENO5CFL1Nodes1000
RoeDensity-eps-converted-to.pdf>
(epstopdf)                    date: 2021-04-29 13:13:05
(epstopdf)                    size: 40672 bytes
(epstopdf)             Command: <repstopdf --outfile=Test4CD2ROEvMUSCLvWENO3vWE
NO5CFL1Nodes1000RoeDensity-eps-converted-to.pdf Test4CD2ROEvMUSCLvWENO3vWENO5CF
L1Nodes1000RoeDensity.eps>
(epstopdf)             \includegraphics on input line 1023.
Package epstopdf Info: Output file is already uptodate.
<Test4CD2ROEvMUSCLvWENO3vWENO5CFL1Nodes1000RoeDensity-eps-converted-to.pdf, id=
1233, 2421.045pt x 1363.0925pt>
File: Test4CD2ROEvMUSCLvWENO3vWENO5CFL1Nodes1000RoeDensity-eps-converted-to.pdf
 Graphic file (type pdf)
<use Test4CD2ROEvMUSCLvWENO3vWENO5CFL1Nodes1000RoeDensity-eps-converted-to.pdf>

Package pdftex.def Info: Test4CD2ROEvMUSCLvWENO3vWENO5CFL1Nodes1000RoeDensity-e
ps-converted-to.pdf  used on input line 1023.
(pdftex.def)             Requested size: 345.0pt x 194.2219pt.
Package epstopdf Info: Source file: <Test4CD2ROEvMUSCLvWENO3vWENO5CFL1Nodes1000
RoeVelocity.eps>
(epstopdf)                    date: 2021-04-29 13:07:38
(epstopdf)                    size: 148372 bytes
(epstopdf)             Output file: <Test4CD2ROEvMUSCLvWENO3vWENO5CFL1Nodes1000
RoeVelocity-eps-converted-to.pdf>
(epstopdf)                    date: 2021-04-29 13:13:05
(epstopdf)                    size: 40958 bytes
(epstopdf)             Command: <repstopdf --outfile=Test4CD2ROEvMUSCLvWENO3vWE
NO5CFL1Nodes1000RoeVelocity-eps-converted-to.pdf Test4CD2ROEvMUSCLvWENO3vWENO5C
FL1Nodes1000RoeVelocity.eps>
(epstopdf)             \includegraphics on input line 1029.
Package epstopdf Info: Output file is already uptodate.
<Test4CD2ROEvMUSCLvWENO3vWENO5CFL1Nodes1000RoeVelocity-eps-converted-to.pdf, id
=1234, 2440.11626pt x 1363.0925pt>
File: Test4CD2ROEvMUSCLvWENO3vWENO5CFL1Nodes1000RoeVelocity-eps-converted-to.pd
f Graphic file (type pdf)
<use Test4CD2ROEvMUSCLvWENO3vWENO5CFL1Nodes1000RoeVelocity-eps-converted-to.pdf
>
Package pdftex.def Info: Test4CD2ROEvMUSCLvWENO3vWENO5CFL1Nodes1000RoeVelocity-
eps-converted-to.pdf  used on input line 1029.
(pdftex.def)             Requested size: 345.0pt x 192.72437pt.
Package epstopdf Info: Source file: <Test4CD2ROEvMUSCLvWENO3vWENO5CFL1Nodes1000
RoePressure.eps>
(epstopdf)                    date: 2021-04-29 13:07:39
(epstopdf)                    size: 147112 bytes
(epstopdf)             Output file: <Test4CD2ROEvMUSCLvWENO3vWENO5CFL1Nodes1000
RoePressure-eps-converted-to.pdf>
(epstopdf)                    date: 2021-04-29 13:13:05
(epstopdf)                    size: 39664 bytes
(epstopdf)             Command: <repstopdf --outfile=Test4CD2ROEvMUSCLvWENO3vWE
NO5CFL1Nodes1000RoePressure-eps-converted-to.pdf Test4CD2ROEvMUSCLvWENO3vWENO5C
FL1Nodes1000RoePressure.eps>
(epstopdf)             \includegraphics on input line 1035.
Package epstopdf Info: Output file is already uptodate.
<Test4CD2ROEvMUSCLvWENO3vWENO5CFL1Nodes1000RoePressure-eps-converted-to.pdf, id
=1235, 2491.3075pt x 1347.0325pt>
File: Test4CD2ROEvMUSCLvWENO3vWENO5CFL1Nodes1000RoePressure-eps-converted-to.pd
f Graphic file (type pdf)
<use Test4CD2ROEvMUSCLvWENO3vWENO5CFL1Nodes1000RoePressure-eps-converted-to.pdf
>
Package pdftex.def Info: Test4CD2ROEvMUSCLvWENO3vWENO5CFL1Nodes1000RoePressure-
eps-converted-to.pdf  used on input line 1035.
(pdftex.def)             Requested size: 345.0pt x 186.52786pt.
Package epstopdf Info: Source file: <Test4CD2ROEvMUSCLvWENO3vWENO5CFL1Nodes1000
RoeInternalEnergy.eps>
(epstopdf)                    date: 2021-04-29 13:07:39
(epstopdf)                    size: 149015 bytes
(epstopdf)             Output file: <Test4CD2ROEvMUSCLvWENO3vWENO5CFL1Nodes1000
RoeInternalEnergy-eps-converted-to.pdf>
(epstopdf)                    date: 2021-04-29 13:13:05
(epstopdf)                    size: 40999 bytes
(epstopdf)             Command: <repstopdf --outfile=Test4CD2ROEvMUSCLvWENO3vWE
NO5CFL1Nodes1000RoeInternalEnergy-eps-converted-to.pdf Test4CD2ROEvMUSCLvWENO3v
WENO5CFL1Nodes1000RoeInternalEnergy.eps>
(epstopdf)             \includegraphics on input line 1041.
Package epstopdf Info: Output file is already uptodate.
<Test4CD2ROEvMUSCLvWENO3vWENO5CFL1Nodes1000RoeInternalEnergy-eps-converted-to.p
df, id=1236, 2455.1725pt x 1363.0925pt>
File: Test4CD2ROEvMUSCLvWENO3vWENO5CFL1Nodes1000RoeInternalEnergy-eps-converted
-to.pdf Graphic file (type pdf)
<use Test4CD2ROEvMUSCLvWENO3vWENO5CFL1Nodes1000RoeInternalEnergy-eps-converted-
to.pdf>
Package pdftex.def Info: Test4CD2ROEvMUSCLvWENO3vWENO5CFL1Nodes1000RoeInternalE
nergy-eps-converted-to.pdf  used on input line 1041.
(pdftex.def)             Requested size: 345.0pt x 191.53882pt.
Package epstopdf Info: Source file: <Test4CD4ROEvMUSCLvWENO3vWENO5CFL1Nodes1000
RoeDensity.eps>
(epstopdf)                    date: 2021-04-29 13:09:11
(epstopdf)                    size: 149651 bytes
(epstopdf)             Output file: <Test4CD4ROEvMUSCLvWENO3vWENO5CFL1Nodes1000
RoeDensity-eps-converted-to.pdf>
(epstopdf)                    date: 2021-04-29 13:13:06
(epstopdf)                    size: 39062 bytes
(epstopdf)             Command: <repstopdf --outfile=Test4CD4ROEvMUSCLvWENO3vWE
NO5CFL1Nodes1000RoeDensity-eps-converted-to.pdf Test4CD4ROEvMUSCLvWENO3vWENO5CF
L1Nodes1000RoeDensity.eps>
(epstopdf)             \includegraphics on input line 1046.
Package epstopdf Info: Output file is already uptodate.
<Test4CD4ROEvMUSCLvWENO3vWENO5CFL1Nodes1000RoeDensity-eps-converted-to.pdf, id=
1237, 2421.045pt x 1363.0925pt>
File: Test4CD4ROEvMUSCLvWENO3vWENO5CFL1Nodes1000RoeDensity-eps-converted-to.pdf
 Graphic file (type pdf)
<use Test4CD4ROEvMUSCLvWENO3vWENO5CFL1Nodes1000RoeDensity-eps-converted-to.pdf>

Package pdftex.def Info: Test4CD4ROEvMUSCLvWENO3vWENO5CFL1Nodes1000RoeDensity-e
ps-converted-to.pdf  used on input line 1046.
(pdftex.def)             Requested size: 345.0pt x 194.2219pt.
Package epstopdf Info: Source file: <Test4CD4ROEvMUSCLvWENO3vWENO5CFL1Nodes1000
RoeVelocity.eps>
(epstopdf)                    date: 2021-04-29 13:09:12
(epstopdf)                    size: 146971 bytes
(epstopdf)             Output file: <Test4CD4ROEvMUSCLvWENO3vWENO5CFL1Nodes1000
RoeVelocity-eps-converted-to.pdf>
(epstopdf)                    date: 2021-04-29 13:13:06
(epstopdf)                    size: 39234 bytes
(epstopdf)             Command: <repstopdf --outfile=Test4CD4ROEvMUSCLvWENO3vWE
NO5CFL1Nodes1000RoeVelocity-eps-converted-to.pdf Test4CD4ROEvMUSCLvWENO3vWENO5C
FL1Nodes1000RoeVelocity.eps>
(epstopdf)             \includegraphics on input line 1052.
Package epstopdf Info: Output file is already uptodate.
<Test4CD4ROEvMUSCLvWENO3vWENO5CFL1Nodes1000RoeVelocity-eps-converted-to.pdf, id
=1238, 2440.11626pt x 1363.0925pt>
File: Test4CD4ROEvMUSCLvWENO3vWENO5CFL1Nodes1000RoeVelocity-eps-converted-to.pd
f Graphic file (type pdf)
<use Test4CD4ROEvMUSCLvWENO3vWENO5CFL1Nodes1000RoeVelocity-eps-converted-to.pdf
>
Package pdftex.def Info: Test4CD4ROEvMUSCLvWENO3vWENO5CFL1Nodes1000RoeVelocity-
eps-converted-to.pdf  used on input line 1052.
(pdftex.def)             Requested size: 345.0pt x 192.72437pt.
Package epstopdf Info: Source file: <Test4CD4ROEvMUSCLvWENO3vWENO5CFL1Nodes1000
RoePressure.eps>
(epstopdf)                    date: 2021-04-29 13:09:13
(epstopdf)                    size: 149554 bytes
(epstopdf)             Output file: <Test4CD4ROEvMUSCLvWENO3vWENO5CFL1Nodes1000
RoePressure-eps-converted-to.pdf>
(epstopdf)                    date: 2021-04-29 13:13:06
(epstopdf)                    size: 38018 bytes
(epstopdf)             Command: <repstopdf --outfile=Test4CD4ROEvMUSCLvWENO3vWE
NO5CFL1Nodes1000RoePressure-eps-converted-to.pdf Test4CD4ROEvMUSCLvWENO3vWENO5C
FL1Nodes1000RoePressure.eps>
(epstopdf)             \includegraphics on input line 1058.
Package epstopdf Info: Output file is already uptodate.
<Test4CD4ROEvMUSCLvWENO3vWENO5CFL1Nodes1000RoePressure-eps-converted-to.pdf, id
=1239, 2491.3075pt x 1347.0325pt>
File: Test4CD4ROEvMUSCLvWENO3vWENO5CFL1Nodes1000RoePressure-eps-converted-to.pd
f Graphic file (type pdf)
<use Test4CD4ROEvMUSCLvWENO3vWENO5CFL1Nodes1000RoePressure-eps-converted-to.pdf
>
Package pdftex.def Info: Test4CD4ROEvMUSCLvWENO3vWENO5CFL1Nodes1000RoePressure-
eps-converted-to.pdf  used on input line 1058.
(pdftex.def)             Requested size: 345.0pt x 186.52786pt.
Package epstopdf Info: Source file: <Test4CD4ROEvMUSCLvWENO3vWENO5CFL1Nodes1000
RoeInternalEnergy.eps>
(epstopdf)                    date: 2021-04-29 13:09:14
(epstopdf)                    size: 146934 bytes
(epstopdf)             Output file: <Test4CD4ROEvMUSCLvWENO3vWENO5CFL1Nodes1000
RoeInternalEnergy-eps-converted-to.pdf>
(epstopdf)                    date: 2021-04-29 13:13:07
(epstopdf)                    size: 39308 bytes
(epstopdf)             Command: <repstopdf --outfile=Test4CD4ROEvMUSCLvWENO3vWE
NO5CFL1Nodes1000RoeInternalEnergy-eps-converted-to.pdf Test4CD4ROEvMUSCLvWENO3v
WENO5CFL1Nodes1000RoeInternalEnergy.eps>
(epstopdf)             \includegraphics on input line 1064.
Package epstopdf Info: Output file is already uptodate.
<Test4CD4ROEvMUSCLvWENO3vWENO5CFL1Nodes1000RoeInternalEnergy-eps-converted-to.p
df, id=1240, 2455.1725pt x 1347.0325pt>
File: Test4CD4ROEvMUSCLvWENO3vWENO5CFL1Nodes1000RoeInternalEnergy-eps-converted
-to.pdf Graphic file (type pdf)
<use Test4CD4ROEvMUSCLvWENO3vWENO5CFL1Nodes1000RoeInternalEnergy-eps-converted-
to.pdf>
Package pdftex.def Info: Test4CD4ROEvMUSCLvWENO3vWENO5CFL1Nodes1000RoeInternalE
nergy-eps-converted-to.pdf  used on input line 1064.
(pdftex.def)             Requested size: 345.0pt x 189.2821pt.
Package epstopdf Info: Source file: <Test4CD6ROEvMUSCLvWENO3vWENO5CFL1Nodes1000
RoeDensity.eps>
(epstopdf)                    date: 2021-04-29 13:10:42
(epstopdf)                    size: 152014 bytes
(epstopdf)             Output file: <Test4CD6ROEvMUSCLvWENO3vWENO5CFL1Nodes1000
RoeDensity-eps-converted-to.pdf>
(epstopdf)                    date: 2021-04-29 13:13:07
(epstopdf)                    size: 41920 bytes
(epstopdf)             Command: <repstopdf --outfile=Test4CD6ROEvMUSCLvWENO3vWE
NO5CFL1Nodes1000RoeDensity-eps-converted-to.pdf Test4CD6ROEvMUSCLvWENO3vWENO5CF
L1Nodes1000RoeDensity.eps>
(epstopdf)             \includegraphics on input line 1069.
Package epstopdf Info: Output file is already uptodate.
<Test4CD6ROEvMUSCLvWENO3vWENO5CFL1Nodes1000RoeDensity-eps-converted-to.pdf, id=
1241, 2421.045pt x 1363.0925pt>
File: Test4CD6ROEvMUSCLvWENO3vWENO5CFL1Nodes1000RoeDensity-eps-converted-to.pdf
 Graphic file (type pdf)
<use Test4CD6ROEvMUSCLvWENO3vWENO5CFL1Nodes1000RoeDensity-eps-converted-to.pdf>

Package pdftex.def Info: Test4CD6ROEvMUSCLvWENO3vWENO5CFL1Nodes1000RoeDensity-e
ps-converted-to.pdf  used on input line 1069.
(pdftex.def)             Requested size: 345.0pt x 194.2219pt.
Package epstopdf Info: Source file: <Test4CD6ROEvMUSCLvWENO3vWENO5CFL1Nodes1000
RoeVelocity.eps>
(epstopdf)                    date: 2021-04-29 13:10:43
(epstopdf)                    size: 149361 bytes
(epstopdf)             Output file: <Test4CD6ROEvMUSCLvWENO3vWENO5CFL1Nodes1000
RoeVelocity-eps-converted-to.pdf>
(epstopdf)                    date: 2021-04-29 13:13:07
(epstopdf)                    size: 42273 bytes
(epstopdf)             Command: <repstopdf --outfile=Test4CD6ROEvMUSCLvWENO3vWE
NO5CFL1Nodes1000RoeVelocity-eps-converted-to.pdf Test4CD6ROEvMUSCLvWENO3vWENO5C
FL1Nodes1000RoeVelocity.eps>
(epstopdf)             \includegraphics on input line 1075.
Package epstopdf Info: Output file is already uptodate.
<Test4CD6ROEvMUSCLvWENO3vWENO5CFL1Nodes1000RoeVelocity-eps-converted-to.pdf, id
=1242, 2440.11626pt x 1363.0925pt>
File: Test4CD6ROEvMUSCLvWENO3vWENO5CFL1Nodes1000RoeVelocity-eps-converted-to.pd
f Graphic file (type pdf)
<use Test4CD6ROEvMUSCLvWENO3vWENO5CFL1Nodes1000RoeVelocity-eps-converted-to.pdf
>
Package pdftex.def Info: Test4CD6ROEvMUSCLvWENO3vWENO5CFL1Nodes1000RoeVelocity-
eps-converted-to.pdf  used on input line 1075.
(pdftex.def)             Requested size: 345.0pt x 192.72437pt.
Package epstopdf Info: Source file: <Test4CD6ROEvMUSCLvWENO3vWENO5CFL1Nodes1000
RoePressure.eps>
(epstopdf)                    date: 2021-04-29 13:10:44
(epstopdf)                    size: 151903 bytes
(epstopdf)             Output file: <Test4CD6ROEvMUSCLvWENO3vWENO5CFL1Nodes1000
RoePressure-eps-converted-to.pdf>
(epstopdf)                    date: 2021-04-29 13:13:07
(epstopdf)                    size: 40857 bytes
(epstopdf)             Command: <repstopdf --outfile=Test4CD6ROEvMUSCLvWENO3vWE
NO5CFL1Nodes1000RoePressure-eps-converted-to.pdf Test4CD6ROEvMUSCLvWENO3vWENO5C
FL1Nodes1000RoePressure.eps>
(epstopdf)             \includegraphics on input line 1081.
Package epstopdf Info: Output file is already uptodate.
<Test4CD6ROEvMUSCLvWENO3vWENO5CFL1Nodes1000RoePressure-eps-converted-to.pdf, id
=1243, 2491.3075pt x 1347.0325pt>
File: Test4CD6ROEvMUSCLvWENO3vWENO5CFL1Nodes1000RoePressure-eps-converted-to.pd
f Graphic file (type pdf)
<use Test4CD6ROEvMUSCLvWENO3vWENO5CFL1Nodes1000RoePressure-eps-converted-to.pdf
>
Package pdftex.def Info: Test4CD6ROEvMUSCLvWENO3vWENO5CFL1Nodes1000RoePressure-
eps-converted-to.pdf  used on input line 1081.
(pdftex.def)             Requested size: 345.0pt x 186.52786pt.
Package epstopdf Info: Source file: <Test4CD6ROEvMUSCLvWENO3vWENO5CFL1Nodes1000
RoeInternalEnergy.eps>
(epstopdf)                    date: 2021-04-29 13:10:44
(epstopdf)                    size: 149289 bytes
(epstopdf)             Output file: <Test4CD6ROEvMUSCLvWENO3vWENO5CFL1Nodes1000
RoeInternalEnergy-eps-converted-to.pdf>
(epstopdf)                    date: 2021-04-29 13:13:08
(epstopdf)                    size: 42332 bytes
(epstopdf)             Command: <repstopdf --outfile=Test4CD6ROEvMUSCLvWENO3vWE
NO5CFL1Nodes1000RoeInternalEnergy-eps-converted-to.pdf Test4CD6ROEvMUSCLvWENO3v
WENO5CFL1Nodes1000RoeInternalEnergy.eps>
(epstopdf)             \includegraphics on input line 1087.
Package epstopdf Info: Output file is already uptodate.
<Test4CD6ROEvMUSCLvWENO3vWENO5CFL1Nodes1000RoeInternalEnergy-eps-converted-to.p
df, id=1244, 2455.1725pt x 1347.0325pt>
File: Test4CD6ROEvMUSCLvWENO3vWENO5CFL1Nodes1000RoeInternalEnergy-eps-converted
-to.pdf Graphic file (type pdf)
<use Test4CD6ROEvMUSCLvWENO3vWENO5CFL1Nodes1000RoeInternalEnergy-eps-converted-
to.pdf>
Package pdftex.def Info: Test4CD6ROEvMUSCLvWENO3vWENO5CFL1Nodes1000RoeInternalE
nergy-eps-converted-to.pdf  used on input line 1087.
(pdftex.def)             Requested size: 345.0pt x 189.2821pt.
 [82 <./Test4ROEvMUSCLvWENO3vWENO5CFL1Nodes1000RoeVelocity-eps-converted-to.pdf
>] [83 <./Test4ROEvMUSCLvWENO3vWENO5CFL1Nodes1000RoePressure-eps-converted-to.p
df> <./Test4ROEvMUSCLvWENO3vWENO5CFL1Nodes1000RoeInternalEnergy-eps-converted-t
o.pdf>] [84 <./Test4CD2ROEvMUSCLvWENO3vWENO5CFL1Nodes1000RoeDensity-eps-convert
ed-to.pdf> <./Test4CD2ROEvMUSCLvWENO3vWENO5CFL1Nodes1000RoeVelocity-eps-convert
ed-to.pdf>] [85 <./Test4CD2ROEvMUSCLvWENO3vWENO5CFL1Nodes1000RoePressure-eps-co
nverted-to.pdf> <./Test4CD2ROEvMUSCLvWENO3vWENO5CFL1Nodes1000RoeInternalEnergy-
eps-converted-to.pdf>]
[86 <./Test4CD4ROEvMUSCLvWENO3vWENO5CFL1Nodes1000RoeDensity-eps-converted-to.pd
f> <./Test4CD4ROEvMUSCLvWENO3vWENO5CFL1Nodes1000RoeVelocity-eps-converted-to.pd
f>] [87 <./Test4CD4ROEvMUSCLvWENO3vWENO5CFL1Nodes1000RoePressure-eps-converted-
to.pdf> <./Test4CD4ROEvMUSCLvWENO3vWENO5CFL1Nodes1000RoeInternalEnergy-eps-conv
erted-to.pdf>] [88 <./Test4CD6ROEvMUSCLvWENO3vWENO5CFL1Nodes1000RoeDensity-eps-
converted-to.pdf> <./Test4CD6ROEvMUSCLvWENO3vWENO5CFL1Nodes1000RoeVelocity-eps-
converted-to.pdf>] [89 <./Test4CD6ROEvMUSCLvWENO3vWENO5CFL1Nodes1000RoePressure
-eps-converted-to.pdf> <./Test4CD6ROEvMUSCLvWENO3vWENO5CFL1Nodes1000RoeInternal
Energy-eps-converted-to.pdf>] (./document.aux)

LaTeX Warning: There were multiply-defined labels.

 ) 
Here is how much of TeX's memory you used:
 4531 strings out of 483183
 225910 string characters out of 5966291
 257068 words of memory out of 5000000
 19578 multiletter control sequences out of 15000+600000
 532943 words of font info for 26 fonts, out of 8000000 for 9000
 14 hyphenation exceptions out of 8191
 30i,5n,25p,207b,213s stack positions out of 5000i,500n,10000p,200000b,80000s
</usr/share/texlive/texmf-dist/fonts/type1/public/amsfonts/cm/cmbx12.pfb></us
r/share/texlive/texmf-dist/fonts/type1/public/amsfonts/cm/cmmi10.pfb></usr/shar
e/texlive/texmf-dist/fonts/type1/public/amsfonts/cm/cmr10.pfb>
Output written on document.pdf (89 pages, 6352250 bytes).
PDF statistics:
 1361 PDF objects out of 1440 (max. 8388607)
 907 compressed objects within 10 object streams
 0 named destinations out of 1000 (max. 500000)
 876 words of extra memory for PDF output out of 10000 (max. 10000000)

